name,RA,DEC,pmax,S,Priority,z,zType,zSource,zCluster,zCluster_err,zCluster_delta,zZazn,zZazn_err,zZazn_sig1,zZazn_sig2,M500,mSource
ComPACT_G227.065+37.945,142.56667,6.25833,0.9999589920043944,47,1,1.295,phot,ACTDR5,1.22,0.2213337098447587,7.681737261596606,,,,,6.27306442740827,ACTDR6
ComPACT_G241.788-24.030,91.45,-35.30833,0.9968165755271912,80,1,0.139,spec,PSZ2,0.49,0.1485528052561669,5.837211425771,0.1536,0.0372401018137324,0.999,0.86,5.590000152587891,PSZ2
ComPACT_G311.472+70.952,195.66667,8.26667,0.906767725944519,66,1,0.092,phot,CODEX,0.65,0.1645047843440774,1.074875058386887,,,,,1.086184405381906,yplanck
ComPACT_G229.021-30.733,80.11667,-26.425,0.9951868653297424,36,1,0.279,phot,PSZ-MCMF,0.27,0.1266188340102899,10.18950707438248,0.2831,0.0414205744081138,0.998,0.983,5.268581297359459,PSZ-MCMF
ComPACT_G204.571-74.856,29.29167,-23.975,0.8661168217658997,37,1,0.202,phot,PSZ-MCMF,0.19,0.1186428444663346,1.2859450843031015,0.2095,0.0390446455822724,0.999,0.957,3.368485362475785,PSZ-MCMF
ComPACT_G256.842-46.030,62.775,-49.175,0.9881023168563844,47,1,0.323,phot,ACTDR6,0.33,0.1326008261682564,7.025146239949349,0.332,0.0429991466850655,1.0,0.997,2.599809307044158,ACTDR6
ComPACT_G207.930-36.469,67.85833,-12.04167,0.997484803199768,36,1,0.741,phot,ACTDR6,0.7000000000000001,0.1694897778090495,3.0824141357515904,0.7158,0.055388840752429,1.0,0.996,7.353373889555423,ACTDR6
ComPACT_G234.055-30.755,81.475,-30.58333,0.9978705644607544,49,1,0.199,spec,SPTECS,0.18,0.1176458457733402,5.121225093833154,0.2062,0.0389381161648094,0.999,0.986,4.309999942779541,PSZ2
ComPACT_G185.202-53.643,44.775,-6.99167,0.9996886253356934,72,1,0.421,spec,ACT-MCMF,0.42,0.141573814405206,17.933507737928736,0.4252,0.0460077956873539,1.0,0.994,6.340000152587891,PSZ2
ComPACT_G49.811-25.198,312.8,2.275,0.9980303645133972,53,1,0.321,spec,ACTDR6,0.34,0.1335978248612508,8.315412381095946,0.3273,0.0428474229692849,0.997,0.943,6.389999866485596,PSZ2
ComPACT_G229.131+31.763,138.09167,1.65833,0.978501796722412,34,1,,,,0.63,0.1625107869580886,2.396432185651095,,,,,,
ComPACT_G357.435+69.490,209.975,14.24167,0.9998072981834412,80,1,0.212,spec,ACTDR6,0.21,0.1206368418523234,4.070943561140868,0.2211,0.0394191126254756,0.998,0.964,5.659999847412109,PSZ2
ComPACT_G182.442-28.290,63.35833,10.45833,0.997960329055786,91,1,0.086,spec,RASS-MCMF,,,,,,,,6.949999809265137,PSZ2
ComPACT_G48.279-51.618,335.08333,-12.19167,0.99977046251297,70,1,0.53,spec,PSZ2,0.56,0.1555317961071278,5.364968229919263,0.543,0.0498105730743665,1.0,0.996,7.269999980926514,PSZ2
ComPACT_G222.879+66.021,167.51667,20.74167,0.8599751591682434,23,3,0.134,spec,REDMAPPER-DES-SDSS,0.12,0.1116638536153738,0.2185249388884935,0.1341,0.0366106098014511,0.987,0.967,0.77991812,GALWEIGHT
ComPACT_G159.935-38.778,42.00833,15.575,0.990841507911682,36,1,,,,0.73,0.1724807738880327,1.4544956317182782,,,,,,
ComPACT_G216.038+28.523,129.84167,10.1,0.9723842144012452,25,3,0.31,spec,ACT-MCMF,0.31,0.1306068287822676,7.017563884405307,0.3057,0.0421501395095271,0.996,0.985,3.200740941471535,ACTDR6
ComPACT_G230.318+25.796,133.55,-2.35,0.9998565912246704,70,1,0.368,spec,ACTDR5,0.38,0.1375858196332284,13.46359865352697,0.3751,0.0443904854404156,0.998,0.969,4.413310428721062,ACTDR6
ComPACT_G101.102-80.807,9.26667,-18.55,0.9829913973808287,28,2,0.96,phot,zCluster,0.96,0.1954117438269041,6.149781428689789,,,,,,
ComPACT_G13.231+39.812,239.29167,3.525,0.9367323517799376,28,2,,,,0.31,0.1306068287822676,2.675868939420512,,,,,,
ComPACT_G250.880-36.264,77.575,-45.31667,0.9941229224205016,62,1,0.2,spec,ACT-MCMF,0.21,0.1206368418523234,6.416410012311149,0.221,0.0394158844613101,0.999,0.986,5.739999771118164,PSZ2
ComPACT_G225.970-26.295,83.78333,-22.45833,0.9364517331123352,64,1,,,,0.15,0.114654849694357,0.2685445531834085,,,,,,
ComPACT_G337.153-26.008,288.66667,-59.46667,0.9931252002716064,76,1,0.264,spec,ACTDR5,,,,,,,,6.579999923706055,PSZ2
ComPACT_G229.685-20.067,91.425,-23.41667,0.9753329753875732,26,2,,,,,,,,,,,,
ComPACT_G87.026-81.424,7.51667,-20.08333,0.9839888215065002,41,1,0.247,phot,ACTDR6,0.21,0.1206368418523234,7.900586567483526,,,,,4.309999942779541,PSZ2
ComPACT_G200.216-26.844,73.40833,-1.78333,0.9611364006996156,31,1,,,,0.42,0.141573814405206,0.617272496130626,,,,,,
ComPACT_G356.246-31.348,301.45,-43.73333,0.9084182977676392,43,1,0.255,phot,ACT-MCMF,,,,,,,,3.7779632217278136,ACTDR6
ComPACT_G238.913-36.839,75.40833,-35.83333,0.8707482814788818,26,2,0.187,phot,PSZ-MCMF,0.17,0.1166488470803458,3.4629502057594914,0.1996,0.0387250573298834,0.999,0.956,3.7406028721093953,PSZ-MCMF
ComPACT_G21.044-29.037,305.1,-22.43333,0.9997279047966005,71,1,0.3,spec,LP15,,,,,,,,4.909999847412109,PSZ2
ComPACT_G19.551+20.326,258.75833,-1.99167,0.9855948686599731,25,3,,,,,,,,,,,,
ComPACT_G313.644+68.072,196.85833,5.53333,0.9837130308151244,33,1,,,,0.19,0.1186428444663346,0.4543969804584018,,,,,,
ComPACT_G145.082-80.903,16.46667,-18.65833,0.9989895224571228,50,1,0.919,phot,ACTDR6,0.8400000000000001,0.1834477595109712,13.04697579098043,,,,,6.202723773801285,PSZ-MCMF
ComPACT_G277.743-51.745,43.58333,-58.95,0.9982762336730956,87,1,0.438,spec,ACT-MCMF,0.42,0.141573814405206,13.5051060280896,0.4254,0.046014252015685,1.0,0.998,9.6899995803833,PSZ2
ComPACT_G40.813-60.650,341.80833,-19.73333,0.9659994840621948,40,1,,,,,,,,,,,,
ComPACT_G0.561-47.455,323.525,-41.15833,0.9977133274078368,51,1,0.717,phot,ACT-MCMF,0.68,0.1674957804230607,12.44637639671098,0.7133,0.0553081366482904,0.992,0.974,3.683564,PSZSPT
ComPACT_G44.605-20.478,306.3,0.525,0.9988069534301758,63,1,0.3,phot,ACTDR5,,,,,,,,5.650000095367432,PSZ2
ComPACT_G61.476-54.126,341.625,-6.90833,0.9966088533401488,41,1,0.6,spec,ACTDR6,0.6,0.1595197908791054,11.490495320100464,0.6277,0.0525448281225835,1.0,0.984,5.948088720445767,ACTDR6
ComPACT_G53.801-63.031,346.80833,-15.225,0.9908531308174132,40,1,0.11,spec,RASS-MCMF,0.15,0.114654849694357,0.9413057111632264,0.1146,0.0359811177891697,0.997,0.946,3.674993080056492,ACTDR6
ComPACT_G80.391-33.241,336.525,17.36667,0.9973838925361632,65,1,0.108,spec,ACTDR5,0.15,0.114654849694357,1.263906564076752,0.1086,0.035787427939237,1.0,0.973,3.7699999809265137,PSZ2
ComPACT_G47.358-34.187,319.41667,-4.175,0.8627594709396362,22,3,,,,0.65,0.1645047843440774,1.4681273033394948,,,,,,
ComPACT_G73.874-40.246,337.18333,8.65833,0.9980600476264954,47,1,0.405,spec,ACTDR5,0.42,0.141573814405206,11.657124618185476,0.4119,0.0455784498533364,1.0,0.998,6.089455454099879,ACTDR6
ComPACT_G258.685+64.451,175.175,7.84167,0.9816583395004272,55,1,,,,0.19,0.1186428444663346,0.5275733517507757,,,,,,
ComPACT_G305.275-71.993,11.83333,-45.11667,0.99689781665802,78,1,0.439,phot,ACT-MCMF,0.43,0.1425708130982004,14.66319462838272,0.4447,0.0466372876996353,1.0,0.995,5.629153824011672,PSZ-MCMF
ComPACT_G241.220-33.036,80.475,-37.025,0.9006138443946838,28,2,,,,0.25,0.1246248366243011,0.6914331675680445,,,,,,
ComPACT_G20.671+47.498,235.31667,12.03333,0.9419212937355042,25,3,,,,0.2,0.119639843159329,0.6960986287183446,,,,,,
ComPACT_G250.722-30.347,85.85833,-44.50833,0.9901662468910216,27,2,0.164,spec,ACTDR6,0.16,0.1156518483873514,1.3730278552906316,0.1782,0.0380342301984566,0.995,0.958,2.821547045709135,PSZ-MCMF
ComPACT_G68.905-22.885,321.35,17.71667,0.9877532124519348,47,1,0.216,spec,ACTDR6,0.23,0.1226308392383123,2.633764607151353,0.2222,0.0394546224312966,0.996,0.864,5.10941098158744,ACTDR6
ComPACT_G104.871-47.311,0.35833,13.8,0.9306561350822448,32,1,,,,0.15,0.114654849694357,0.1636773875476096,,,,,,
ComPACT_G180.136-21.769,67.23333,16.175,0.948439598083496,24,3,,,,,,,,,,,,
ComPACT_G350.203+68.746,208.65,11.89167,0.999672532081604,74,1,0.63,spec,ACTDR5,0.59,0.158522792186111,5.508689423298909,0.6224,0.0523737354218096,0.999,0.996,5.604990198616287,ACTDR6
ComPACT_G165.574-54.265,36.16667,0.7,0.9614413976669312,33,1,0.586,spec,ACTDR6,0.56,0.1555317961071278,1.1768496825650838,0.5819,0.0510663289347637,0.987,0.936,2.539454723185103,ACTDR6
ComPACT_G237.293-62.219,44.10833,-35.06667,0.9957780838012696,44,1,0.746,phot,ACT-MCMF,0.6900000000000001,0.1684927791160551,1.727116362302251,,,,,4.689938164586282,ACTDR6
ComPACT_G247.244+62.573,170.13333,10.0,0.8641881942749023,22,3,,,,0.2,0.119639843159329,0.3357859171819946,,,,,,
ComPACT_G165.682-55.797,35.29167,-0.55833,0.9817618131637572,35,1,0.8,phot,MaDCoWS_II,0.16,0.1156518483873514,0.2392489603208216,,,,,6.194541900817355,yact
ComPACT_G252.082-70.797,31.74167,-37.98333,0.9983329176902772,41,1,0.459,phot,RASS-MCMF,0.45,0.1445648104841893,15.994655860550946,0.4613,0.0471731629511158,0.997,0.967,4.621165748847295,PSZ-MCMF
ComPACT_G284.498+72.002,187.16667,9.95,0.9987388253211976,49,1,0.947,phot,ACTDR6,0.62,0.1615137882650942,1.7245877721964105,,,,,3.370953604869888,ACTDR6
ComPACT_G150.914-38.223,35.89167,19.59167,0.981714367866516,45,1,,,,0.65,0.1645047843440774,2.004078402540535,,,,,,
ComPACT_G52.058-48.305,333.41667,-8.425,0.9996424913406372,57,1,0.718,spec,ACTDR6,0.65,0.1645047843440774,5.726569897190646,0.7148,0.0553565591107736,1.0,0.996,9.179019228414404,ACTDR6
ComPACT_G286.502+71.951,187.75833,9.73333,0.9991301894187928,50,1,0.596,spec,RASS-MCMF,0.6,0.1595197908791054,8.36453484141876,0.5681,0.0506208422799184,0.998,0.96,6.035011024807171,ACTDR6
ComPACT_G107.703-58.329,4.91667,3.6,0.9999328851699828,82,1,0.269,spec,REDMAPPER-DES-SDSS,0.28,0.1276158327032843,14.095840262647112,0.2738,0.0411203551407181,0.998,0.983,6.21999979019165,PSZ2
ComPACT_G31.179-64.851,344.88333,-25.10833,0.9910043478012084,48,1,0.428,phot,ACTDR5,,,,,,,,5.310407,ComPRASS
ComPACT_G159.904-73.512,22.975,-13.61667,0.9977241158485411,90,1,0.206,spec,ACTDR5,0.19,0.1186428444663346,5.735545654154882,0.2196,0.0393706901629924,1.0,0.996,8.460000038146973,PSZ2
ComPACT_G254.674-45.240,64.34167,-47.81667,0.9996250867843628,64,1,0.579,spec,ACT-MCMF,0.56,0.1555317961071278,4.930733125632473,0.5741,0.0508145321298511,1.0,0.997,4.809999942779541,PSZ2
ComPACT_G352.063-24.017,290.25833,-45.85,0.9988036155700684,55,1,0.798,spec,ACTDR6,,,,,,,,6.579999923706055,PSZ2
ComPACT_G89.982-43.946,349.18333,12.78333,0.9998844861984252,68,1,0.521,spec,ACTDR6,0.52,0.1515438013351501,14.82563131591562,0.5316,0.0494425623594943,1.0,0.995,6.329999923706055,PSZ2
ComPACT_G212.441-33.983,71.73333,-14.39167,0.9721046686172484,21,3,0.397,phot,RASS-MCMF,,,,,,,,4.689938164586282,ACTDR6
ComPACT_G70.981-31.365,329.14167,13.35833,0.9049074649810792,31,1,,,,0.5800000000000001,0.1575257934931166,0.8141719347664866,,,,,,
ComPACT_G69.830-34.198,330.55,10.7,0.9983077049255372,47,1,0.362,spec,ACT-MCMF,0.37,0.136588820940234,21.553778936398384,0.3899,0.0448682537369164,0.991,0.979,4.748498,ComPRASS
ComPACT_G225.922-19.998,90.05833,-20.11667,0.999969482421875,57,1,0.46,phot,ACTDR5,,,,,,,,10.729999542236328,PSZ2
ComPACT_G252.962-41.358,70.23333,-46.96667,0.9968157410621644,44,1,0.308,phot,SPT2500D,0.31,0.1306068287822676,7.82295818130641,0.3318,0.0429926903567344,1.0,0.99,4.320000171661377,PSZ2
ComPACT_G6.779+39.597,236.625,-0.66667,0.9041104316711426,39,1,0.432,spec,REDMAPPER-DES-SDSS,0.75,0.1744747712740215,4.40115093733538,,,,,3.594461253909225,yplanck
ComPACT_G226.190-56.796,50.65,-29.55833,0.9585121870040894,34,1,,,,0.11,0.1106668549223794,0.1064710675989115,,,,,,
ComPACT_G148.161-38.452,33.70833,20.3,0.983125627040863,22,3,,,,0.21,0.1206368418523234,0.3908478629196137,,,,,,
ComPACT_G72.656-68.144,355.825,-12.20833,0.984979808330536,21,3,,,,0.63,0.1625107869580886,1.5880952727032027,,,,,,
ComPACT_G226.727+48.949,152.2,11.8,0.9998594522476196,68,1,0.26,spec,ACT-MCMF,,,,,,,,4.849999904632568,PSZ2
ComPACT_G3.929-59.418,338.61667,-37.74167,0.9993150234222412,97,1,0.153,spec,ACT-MCMF,,,,,,,,7.190000057220459,PSZ2
ComPACT_G2.826+39.204,235.04167,-3.30833,0.9986051917076112,67,1,0.153,spec,ACT-MCMF,,,,,,,,5.739999771118164,PSZ2
ComPACT_G32.313+37.034,248.78333,15.48333,0.9998660087585448,77,1,0.474,spec,ACTDR5,0.47,0.1465588078701781,4.9746681177909045,0.4798,0.0477703733217417,1.0,0.997,4.946578,ComPRASS
ComPACT_G115.110-73.795,10.64167,-11.05833,0.9991525411605836,52,1,0.578,phot,ACT-MCMF,0.52,0.1515438013351501,4.761900178061403,0.5765,0.0508920080698242,1.0,0.993,6.44912,ComPRASS
ComPACT_G203.740+22.002,119.05833,17.61667,0.9590837955474854,54,1,,,,0.18,0.1176458457733402,0.796118605780052,,,,,,
ComPACT_G240.354-44.219,66.39167,-37.71667,0.999122679233551,70,1,0.316,phot,ACT-MCMF,0.33,0.1326008261682564,10.1828931272258,0.3362,0.0431347295800185,1.0,0.992,5.157261031773148,PSZ-MCMF
ComPACT_G50.468-55.557,339.25833,-12.96667,0.99503493309021,55,1,0.528,phot,ACT-MCMF,0.52,0.1515438013351501,9.841573925557883,0.528,0.0493263484495347,1.0,0.998,5.754081350495468,ACTDR6
ComPACT_G349.299+69.600,207.825,12.31667,0.9970478415489196,51,1,0.373,spec,REDMAPPER-DES-SDSS,0.37,0.136588820940234,11.306128520856788,0.3825,0.044629369588666,0.993,0.982,2.5962196589983773,ACTDR6
ComPACT_G155.506-60.182,28.39167,-1.3,0.9947230815887452,66,1,0.243,spec,RASS-MCMF,0.23,0.1226308392383123,7.16326769008907,0.25,0.0403520520693183,0.998,0.989,4.260000228881836,PSZ2
ComPACT_G124.096-54.107,13.55,8.75833,0.9901031255722046,32,1,0.507,spec,ACT-MCMF,0.51,0.1505468026421557,10.636820503455947,0.5153,0.0489163716005104,1.0,0.997,4.508846045098857,ACTDR6
ComPACT_G236.065-22.767,90.925,-29.925,0.9347137212753296,22,3,0.553,phot,ACT-MCMF,0.51,0.1505468026421557,4.6138487483232735,0.5467,0.0499300151484917,1.0,0.992,5.321972269016203,ACTDR6
ComPACT_G48.862-20.396,308.23333,4.01667,0.9899251461029052,24,3,,,,0.5800000000000001,0.1575257934931166,0.4770646742436972,,,,,,
ComPACT_G7.453+58.579,221.5,10.925,0.996994137763977,57,1,0.168,spec,ACT-MCMF,0.16,0.1156518483873514,3.4611761967980907,0.1675,0.0376888166327433,0.994,0.834,4.231191156111119,ACTDR6
ComPACT_G249.315+59.400,168.46667,7.10833,0.8757745027542114,32,1,,,,0.5,0.1495498039491613,0.9350263927400244,,,,,,
ComPACT_G258.562-22.629,99.175,-49.7,0.9970130920410156,45,1,0.328,phot,ACT-MCMF,,,,,,,,3.738821,PSZSPT
ComPACT_G254.922+55.888,168.2,2.5,0.9981980919837952,56,1,0.265,spec,RASS-MCMF,0.27,0.1266188340102899,14.343408899535548,0.0785,0.0348157505254078,0.982,0.855,2.319999933242798,PSZ2
ComPACT_G18.547-25.707,300.88333,-23.39167,0.9987493753433228,85,1,0.317,spec,PSZ1,,,,,,,,8.989999771118164,PSZ2
ComPACT_G270.915-58.795,38.95,-51.35,0.9960232973098756,77,1,0.278,spec,SPT2500D,0.27,0.1266188340102899,10.997166685850154,0.2945,0.041788585122986,0.999,0.992,5.949999809265137,PSZ2
ComPACT_G86.787-61.180,356.31667,-3.04167,0.999496340751648,66,1,0.319,spec,ACTDR6,0.33,0.1326008261682564,6.053400864182307,0.3292,0.0429087580884303,0.996,0.994,4.239999771118164,PSZ2
ComPACT_G0.008-27.126,296.78333,-39.675,0.998390793800354,48,1,0.407,phot,ACT-MCMF,,,,,,,,5.516633945193786,ACTDR6
ComPACT_G110.995-55.628,6.10833,6.61667,0.993536412715912,40,1,0.325,spec,REDMAPPER-DES-SDSS,0.63,0.1625107869580886,0.8241996365067754,0.3292,0.0429087580884303,0.986,0.883,3.5946980725190363,yact
ComPACT_G320.789-62.758,359.53333,-52.48333,0.9881118535995485,27,2,0.638,phot,SPT100deg,0.62,0.1615137882650942,7.182470471680185,,,,,3.5625024814041675,ACTDR6
ComPACT_G228.857+34.527,140.34167,3.28333,0.9996028542518616,75,1,0.351,spec,REDMAPPER-DES-SDSS,0.36,0.1355918222472396,9.01900142613279,0.3426,0.0433413320866134,0.995,0.981,7.414587739333267,ACTDR6
ComPACT_G98.395-67.636,3.70833,-6.525,0.9821323156356812,48,1,0.398,spec,RASS-MCMF,0.4,0.1395798170192172,29.912738349271404,0.4099,0.0455138865700255,1.0,0.997,4.01971,RASS-MCMF
ComPACT_G359.635-75.235,357.89167,-34.43333,0.9139018058776855,36,1,0.057,spec,RASS-MCMF,,,,,,,,1.061518,ComPRASS
ComPACT_G198.599-19.692,78.85833,3.08333,0.9962432384490968,74,1,0.325,spec,ACTDR6,,,,,,,,8.655531263517103,ACTDR6
ComPACT_G155.106-49.985,33.075,7.76667,0.9997901320457458,76,1,0.459,phot,ComPRASS,0.45,0.1445648104841893,21.1251983029144,0.4533,0.0469149098178722,1.0,0.995,6.570000171661377,PSZ2
ComPACT_G217.526-66.372,39.375,-26.50833,0.9971603155136108,64,1,0.222,spec,MCXC2,0.23,0.1226308392383123,7.854227582216605,0.2288,0.0396676812662226,0.999,0.981,4.866063,ComPRASS
ComPACT_G240.528+45.074,154.09167,1.81667,0.9908344745635986,28,2,0.299,spec,ACTDR6,0.3,0.1296098300892731,9.843238457257703,,,,,2.6597602073066304,ACTDR6
ComPACT_G223.902-60.101,46.75833,-28.66667,0.9997572302818298,73,1,0.253,spec,ACT-MCMF,0.24,0.1236278379313067,14.094146042672312,0.2598,0.0406684121575417,0.998,0.987,6.960000038146973,PSZ2
ComPACT_G280.697-52.390,40.15833,-59.76667,0.9977073669433594,75,1,0.4,spec,ACTDR5,0.39,0.1385828183262228,9.2884878655805,0.4028,0.0452846869142717,1.0,0.992,4.356575,PSZSPT
ComPACT_G356.992-63.533,344.81667,-39.86667,0.998691976070404,71,1,0.531,phot,ACTDR5,0.51,0.1505468026421557,3.479453612096937,0.5333,0.0494974411503086,0.994,0.99,6.392725770123931,PSZ-MCMF
ComPACT_G334.064-44.744,326.425,-59.55,0.9098801016807556,21,3,0.285,phot,PSZ-MCMF,0.27,0.1266188340102899,6.69300234660416,0.3156,0.0424697277619161,0.997,0.993,4.34396174711988,PSZ-MCMF
ComPACT_G41.379-66.976,348.26667,-21.625,0.9916064739227296,35,1,0.087,spec,MCXC2,,,,,,,,4.422466648928751,ACTDR6
ComPACT_G6.605-46.164,321.81667,-37.03333,0.9969531297683716,42,1,0.739,phot,ACT-MCMF,,,,,,,,5.123549744161906,ACTDR6
ComPACT_G259.498-73.415,27.36667,-38.425,0.9966644644737244,68,1,0.36,phot,PSZ-MCMF,0.38,0.1375858196332284,16.798465874156015,0.3757,0.0444098544254089,0.998,0.991,4.568537937992863,PSZ-MCMF
ComPACT_G290.388-57.375,25.8,-58.475,0.9864020943641664,37,1,0.201,phot,PSZ-MCMF,0.19,0.1186428444663346,3.262712426463436,0.2106,0.0390801553880933,0.996,0.947,3.370621666548503,PSZ-MCMF
ComPACT_G347.200-27.369,293.74167,-50.85833,0.9960965514183044,77,1,0.237,spec,PSZ1,,,,,,,,7.190000057220459,PSZ2
ComPACT_G37.732-46.901,327.65,-16.38333,0.9841455817222596,34,1,0.263,spec,ACT-MCMF,,,,,,,,5.170000076293945,PSZ2
ComPACT_G41.454-48.368,330.08333,-14.66667,0.9889785647392272,24,3,0.304,phot,ACT-MCMF,0.29,0.1286128313962787,3.747503988616259,,,,,2.77217,ACT-MCMF
ComPACT_G225.450-24.706,85.20833,-21.45833,0.9981181621551514,45,1,0.523,phot,ACT-MCMF,0.52,0.1515438013351501,4.043921581496288,0.5365,0.049600742403606,1.0,0.98,5.774934250920879,PSZ-MCMF
ComPACT_G138.315-57.443,21.09167,4.44167,0.992673933506012,52,1,0.124,spec,ACTDR5,0.13,0.1126608523083682,0.5811657993619099,,,,,2.206769,ComPRASS
ComPACT_G239.658+53.922,160.80833,7.63333,0.9963388442993164,56,1,0.827,spec,ACTDR6,0.8200000000000001,0.1814537621249824,23.0886393597216,0.8094,0.0584104024113796,1.0,0.999,4.05658720108231,ACTDR6
ComPACT_G112.746-47.535,5.76667,14.775,0.9988781809806824,58,1,0.384,spec,ACT-MCMF,0.41,0.1405768157122116,16.12967528842894,0.4103,0.0455267992266876,1.0,0.993,4.195601,ComPRASS
ComPACT_G227.597+54.878,157.84167,14.08333,0.999581515789032,69,1,0.319,spec,ACTDR6,0.31,0.1306068287822676,7.467077229305,0.3206,0.0426311359701934,0.999,0.994,5.28000020980835,PSZ2
ComPACT_G241.631-37.017,75.59167,-38.00833,0.9779472947120668,25,3,,,,0.17,0.1166488470803458,0.3006583016081972,,,,,,
ComPACT_G256.334+76.665,182.73333,17.61667,0.9997075200080872,55,1,0.388,spec,ACTDR6,0.39,0.1385828183262228,33.3777611860167,0.397,0.0450974533926701,0.999,0.994,4.308619,ComPRASS
ComPACT_G253.255+46.851,161.36667,-3.50833,0.9966062307357788,66,1,,,,0.13,0.1126608523083682,0.1857165472091784,,,,,,
ComPACT_G194.167-15.105,80.63333,9.06667,0.984226644039154,29,2,,,,,,,,,,,,
ComPACT_G80.299-77.297,3.875,-17.50833,0.9995030164718628,64,1,0.438,phot,ACT-MCMF,0.46,0.1455618091771837,13.529979722929491,,,,,9.410167626613893,ACTDR6
ComPACT_G73.373-80.039,4.78333,-20.44167,0.9978551268577576,70,1,0.277,spec,ACTDR6,,,,,,,,5.610000133514404,PSZ2
ComPACT_G102.918-62.395,3.73333,-0.95,0.9999321699142456,77,1,0.533,spec,ACT-MCMF,0.52,0.1515438013351501,9.580026554208596,0.5383,0.0496588493585858,1.0,0.993,6.351385158455367,PSZ-MCMF
ComPACT_G171.250-26.037,58.2,19.36667,0.9990262985229492,69,1,0.358,spec,PSZ2,,,,,,,,6.369999885559082,PSZ2
ComPACT_G275.575-49.082,49.325,-59.575,0.977957010269165,40,1,0.469,spec,SPT-MCMF,0.45,0.1445648104841893,4.13442482565544,0.4583,0.0470763180261495,1.0,0.989,4.429999828338623,PSZ2
ComPACT_G224.536-30.291,79.25,-22.61667,0.993937849998474,37,1,0.302,phot,ACTDR5,0.3,0.1296098300892731,17.294749931575684,0.3005,0.0419822749729187,0.999,0.991,3.7200000286102295,PSZ2
ComPACT_G89.367-46.158,349.925,10.65,0.9760855436325072,33,1,0.264,phot,CODEX,0.27,0.1266188340102899,6.907908580427933,0.2624,0.0407523444258459,0.979,0.957,4.092643613938461,yact
ComPACT_G206.064-18.769,83.08333,-2.63333,0.9112817049026488,36,1,,,,,,,,,,,,
ComPACT_G211.628+32.195,131.675,15.075,0.988535463809967,38,1,0.765,spec,Wen&Han,0.5800000000000001,0.1575257934931166,0.7568970072453747,0.756,0.0566865627469783,0.997,0.997,3.159002393760121,ACTDR6
ComPACT_G212.614-49.708,56.4,-20.15833,0.9714760184288024,33,1,0.267,phot,MARD-Y3,0.29,0.1286128313962787,7.274432018033298,0.1836,0.0382085510633961,0.986,0.975,5.289131550806333,PSZ-MCMF
ComPACT_G44.744-51.295,333.75,-14.0,0.999526858329773,76,1,0.503,spec,ACT-MCMF,0.49,0.1485528052561669,10.335746813220474,0.5014,0.0484676567814996,1.0,0.996,8.359999656677246,PSZ2
ComPACT_G148.755-56.410,26.83333,3.63333,0.859057605266571,21,3,0.7,phot,MaDCoWS_II,0.16,0.1156518483873514,0.2611191943887216,,,,,4.912026956986892,yact
ComPACT_G325.969-59.477,353.10833,-53.975,0.9949536919593812,80,1,0.402,spec,SPT100deg,0.39,0.1385828183262228,18.809604186183563,0.4003,0.0452039828101331,1.0,0.994,5.619999885559082,PSZ2
ComPACT_G225.603-31.242,78.59167,-23.79167,0.9534468054771424,24,3,,,,0.5700000000000001,0.1565287948001222,1.3390484988478284,,,,,,
ComPACT_G6.893+71.179,210.58333,17.79167,0.9947739243507384,33,1,0.185,spec,ACTDR5,0.18,0.1176458457733402,3.752279611824097,0.1951,0.0385797899424338,1.0,0.997,2.724855863352147,ACTDR6
ComPACT_G133.931-42.758,21.4,19.38333,0.9853277206420898,33,1,0.582,spec,ACTDR6,0.5800000000000001,0.1575257934931166,7.565021318255502,,,,,7.239999771118164,PSZ2
ComPACT_G283.384-64.942,25.65,-50.2,0.9940137267112732,26,2,0.4,phot,zCluster,0.4,0.1395798170192172,21.071427797031767,,,,,2.0115268767386567,yplanck
ComPACT_G261.462-30.968,86.65833,-53.75,0.9988527297973632,61,1,1.066,spec,ACT-MCMF,1.0,0.1993997385988818,10.919354462528174,,,,,4.026371,PSZSPT
ComPACT_G198.159-26.247,73.0,0.10833,0.9993047714233398,58,1,0.43,spec,ACT-MCMF,0.43,0.1425708130982004,11.148475907660393,0.4217,0.0458948099415598,0.999,0.996,9.821983945518502,ACTDR6
ComPACT_G206.443-30.446,72.81667,-8.3,0.9724632501602172,44,1,0.249,phot,ACT-MCMF,0.26,0.1256218353172955,4.5633098469604745,0.2519,0.0404133871884636,0.998,0.955,4.895183506376752,ACTDR6
ComPACT_G236.936-26.640,86.91667,-31.875,0.998889148235321,67,1,0.148,spec,ACT-MCMF,0.15,0.114654849694357,4.3803563506688015,0.1599,0.0374434761561618,1.0,0.977,4.889999866485596,PSZ2
ComPACT_G13.228+43.970,235.78333,5.775,0.9817636609077454,26,2,0.105,spec,ACTDR5,0.15,0.114654849694357,0.5223765611021098,0.1055,0.0356873548501051,1.0,0.975,2.626929,ComPRASS
ComPACT_G69.020-44.218,337.4,3.30833,0.9830793142318726,37,1,0.295,spec,ACT-MCMF,0.33,0.1326008261682564,4.028273723922484,0.308,0.0422243872853346,0.996,0.993,3.6020990894041294,ACTDR6
ComPACT_G346.435-29.251,296.55,-51.81667,0.974743127822876,37,1,0.236,phot,ACTDR6,,,,,,,,5.256202242708838,ACTDR6
ComPACT_G224.006+69.319,170.99167,21.48333,0.9731094241142272,49,1,0.193,spec,RASS-MCMF,0.18,0.1176458457733402,6.291875632161215,0.1999,0.03873474182238,1.0,0.992,5.269999980926514,PSZ2
ComPACT_G212.954-54.023,52.06667,-21.66667,0.9988911747932434,52,1,0.59,spec,PSZ2,0.54,0.1535377987211389,2.425429240144159,0.5626,0.0504432932508134,1.0,0.998,6.21999979019165,PSZ2
ComPACT_G136.782-46.084,22.79167,15.71667,0.9929106831550598,58,1,0.534,spec,ACT-MCMF,0.54,0.1535377987211389,4.589581393093235,0.5533,0.0501430739834177,0.999,0.986,3.066540217911453,ACTDR6
ComPACT_G170.385-70.273,27.65,-13.06667,0.9296669363975524,21,3,0.64,phot,zCluster,0.64,0.1635077856510831,3.030797471011735,,,,,2.8210170371250705,yact
ComPACT_G18.091-36.412,312.03333,-27.00833,0.980659544467926,36,1,0.25,phot,ACT-MCMF,,,,,,,,4.800000190734863,PSZ2
ComPACT_G2.754-56.172,334.66667,-38.89167,0.995564103126526,56,1,0.141,spec,MCXC2,0.16,0.1156518483873514,4.465599753994985,0.1589,0.0374111945145063,0.999,0.849,4.409999847412109,PSZ2
ComPACT_G193.760-76.955,26.175,-22.225,0.9978267550468444,65,1,0.278,spec,MCXC2,0.29,0.1286128313962787,19.81250617915894,0.2847,0.0414722250347625,0.998,0.986,4.22225270885845,PSZ-MCMF
ComPACT_G219.891+22.800,126.25,4.43333,0.9810505509376526,45,1,0.224,spec,REDMAPPER-DES-SDSS,0.21,0.1206368418523234,3.311304546377836,0.2303,0.0397161037287058,0.999,0.999,5.010000228881836,PSZ2
ComPACT_G263.032-56.207,46.06667,-49.35,0.999248206615448,73,1,0.392,spec,ACT-MCMF,0.39,0.1385828183262228,11.840240216191695,0.4003,0.0452039828101331,0.999,0.993,4.699999809265137,PSZ2
ComPACT_G55.622-37.764,326.025,-0.45,0.9870674014091492,34,1,0.594,spec,ACT-MCMF,0.56,0.1555317961071278,7.690010598764681,0.5762,0.0508823235773276,1.0,0.983,6.18624733498182,PSZ-MCMF
ComPACT_G219.153+44.457,145.725,14.50833,0.995594561100006,74,1,0.341,spec,ACT-MCMF,0.36,0.1355918222472396,18.677108598069967,0.351,0.0436124978765192,1.0,0.994,5.230000019073486,PSZ2
ComPACT_G21.091+33.233,248.2,5.575,0.9999542236328124,79,1,0.152,spec,ACTDR5,0.16,0.1156518483873514,1.881626526338816,0.1508,0.0371497132170972,1.0,0.958,7.789999961853027,PSZ2
ComPACT_G277.065+61.907,181.0,1.44167,0.9946150183677672,43,1,0.415,spec,ACTDR6,0.41,0.1405768157122116,25.09742887421832,0.4213,0.0458818972848976,1.0,0.994,6.238490354560318,ACTDR6
ComPACT_G310.635-81.191,11.40833,-35.85,0.9438231587409972,23,3,,,,0.74,0.1734777725810271,1.0990957703004756,,,,,,
ComPACT_G268.361-64.486,33.71667,-46.65,0.9972720742225648,75,1,0.27,phot,ComPRASS,0.34,0.1335978248612508,8.884499777636885,0.3228,0.0427021555818354,1.0,0.997,3.067591,PSZSPT
ComPACT_G7.529+60.636,219.8,12.13333,0.9992169141769408,80,1,0.426,spec,ACT-MCMF,0.43,0.1425708130982004,6.532322955255983,0.428,0.0460981842839892,1.0,0.993,7.237456368940276,ACTDR6
ComPACT_G15.864+45.082,235.825,7.95833,0.999716341495514,80,1,0.36,spec,ACTDR6,0.36,0.1355918222472396,14.489826008634996,0.3505,0.0435963570556915,1.0,0.997,3.973399,ComPRASS
ComPACT_G9.405-56.944,335.14167,-35.16667,0.9987781643867492,72,1,0.154,spec,MCXC2,,,,,,,,4.019999980926514,PSZ2
ComPACT_G86.878-46.917,348.83333,9.11667,0.9950441122055054,29,2,0.748,spec,ACTDR6,0.74,0.1734777725810271,5.711952600255358,0.7336,0.0559634539738961,0.997,0.911,6.118876,ComPRASS
ComPACT_G253.107+57.482,168.53333,4.35,0.9955496788024902,48,1,0.229,spec,ACTDR5,0.23,0.1226308392383123,8.47098058146609,0.2383,0.0399743568619494,0.999,0.991,4.840000152587891,PSZ2
ComPACT_G214.607-22.697,83.10833,-11.53333,0.9979277849197388,66,1,0.154,spec,PSZ2,,,,,,,,5.389999866485596,PSZ2
ComPACT_G237.400-21.342,92.95833,-30.61667,0.9993034601211548,60,1,0.303,phot,ACTDR6,,,,,,,,5.460000038146973,PSZ2
ComPACT_G8.284-64.763,344.7,-34.8,0.9964137673377992,89,1,0.317,spec,ACT-MCMF,,,,,,,,7.75,PSZ2
ComPACT_G208.069-16.387,86.08333,-3.225,0.932507574558258,26,2,,,,,,,,,,,,
ComPACT_G237.879-44.810,65.51667,-35.99167,0.9862194657325744,23,3,,,,0.73,0.1724807738880327,1.0849347499879225,,,,,,
ComPACT_G99.597-58.648,0.95833,2.05,0.990349054336548,40,1,0.095,spec,ACTDR6,0.14,0.1136578510013626,0.8858557356320755,0.1034,0.0356195634026286,0.992,0.917,2.240000009536743,PSZ2
ComPACT_G341.277-69.967,356.275,-41.875,0.895722508430481,33,1,,,,0.56,0.1555317961071278,2.199297214654673,,,,,,
ComPACT_G130.860-50.160,18.05,12.39167,0.9974150657653807,51,1,1.337,phot,ACTDR6,0.47,0.1465588078701781,1.1307390256947545,,,,,4.00092321006531,ACTDR6
ComPACT_G32.975+45.304,240.9,18.94167,0.908652365207672,25,3,0.53,phot,zCluster,0.53,0.1525408000281445,3.0498201049582088,,,,,,
ComPACT_G29.092+44.513,240.63333,16.09167,0.9613291621208192,28,2,0.035,spec,PSZ1,0.16,0.1156518483873514,0.267832462114602,,,,,3.5299999713897705,PSZ2
ComPACT_G265.047-27.416,93.45,-56.45833,0.9959371089935304,47,1,0.866,phot,SPT-MCMF,0.16,0.1156518483873514,1.338363986492879,0.1878,0.038344133958349,0.986,0.916,3.224278,PSZSPT
ComPACT_G262.412-25.183,96.55,-53.73333,0.94390869140625,51,1,0.051,spec,PSZ1,0.15,0.114654849694357,0.1602052937472515,0.053,0.0339925686631937,0.995,0.921,2.819999933242798,PSZ2
ComPACT_G198.911+18.149,113.44167,20.3,0.9974194765090942,68,1,0.292,phot,ACTDR6,0.3,0.1296098300892731,13.284455197796465,0.3045,0.0421114015395405,0.999,0.974,5.840000152587891,PSZ2
ComPACT_G224.328+61.342,163.15833,18.40833,0.9351017475128174,43,1,0.5,spec,ACTDR6,0.48,0.1475558065631725,11.240845089342857,0.5009,0.0484515159606718,0.995,0.977,2.2643079613491577,ACTDR6
ComPACT_G162.809-35.582,45.875,16.86667,0.9981108903884888,60,1,,,,,,,,,,,,
ComPACT_G6.739+49.783,228.45,5.425,0.9996730089187622,57,1,0.467,spec,ACTDR6,0.46,0.1455618091771837,19.77879084230775,0.4824,0.0478543055900459,1.0,0.992,6.05171110791294,ACTDR6
ComPACT_G255.482-46.922,61.725,-48.08333,0.9984498023986816,50,1,0.737,spec,SPT-MCMF,0.73,0.1724807738880327,6.381367170294633,0.7201,0.0555276518115475,1.0,0.995,3.809318,PSZSPT
ComPACT_G80.965-40.993,341.85,11.55833,0.9983519315719604,50,1,0.635,phot,ACT-MCMF,0.67,0.1664987817300663,3.137684586597109,,,,,7.404350157554997,ACTDR6
ComPACT_G187.908-75.028,27.29167,-20.075,0.9934053421020508,35,1,0.41,phot,ACTDR6,0.44,0.1435678117911948,15.186959240372955,0.4475,0.0467276762962706,1.0,0.997,2.960377772439664,ACTDR6
ComPACT_G343.437+76.427,202.00833,16.525,0.9588999152183532,25,3,,,,0.48,0.1475558065631725,0.9430547104066092,,,,,,
ComPACT_G21.803-49.133,326.65,-27.20833,0.991062879562378,34,1,,,,,,,,,,,,
ComPACT_G178.243-31.659,58.35,11.05833,0.9985356330871582,49,1,0.271,phot,ComPRASS,,,,,,,,3.803977,ComPRASS
ComPACT_G354.829-22.446,289.11667,-42.975,0.9958699345588684,36,1,0.796,phot,ACTDR6,,,,,,,,7.455679811624417,ACTDR6
ComPACT_G153.133-52.954,30.59167,5.70833,0.9090840220451356,25,3,,,,0.2,0.119639843159329,0.2884974508636988,,,,,,
ComPACT_G321.418+56.504,202.975,-4.90833,0.9526640176773072,21,3,,,,0.54,0.1535377987211389,0.679200287452908,,,,,,
ComPACT_G204.749-65.892,38.59167,-21.375,0.9826985001564026,29,2,0.318,phot,ACTDR5,0.31,0.1306068287822676,6.942261039940092,0.3306,0.0429539523867479,1.0,0.994,2.747539181240056,ACTDR6
ComPACT_G48.901-25.562,312.68333,1.38333,0.9989016056060792,57,1,0.334,spec,ACTDR6,0.34,0.1335978248612508,14.942607748668596,0.3253,0.042782859685974,0.997,0.984,5.440000057220459,PSZ2
ComPACT_G239.892+34.363,145.30833,-4.34167,0.9280645847320556,36,1,,,,0.5,0.1495498039491613,2.23591499013716,,,,,,
ComPACT_G359.030-70.608,352.80833,-36.50833,0.9926019310951232,38,1,0.096,spec,ACTDR5,,,,,,,,2.5199999809265137,PSZ2
ComPACT_G94.196-38.888,349.58333,18.73333,0.9919666647911072,51,1,0.157,spec,ACT-MCMF,0.16,0.1156518483873514,1.2141789902689983,0.1614,0.037491898618645,0.985,0.963,1.610193,ComPRASS
ComPACT_G207.061-15.630,86.30833,-2.01667,0.8905417919158936,24,3,,,,,,,,,,,,
ComPACT_G98.299-41.174,353.6,17.98333,0.9995781779289246,69,1,0.436,spec,ACTDR5,0.43,0.1425708130982004,14.21180443796396,0.4427,0.0465727244163244,1.0,0.996,7.050000190734863,PSZ2
ComPACT_G57.183-74.455,357.79167,-19.95833,0.9868594408035278,50,1,0.248,spec,ACTDR5,,,,,,,,4.710000038146973,PSZ2
ComPACT_G284.605+70.847,186.86667,8.83333,0.9953144788742064,39,1,0.09,spec,PSZ2,0.15,0.114654849694357,0.2061740928243338,0.0973,0.0354226453885303,0.999,0.995,2.200000047683716,PSZ2
ComPACT_G59.448-20.574,313.85833,12.225,0.995241403579712,37,1,0.957,phot,ACTDR6,0.96,0.1954117438269041,10.762602528132614,,,,,5.414687004533521,ACTDR6
ComPACT_G109.953-70.295,8.475,-7.86667,0.999477207660675,73,1,0.306,spec,ACT-MCMF,0.29,0.1286128313962787,8.586795745320073,0.3022,0.042037153763733,1.0,0.991,5.619999885559082,PSZ2
ComPACT_G210.583-68.227,36.83333,-24.2,0.992642104625702,38,1,0.393,phot,ACTDR5,0.41,0.1405768157122116,8.340761626822616,0.4078,0.045446095122549,0.999,0.982,4.997936414005172,PSZ-MCMF
ComPACT_G227.966-22.361,88.46667,-22.76667,0.9963077306747437,31,1,0.643,phot,ACTDR5,0.56,0.1555317961071278,2.481797882338887,0.7025,0.0549594949184115,0.991,0.993,3.062306138100019,ACTDR6
ComPACT_G336.990-30.151,296.81667,-60.06667,0.970240354537964,29,2,,,,,,,,,,,,
ComPACT_G329.814-74.568,3.74167,-40.6,0.999842405319214,60,1,0.519,phot,SPT2500D,0.52,0.1515438013351501,2.2517469502438896,,,,,6.546008508036852,PSZ-MCMF
ComPACT_G5.623-69.156,350.2,-34.85,0.9461507797241212,27,2,,,,,,,,,,,,
ComPACT_G264.520-51.051,52.73333,-52.46667,0.9979435801506042,91,1,0.442,spec,ACTDR6,0.42,0.141573814405206,19.71022783775482,0.0602,0.034224996483113,0.999,0.941,6.929999828338623,PSZ2
ComPACT_G203.898+27.776,124.76667,19.64167,0.9785041213035583,72,1,0.437,spec,ACTDR6,0.44,0.1435678117911948,4.914719886275504,0.4409,0.0465146174613446,0.992,0.988,2.8031398436381147,ACTDR6
ComPACT_G16.780+51.848,230.18333,11.86667,0.9995478987693788,81,1,0.497,spec,ACTDR5,0.49,0.1485528052561669,6.259820641409974,0.4925,0.048180350170766,1.0,0.996,7.172747925877025,ACTDR6
ComPACT_G161.970-32.943,46.94167,19.4,0.991319477558136,33,1,,,,,,,,,,,,
ComPACT_G342.573-50.975,332.35833,-51.79167,0.9926645159721376,40,1,0.11,spec,ACT-MCMF,0.15,0.114654849694357,0.8406151593397075,0.1273,0.036391094638194,0.994,0.92,2.369999885559082,PSZ2
ComPACT_G162.126-68.036,26.725,-9.49167,0.9990227222442628,55,1,0.443,spec,ACTDR5,0.43,0.1425708130982004,9.25383472850292,0.4461,0.0466824819979529,1.0,0.997,5.200807740849486,PSZ-MCMF
ComPACT_G41.216+29.358,259.13333,19.59167,0.9953286647796632,39,1,0.177,spec,ACTDR6,0.18,0.1176458457733402,1.4350906999221693,0.1838,0.0382150073917272,0.996,0.971,3.5600421956937875,ACTDR6
ComPACT_G29.895+36.065,248.90833,13.31667,0.8850513696670532,21,3,,,,0.16,0.1156518483873514,0.3051874567517723,,,,,,
ComPACT_G2.615-19.021,287.93333,-34.98333,0.9987465143203736,45,1,,,,,,,,,,,,
ComPACT_G119.338-60.990,11.11667,1.83333,0.9998263716697692,77,1,0.358,spec,ACT-MCMF,0.36,0.1355918222472396,13.59217496966724,0.3643,0.0440418437105367,0.994,0.96,5.557938553866636,PSZ-MCMF
ComPACT_G92.156-66.046,0.8,-6.1,0.999834418296814,77,1,0.234,spec,RASS-MCMF,0.25,0.1246248366243011,12.700276422746729,0.2372,0.0399388470561285,0.999,0.99,5.960000038146973,PSZ2
ComPACT_G11.096-63.847,343.39167,-33.725,0.9997307658195496,80,1,0.224,spec,MCXC2,,,,,,,,4.070000171661377,PSZ2
ComPACT_G324.646+62.192,202.8,1.00833,0.9997395873069764,66,1,0.348,spec,ACTDR5,0.35,0.1345948235542452,9.523598040422398,0.3435,0.0433703855641033,0.999,0.969,5.53000020980835,PSZ2
ComPACT_G1.121+45.941,229.08333,0.08333,0.9892992973327636,28,2,0.118,spec,ACT-MCMF,0.15,0.114654849694357,2.045454852185812,0.1212,0.0361941766240957,0.999,0.982,3.0454281996177026,ACTDR6
ComPACT_G210.431-39.823,65.525,-15.2,0.9978649020195008,40,1,0.31,spec,ACTDR6,0.31,0.1306068287822676,9.119642460012882,0.3036,0.0420823480620506,1.0,0.993,5.369984069111895,ACTDR6
ComPACT_G213.586-20.733,84.50833,-9.84167,0.9341433048248292,42,1,,,,,,,,,,,,
ComPACT_G348.691+52.453,218.75,-0.96667,0.9851765632629396,29,2,,,,0.5700000000000001,0.1565287948001222,1.3791108898526665,,,,,,
ComPACT_G165.826-35.075,48.225,15.75833,0.9461320042610168,24,3,,,,,,,,,,,,
ComPACT_G36.033-51.216,331.45,-18.98333,0.9743508100509644,29,2,1.032,phot,ACT-MCMF,,,,,,,,2.43338,ACT-MCMF
ComPACT_G229.386-15.473,95.89167,-21.38333,0.9978843331336976,79,1,0.463,phot,ACTDR6,,,,,,,,5.858369737125151,ACTDR6
ComPACT_G183.321-36.676,57.25,4.60833,0.9752344489097596,24,3,,,,,,,,,,,,
ComPACT_G0.095+45.168,229.19167,-0.96667,0.9946708083152772,31,1,0.119,spec,ACTDR6,0.15,0.114654849694357,1.3615320694280435,0.1203,0.0361651231466058,0.999,0.988,3.9600000381469727,PSZ2
ComPACT_G231.902+37.120,143.85,2.55,0.999281108379364,74,1,0.512,spec,ACTDR5,0.49,0.1485528052561669,15.135597679188836,0.5077,0.0486710311239289,1.0,0.997,7.554188520624828,ACTDR6
ComPACT_G257.131+55.614,168.96667,1.48333,0.9999731779098512,78,1,0.35,spec,MCXC2,0.38,0.1375858196332284,9.022942087519116,0.3732,0.0443291503212703,0.997,0.984,6.860000133514404,PSZ2
ComPACT_G183.545-62.894,36.8,-11.94167,0.9787448644638062,42,1,1.38,phot,MaDCoWS_II,1.12,0.2113637229148147,5.355044574066979,,,,,4.4598209992466336,yact
ComPACT_G225.999-45.582,63.28333,-27.80833,0.9688714146614076,28,2,0.61,phot,ACT-MCMF,0.59,0.158522792186111,6.603941036600771,,,,,3.796277367600015,ACTDR6
ComPACT_G285.877-74.956,18.68333,-41.39167,0.9994877576828004,67,1,0.213,spec,PSZ2,0.38,0.1375858196332284,41.23577550656696,0.3874,0.0447875496327777,1.0,0.993,4.5,PSZ2
ComPACT_G228.978-41.441,68.39167,-29.09167,0.9941465854644777,33,1,0.406,phot,ACT-MCMF,0.41,0.1405768157122116,10.594583089523091,0.4245,0.0459851985381951,0.99,0.972,5.061763554614092,PSZ-MCMF
ComPACT_G49.696-49.492,333.64167,-10.36667,0.971940577030182,44,1,0.098,spec,PSZ1,0.15,0.114654849694357,0.7295907406935636,0.1033,0.0356163352384631,1.0,0.986,3.630000114440918,PSZ2
ComPACT_G251.404+46.866,160.45833,-2.625,0.9908173084259032,50,1,0.216,spec,ACT-MCMF,0.22,0.1216338405453179,8.811062091122244,0.2275,0.0396257151320705,0.999,0.971,2.991658,ComPRASS
ComPACT_G56.262-47.685,334.45,-5.73333,0.991425395011902,22,3,,,,0.55,0.1545347974141334,1.0932974914644835,,,,,,
ComPACT_G207.764+28.087,126.4,16.58333,0.9610260725021362,38,1,0.203,spec,ACTDR6,0.19,0.1186428444663346,3.4427523101939093,0.2083,0.0390059076122858,0.996,0.971,2.8856657484299864,ACTDR6
ComPACT_G347.581-35.380,306.5,-51.28333,0.997055172920227,48,1,0.221,phot,ACT-MCMF,0.22,0.1216338405453179,10.621907318042958,0.2444,0.0401712748760477,1.0,0.993,4.329999923706055,PSZ2
ComPACT_G204.475+25.361,122.59167,18.275,0.9771046042442322,52,1,0.422,spec,ACTDR6,0.44,0.1435678117911948,6.70284730774039,0.4217,0.0458948099415598,1.0,0.999,2.5570591489202967,ACTDR6
ComPACT_G168.091-56.190,36.10833,-1.7,0.9643224477767944,91,1,,,,0.5700000000000001,0.1565287948001222,2.1042840575858084,,,,,,
ComPACT_G255.227-24.615,95.09167,-47.25833,0.95421302318573,24,3,0.237,phot,SPT-MCMF,0.25,0.1246248366243011,7.414353173105107,0.2568,0.0405715672325754,0.998,0.97,2.653292,PSZSPT
ComPACT_G14.798-52.286,329.575,-32.01667,0.984092116355896,24,3,1.029,phot,ACTDR6,,,,,,,,3.523341144985064,ACTDR6
ComPACT_G255.365-55.332,49.86667,-45.775,0.991497814655304,24,3,,,,0.16,0.1156518483873514,0.3283492413107443,,,,,,
ComPACT_G347.413-73.027,357.725,-38.425,0.991772711277008,51,1,0.234,phot,RASS-MCMF,0.22,0.1216338405453179,9.915642139587463,0.2405,0.0400453764735914,0.999,0.993,3.3040902788145474,ACTDR6
ComPACT_G8.130+44.063,233.63333,2.8,0.9868000745773317,25,3,0.407,phot,REDMAPPER-DES-SDSS,0.56,0.1555317961071278,1.824556963800044,,,,,5.165146516819345,yact
ComPACT_G346.327-22.179,285.48333,-50.44167,0.9572776556015016,64,1,,,,,,,,,,,,
ComPACT_G347.244-52.450,332.825,-48.55833,0.9961056113243104,82,1,0.268,spec,ACTDR6,0.25,0.1246248366243011,8.28257332064762,0.2523,0.0404262998451258,1.0,0.991,3.4200000762939453,PSZ2
ComPACT_G175.344-47.267,45.40833,1.91667,0.999044954776764,58,1,0.17,spec,ACTDR6,0.16,0.1156518483873514,2.43902930637017,0.1698,0.0377630644085508,0.999,0.826,6.670869092409139,ACTDR6
ComPACT_G212.550-61.411,44.29167,-23.425,0.9997466206550598,69,1,0.505,spec,ACTDR5,0.5,0.1495498039491613,10.145460312234269,0.5105,0.0487614197205642,1.0,0.995,6.21999979019165,PSZ2
ComPACT_G355.074+46.195,226.03333,-2.80833,0.999750554561615,78,1,0.215,spec,MCXC2,0.24,0.1236278379313067,6.347018871955167,0.225,0.0395450110279319,0.997,0.862,6.670000076293945,PSZ2
ComPACT_G256.416+54.314,167.81667,0.75,0.9971588850021362,63,1,0.185,spec,ACT-MCMF,0.18,0.1176458457733402,4.189070248185408,0.1899,0.0384119254058254,0.999,0.981,3.18804,ComPRASS
ComPACT_G59.210-18.811,312.25,13.05833,0.9829325675964355,28,2,,,,0.5,0.1495498039491613,1.3591062054645175,,,,,,
ComPACT_G302.017+71.553,192.56667,8.68333,0.989697277545929,45,1,0.341,spec,ACT-MCMF,0.33,0.1326008261682564,5.701397024463978,0.349,0.0435479345932083,1.0,0.999,2.9665196179364144,ACTDR6
ComPACT_G266.560-27.330,93.96667,-57.775,0.9999688863754272,65,1,0.972,spec,SPT2500D,0.8,0.1794597647389936,6.044288735804784,,,,,6.769999980926514,PSZ2
ComPACT_G173.486-71.008,27.89167,-14.30833,0.9661980867385864,24,3,,,,0.32,0.131603827475262,1.165089125066841,,,,,,
ComPACT_G275.161+71.746,184.31667,10.74167,0.999373972415924,70,1,0.28,spec,ACT-MCMF,0.27,0.1266188340102899,7.3497080646541395,0.2875,0.0415626136313978,0.998,0.983,3.36862560396948,ACTDR6
ComPACT_G35.219+41.796,244.975,19.29167,0.9523530006408693,39,1,,,,0.5700000000000001,0.1565287948001222,0.8385887325813881,,,,,,
ComPACT_G266.363+57.583,174.23333,0.1,0.9999840259552002,58,1,0.587,spec,ACTDR5,0.56,0.1555317961071278,10.096936478816694,0.5837,0.0511244358897435,1.0,0.994,5.345424,ComPRASS
ComPACT_G263.051+63.339,176.05,5.8,0.968121349811554,51,1,0.103,spec,REDMAPPER-DES-SDSS,0.14,0.1136578510013626,0.8951024560154683,0.1066,0.0357228646559261,0.995,0.911,2.544391,ComPRASS
ComPACT_G231.769+53.993,158.25833,11.53333,0.9719632863998412,25,3,0.144,spec,ACTDR6,0.16,0.1156518483873514,1.638758454216695,0.152,0.0371884511870837,0.993,0.854,3.1415915126584517,ACTDR6
ComPACT_G330.337-71.556,1.36667,-43.04167,0.8407877087593079,37,1,,,,0.16,0.1156518483873514,0.1682438531441743,,,,,,
ComPACT_G253.650-70.645,31.58333,-38.50833,0.9909852743148804,40,1,0.472,phot,ACT-MCMF,0.46,0.1455618091771837,8.135453552254038,0.4711,0.0474895230393393,1.0,0.994,5.056474405298356,PSZ-MCMF
ComPACT_G25.631-24.017,301.70833,-16.79167,0.985340416431427,62,1,0.254,phot,ACTDR6,,,,,,,,5.241697417096924,ACTDR6
ComPACT_G83.037-79.793,5.95,-19.13333,0.8930302262306213,25,3,,,,,,,,,,,,
ComPACT_G252.852+64.240,173.11667,9.35,0.9682209491729736,26,2,0.304,spec,REDMAPPER-DES-SDSS,0.31,0.1306068287822676,1.1085553452388632,0.3102,0.0422954068969766,0.993,0.982,2.583694877232699,ACTDR6
ComPACT_G45.098-43.194,326.48333,-10.1,0.9929723739624025,28,2,0.081,spec,ACT-MCMF,0.15,0.114654849694357,0.8486792571126927,0.0879,0.0351191979569691,1.0,0.99,2.799999952316284,PSZ2
ComPACT_G250.604-25.052,93.01667,-43.3,0.978434681892395,50,1,0.622,phot,SPT-MCMF,0.6,0.1595197908791054,9.206673836319611,0.6139,0.0520993414677382,0.999,0.997,5.090000152587891,PSZ2
ComPACT_G172.508-33.982,53.225,12.925,0.9600329995155334,21,3,,,,,,,,,,,,
ComPACT_G61.049-58.762,345.19167,-9.925,0.953275740146637,27,2,,,,0.65,0.1645047843440774,1.4839823561223215,,,,,,
ComPACT_G27.784-45.973,324.31667,-22.54167,0.9998112320899964,52,1,0.601,phot,RASS-MCMF,,,,,,,,5.75,PSZ2
ComPACT_G16.439-24.290,298.70833,-24.7,0.9662631750106812,21,3,,,,,,,,,,,,
ComPACT_G204.738+15.871,113.61667,14.28333,0.99896502494812,77,1,0.344,spec,ACTDR6,,,,,,,,6.21999979019165,PSZ2
ComPACT_G11.688+57.928,223.30833,12.425,0.8878800272941589,35,1,,,,0.17,0.1166488470803458,0.5049867678223059,,,,,,
ComPACT_G19.439-80.980,2.83333,-28.875,0.8385151028633118,24,3,0.062,spec,PSZ2,0.32,0.131603827475262,1.045576192606391,,,,,2.609999895095825,PSZ2
ComPACT_G228.650+53.061,156.49167,12.68333,0.9996715784072876,74,1,0.142,spec,ACTDR6,0.16,0.1156518483873514,1.5551234714442352,,,,,8.66749878359099,ACTDR6
ComPACT_G155.963-72.162,22.68333,-11.85833,0.9995310306549072,65,1,0.62,spec,PSZ2,0.6,0.1595197908791054,4.595725836042509,0.6689,0.0538748317587882,1.0,0.997,6.46999979019165,PSZ2
ComPACT_G9.274+38.198,238.9,0.075,0.9995642304420472,64,1,0.936,phot,ACTDR6,0.91,0.1904267503619321,17.40710597091518,,,,,7.212499707993349,ACTDR6
ComPACT_G266.020-21.244,104.63333,-55.94167,0.9978083968162536,99,1,0.296,spec,SPT2500D,,,,,,,,13.100000381469728,PSZ2
ComPACT_G243.082-46.661,63.30833,-39.675,0.9874346852302552,31,1,,,,0.74,0.1734777725810271,1.2710013038563628,,,,,,
ComPACT_G277.864-56.128,37.75833,-55.88333,0.8892188668251038,22,3,,,,0.5700000000000001,0.1565287948001222,0.7984730523890846,,,,,,
ComPACT_G61.962-23.397,317.6,12.43333,0.95331472158432,22,3,,,,0.2,0.119639843159329,0.4283891127016159,,,,,,
ComPACT_G295.562-60.111,19.53333,-56.63333,0.9107147455215454,22,3,0.208,spec,ACTDR6,0.23,0.1226308392383123,8.380011838686986,0.2301,0.0397096474003747,0.996,0.955,2.862566,PSZSPT
ComPACT_G199.245-24.590,74.925,0.1,0.9989830851554872,46,1,0.978,phot,ACTDR6,,,,,,,,6.238490354560318,ACTDR6
ComPACT_G83.306-31.048,337.14167,20.61667,0.99969482421875,71,1,0.412,spec,RASS-MCMF,0.41,0.1405768157122116,35.5323812563107,0.4172,0.0457495425541103,1.0,0.996,8.270000457763672,PSZ2
ComPACT_G247.805-35.879,77.83333,-42.80833,0.9976220726966858,45,1,0.072,phot,RASS-MCMF,0.55,0.1545347974141334,0.6021468994185297,,,,,0.646572,RASS-MCMF
ComPACT_G263.082-31.795,85.39167,-55.18333,0.9743093848228456,28,2,,,,0.63,0.1625107869580886,2.5142745176829564,,,,,,
ComPACT_G349.957-50.207,328.85833,-47.61667,0.9416034817695618,24,3,,,,0.15,0.114654849694357,0.1893739685451241,,,,,,
ComPACT_G208.882-57.151,48.125,-20.425,0.992823362350464,51,1,0.679,phot,ACT-MCMF,0.63,0.1625107869580886,3.120243876597298,0.6726,0.0539942738329134,0.994,0.918,5.870381062837877,PSZ-MCMF
ComPACT_G154.481-36.154,39.59167,20.08333,0.999984860420227,73,1,0.427,phot,ComPRASS,0.42,0.141573814405206,31.267499434162453,0.4336,0.0462789614772597,1.0,0.996,6.483334,ComPRASS
ComPACT_G209.496+41.155,139.8,19.89167,0.9799538850784302,22,3,,,,0.24,0.1236278379313067,0.8177041824796698,,,,,,
ComPACT_G356.370-76.082,359.25833,-34.75833,0.9627606868743896,69,1,0.048,spec,MCXC2,,,,,,,,2.470000028610229,PSZ2
ComPACT_G261.124-66.149,34.58333,-43.25833,0.999472439289093,72,1,0.616,phot,ACTDR5,0.5800000000000001,0.1575257934931166,4.97111872163197,0.6237,0.0524157015559617,1.0,0.998,5.099999904632568,PSZ2
ComPACT_G89.307-39.831,346.59167,16.08333,0.97225159406662,34,1,,,,,,,,,,,,
ComPACT_G247.945+57.889,166.86667,6.59167,0.9420120716094972,22,3,0.389,spec,REDMAPPER-DES-SDSS,0.55,0.1545347974141334,1.57567208659629,,,,,3.611580483008362,yplanck
ComPACT_G70.102-31.788,328.925,12.525,0.9958043694496156,65,1,0.191,spec,RASS-MCMF,0.18,0.1176458457733402,4.488973935168001,0.1956,0.0385959307632615,1.0,0.973,4.960000038146973,PSZ2
ComPACT_G286.378+64.046,185.69167,2.1,0.8500804305076599,26,2,0.229,spec,MaDCoWS_II,0.22,0.1216338405453179,16.669977524889063,0.2326,0.0397903515045134,1.0,0.995,4.110000133514404,PSZ2
ComPACT_G221.796+17.981,122.83333,0.59167,0.9962779879570008,40,1,0.38,spec,ACTDR6,0.4,0.1395798170192172,6.820696890379063,0.3953,0.0450425746018558,0.995,0.994,5.068817,ComPRASS
ComPACT_G48.917-32.962,319.025,-2.43333,0.9992596507072448,57,1,0.459,spec,ACT-MCMF,0.47,0.1465588078701781,10.454100847968984,0.4653,0.0473022895177377,1.0,0.983,5.758979,ComPRASS
ComPACT_G331.773-70.171,359.73333,-43.9,0.9973184466362,77,1,0.672,phot,SPT2500D,0.65,0.1645047843440774,2.9533449329519907,0.608,0.051908879781971,0.997,0.952,3.56342,PSZSPT
ComPACT_G69.503-26.009,324.175,16.05833,0.9652328491210938,21,3,0.41,phot,zCluster,0.41,0.1405768157122116,14.990394589185502,,,,,,
ComPACT_G229.222-17.235,94.08333,-21.93333,0.9773672223091124,54,1,0.171,spec,PSZ1,,,,,,,,5.25,PSZ2
ComPACT_G176.303-52.597,42.05833,-2.275,0.999874234199524,77,1,0.238,spec,ACT-MCMF,0.24,0.1236278379313067,10.535519408680845,0.2385,0.0399808131902805,0.999,0.986,6.070000171661377,PSZ2
ComPACT_G131.618-54.251,17.975,8.275,0.9666497707366944,27,2,,,,0.56,0.1555317961071278,0.94505324416628,,,,,,
ComPACT_G5.066-25.950,296.83333,-35.0,0.9958813190460204,37,1,0.414,phot,ACT-MCMF,,,,,,,,7.00623255299208,ACTDR6
ComPACT_G251.695-24.527,94.06667,-44.125,0.9979782700538636,34,1,0.7,phot,PSZSPT,0.6900000000000001,0.1684927791160551,7.771645472955223,0.7197,0.0555147391548853,1.0,0.995,2.870023,PSZSPT
ComPACT_G346.202-48.097,326.76667,-50.55,0.9791872501373292,28,2,0.322,phot,PSZ-MCMF,0.32,0.131603827475262,6.795516206253794,0.3416,0.0433090504449579,0.999,0.97,4.340491525550985,PSZ-MCMF
ComPACT_G14.580-42.697,318.38333,-31.00833,0.9983301758766174,36,1,0.343,phot,ACT-MCMF,,,,,,,,7.37372214651117,ACTDR6
ComPACT_G251.713-41.696,69.80833,-46.01667,0.9982500672340392,56,1,0.32,spec,MCXC2,0.34,0.1335978248612508,13.348157202688082,,,,,3.845023,PSZSPT
ComPACT_G357.829+44.262,228.775,-2.76667,0.976186752319336,35,1,0.114,spec,RASS-MCMF,0.15,0.114654849694357,1.307907086429605,0.1137,0.0359520643116798,0.989,0.984,2.7286233694994086,ACTDR6
ComPACT_G54.597-18.192,309.23333,9.775,0.9977073669433594,51,1,0.449,spec,PSZ1_Barenna,1.29,0.2283127006957196,21.82370942917068,,,,,4.174015977997339,yact
ComPACT_G134.430-49.600,20.46667,12.59167,0.992746889591217,30,2,0.481,spec,ACTDR6,,,,0.4953,0.0482707387674013,1.0,0.998,4.388986413237251,ACTDR6
ComPACT_G201.501-27.327,73.55,-3.01667,0.999984622001648,65,1,0.539,spec,ACTDR6,0.53,0.1525408000281445,8.139671617117004,0.5412,0.0497524661193867,1.0,0.995,8.300000190734863,PSZ2
ComPACT_G175.926-49.441,44.14167,0.10833,0.9994914531707764,54,1,0.36,spec,MCXC2,0.36,0.1355918222472396,29.24298742801158,0.3629,0.0439966494122191,1.0,0.975,5.69294898909892,PSZ-MCMF
ComPACT_G64.128-53.722,342.3,-5.44167,0.9910380840301514,45,1,0.24,spec,PSZ2,0.24,0.1236278379313067,13.321832211917735,0.2513,0.0403940182034704,0.998,0.983,4.420000076293945,PSZ2
ComPACT_G243.436+37.517,149.575,-4.625,0.9865988492965698,23,3,0.1586,phot,zaznobin,0.16,0.1156518483873514,0.6658907283692079,0.1586,0.0374015100220097,0.991,0.84,,
ComPACT_G238.753+44.827,153.13333,2.66667,0.9983128309249878,64,1,0.239,spec,ACTDR6,0.25,0.1246248366243011,9.111311291950884,0.2467,0.0402455226518553,0.995,0.935,5.781974974395093,ACTDR6
ComPACT_G192.251-21.928,73.825,6.96667,0.998828113079071,67,1,0.45,spec,MCXC2,,,,,,,,9.384568,ComPRASS
ComPACT_G12.804+49.685,230.76667,8.6,0.917033076286316,50,1,0.036,spec,PSZ1,0.16,0.1156518483873514,0.4054786322674282,,,,,1.899999976158142,PSZ2
ComPACT_G39.856-39.979,321.76667,-12.16667,0.9656537175178528,53,1,0.176,spec,ACTDR5,0.17,0.1166488470803458,3.682352969190105,0.1805,0.0381084779742642,1.0,0.995,5.920000076293945,PSZ2
ComPACT_G0.650-16.022,283.675,-35.64167,0.995262861251831,29,2,,,,,,,,,,,,
ComPACT_G290.328+63.736,187.31667,1.40833,0.8400514125823975,21,3,,,,0.7100000000000001,0.1704867765020439,1.0224637403454602,,,,,,
ComPACT_G305.685-67.084,11.19167,-50.00833,0.9177427291870116,23,3,,,,0.19,0.1186428444663346,0.5361760056772977,,,,,,
ComPACT_G143.872-56.126,24.39167,4.85833,0.9929376244544984,25,3,0.64,phot,MaDCoWS_II,0.6,0.1595197908791054,4.621611004387924,0.6388,0.052903154344959,0.997,0.978,5.045575910701123,yact
ComPACT_G242.018+51.679,159.9,5.13333,0.9376155138015748,31,1,0.069,spec,RASS-MCMF,0.15,0.114654849694357,0.3125110381115545,,,,,2.67982,ACT-MCMF
ComPACT_G240.039-19.813,95.63333,-32.41667,0.999273717403412,48,1,0.504,phot,ACTDR6,,,,,,,,8.745692016830844,ACTDR6
ComPACT_G244.741-28.627,86.75,-39.06667,0.9764990210533142,53,1,0.319,spec,ACT-MCMF,0.3,0.1296098300892731,6.019409494574075,,,,,4.949999809265137,PSZ2
ComPACT_G219.154+34.636,136.60833,10.35833,0.9516776204109192,27,2,0.135,spec,ACT-MCMF,0.16,0.1156518483873514,0.6194612477684469,0.1379,0.0367332800397418,0.996,0.987,2.19576,ComPRASS
ComPACT_G218.826+19.689,123.025,3.875,0.885669469833374,39,1,,,,0.76,0.175471769967016,0.931310340526597,,,,,,
ComPACT_G28.236+45.728,239.225,16.0,0.9276252388954164,32,1,0.232,spec,REDMAPPER-DES-SDSS,0.23,0.1226308392383123,3.1172070804862626,0.2362,0.039906565414473,0.999,0.99,2.728463,ComPRASS
ComPACT_G303.069+76.847,192.89167,13.975,0.9236127138137816,43,1,,,,0.22,0.1216338405453179,0.4426261066762054,,,,,,
ComPACT_G358.377-47.332,323.5,-42.64167,0.9945619702339172,57,1,0.196,spec,SPT2500D,0.19,0.1186428444663346,3.9687914904299824,0.2162,0.0392609325813639,1.0,0.999,4.210000038146973,PSZ2
ComPACT_G252.466-25.531,92.94167,-45.05,0.9061867594718932,25,3,0.096,phot,ACTDR6,0.12,0.1116638536153738,0.1319280816330255,,,,,2.260182863906068,PSZ-MCMF
ComPACT_G11.911-63.530,342.96667,-33.4,0.999489426612854,61,1,0.23,spec,ACTDR6,,,,,,,,4.25,PSZ2
ComPACT_G195.382-29.092,69.29167,0.73333,0.9990673661231996,65,1,0.284,spec,ACT-MCMF,0.3,0.1296098300892731,9.2336796562857,0.299,0.0419338525104355,0.999,0.991,5.559999942779541,PSZ2
ComPACT_G327.328-58.322,350.95,-54.45833,0.9509099125862122,31,1,,,,0.21,0.1206368418523234,0.2845189167189388,,,,,,
ComPACT_G19.236-73.159,353.925,-29.83333,0.9998937845230104,62,1,0.751,phot,ACT-MCMF,,,,,,,,9.313156686782982,ACTDR6
ComPACT_G357.862+55.781,220.38333,5.13333,0.973805606365204,43,1,0.401,spec,ACTDR6,0.4,0.1395798170192172,6.868090451588932,0.409,0.0454848330925356,0.989,0.985,2.237870665512941,ACTDR6
ComPACT_G40.823-38.010,320.29167,-10.63333,0.9970698356628418,41,1,0.407,phot,ACT-MCMF,0.42,0.141573814405206,26.567085742676927,0.4124,0.0455945906741641,1.0,0.994,6.43992616456626,ACTDR6
ComPACT_G238.762+63.230,168.225,13.44167,0.997718095779419,61,1,0.167,spec,ACTDR6,0.16,0.1156518483873514,2.601578540732264,0.1823,0.038166584929244,1.0,0.992,4.46999979019165,PSZ2
ComPACT_G292.394-57.124,24.0,-59.08333,0.9825384616851808,43,1,0.507,phot,ACTDR6,0.49,0.1485528052561669,6.196223019809007,0.4982,0.0483643555282021,1.0,0.993,4.789999961853027,PSZ2
ComPACT_G118.812-44.865,9.79167,17.90833,0.9863861799240112,40,1,,,,0.73,0.1724807738880327,1.897701214367185,,,,,,
ComPACT_G37.214-61.315,341.875,-21.6,0.9969272017478944,55,1,0.301,phot,ACT-MCMF,,,,,,,,4.932525134287112,ACTDR6
ComPACT_G35.978-64.100,344.59167,-22.925,0.9985546469688416,58,1,0.525,phot,ACT-MCMF,,,,,,,,6.943591429214284,ACTDR6
ComPACT_G80.998-50.923,347.89167,3.63333,0.9999403953552246,71,1,0.306,spec,ACTDR6,0.31,0.1306068287822676,8.005232454080986,0.2939,0.0417692161379927,0.999,0.996,7.519999980926514,PSZ2
ComPACT_G245.725-50.789,57.75,-41.15,0.9968140721321106,50,1,0.649,phot,PSZ-MCMF,0.63,0.1625107869580886,4.226623313035367,0.6659,0.0537779868338219,1.0,0.995,3.760187,PSZSPT
ComPACT_G249.884-77.398,25.025,-34.175,0.99950110912323,54,1,0.4,phot,SPTECS,0.39,0.1385828183262228,12.177703135169743,0.4056,0.045375075510907,0.991,0.982,5.8132960268110025,PSZ-MCMF
ComPACT_G262.115-39.286,72.49167,-54.1,0.9972500205039978,51,1,0.615,phot,ACTDR5,0.16,0.1156518483873514,0.7601131294591501,0.2163,0.0392641607455294,0.979,0.891,2.539454723185103,ACTDR6
ComPACT_G62.078-46.331,335.75,-1.75,0.9968775510787964,35,1,0.399,spec,REDMAPPER-DES-SDSS,0.43,0.1425708130982004,17.271283226278538,0.4209,0.0458689846282355,0.997,0.982,6.684709031242641,ACTDR6
ComPACT_G359.073-32.121,303.00833,-41.48333,0.9060222506523132,23,3,0.15,spec,PSZ2,,,,,,,,4.71999979019165,PSZ2
ComPACT_G212.005-25.471,79.525,-10.55,0.970322847366333,23,3,,,,,,,,,,,,
ComPACT_G226.338-31.225,78.825,-24.38333,0.9640516638755798,35,1,,,,0.5700000000000001,0.1565287948001222,0.7552812935350202,,,,,,
ComPACT_G4.257-72.452,354.18333,-34.3,0.9988932013511658,53,1,0.742,phot,ACTDR6,,,,,,,,4.499510986058561,ACTDR6
ComPACT_G272.252-48.957,51.85833,-57.83333,0.9759861826896667,22,3,0.063,phot,MARD-Y3,0.22,0.1216338405453179,1.126150085353066,,,,,0.7116000056266785,MCXC2
ComPACT_G281.758+75.654,187.575,13.65833,0.9983434677124025,39,1,0.975,spec,ACT-MCMF,0.96,0.1954117438269041,30.589156784489944,,,,,4.090356641242355,ACTDR6
ComPACT_G130.266-62.622,16.225,0.05833,0.9989620447158812,85,1,0.275,spec,ACTDR6,0.26,0.1256218353172955,15.844311542331363,0.2744,0.0411397241257114,1.0,0.995,5.710000038146973,PSZ2
ComPACT_G256.576+48.671,164.25,-3.625,0.9999938011169434,44,1,0.831,spec,MCXC2,0.65,0.1645047843440774,3.689682244758018,0.8097,0.0584200869038762,1.0,0.959,10.626803258762344,ACTDR6
ComPACT_G287.564+58.595,184.90833,-3.325,0.9990367889404296,68,1,0.3,spec,ACT-MCMF,0.3,0.1296098300892731,7.624362401853194,0.3025,0.0420468382562296,0.999,0.983,4.190000057220459,PSZ2
ComPACT_G309.400-72.861,10.20833,-44.13333,0.9999946355819702,63,1,0.35,spec,ACTDR6,0.36,0.1355918222472396,22.94461343234873,0.3619,0.0439643677705636,1.0,0.997,5.820000171661377,PSZ2
ComPACT_G28.787+35.049,249.475,12.075,0.9966674447059632,32,1,1.397,phot,ACTDR6,0.99,0.1984027399058874,3.581971289579495,,,,,4.574735998438595,ACTDR6
ComPACT_G158.783-63.388,28.125,-4.85,0.836097240447998,24,3,0.52,phot,MaDCoWS_II,0.53,0.1525408000281445,1.2413699882046805,0.5693,0.0506595802499049,0.985,0.99,,
ComPACT_G9.987+60.831,220.31667,13.24167,0.9982755184173584,67,1,0.514,spec,REDMAPPER-DES-SDSS,0.5,0.1495498039491613,9.256632793319303,0.5203,0.0490777798087877,1.0,0.996,4.502620522961267,ACTDR6
ComPACT_G85.630-72.668,2.18333,-12.96667,0.9723935723304749,28,2,,,,0.28,0.1276158327032843,0.8772792760902126,,,,,,
ComPACT_G22.655+27.976,253.475,4.225,0.9996581077575684,66,1,0.664,spec,ACTDR6,0.68,0.1674957804230607,3.093573276258325,0.6696,0.053897428907947,0.99,0.927,5.826081259235999,ACTDR6
ComPACT_G233.239-30.026,82.06667,-29.70833,0.9816661477088928,57,1,0.157,spec,ACT-MCMF,0.16,0.1156518483873514,1.5077855115771688,0.1669,0.03766944764775,0.997,0.96,3.3499999046325684,PSZ2
ComPACT_G222.439+15.712,121.13333,-1.03333,0.9953125715255736,30,2,0.6900000000000001,phot,zCluster,0.6900000000000001,0.1684927791160551,4.602229274056467,,,,,,
ComPACT_G358.299+56.819,219.78333,6.01667,0.90238356590271,32,1,0.445,spec,ACTDR6,0.46,0.1455618091771837,1.6934365416479276,0.4489,0.0467728705945882,1.0,0.999,2.719214355501521,ACTDR6
ComPACT_G237.543-76.747,27.075,-31.925,0.9960273504257202,45,1,0.147,spec,ACTDR6,0.15,0.114654849694357,3.464210106114109,0.1643,0.0375855153794458,1.0,0.98,3.357714901215876,PSZ-MCMF
ComPACT_G76.483-57.609,349.975,-3.24167,0.9944960474967957,41,1,1.165,phot,ACTDR6,1.2,0.21933971245877,9.730669833285225,,,,,2.7742418216794404,ACTDR6
ComPACT_G191.646-28.044,68.39167,4.05833,0.9945853352546692,42,1,0.202,phot,ACTDR6,,,,,,,,4.53000020980835,PSZ2
ComPACT_G113.085-52.119,6.73333,10.28333,0.9701377153396606,25,3,0.466,phot,ACT-MCMF,0.5,0.1495498039491613,1.0951178710730645,,,,,2.30912,ACT-MCMF
ComPACT_G225.856+41.821,145.525,8.95833,0.999519109725952,87,1,0.218,spec,ACT-MCMF,0.2,0.119639843159329,5.862734943914607,0.2207,0.0394061999688134,0.999,0.994,4.039999961853027,PSZ2
ComPACT_G342.602-39.611,313.99167,-54.93333,0.993831992149353,58,1,0.139,spec,SPT-MCMF,0.15,0.114654849694357,1.318986997266459,0.1491,0.0370948344262829,0.999,0.936,3.009999990463257,PSZ2
ComPACT_G288.647+62.878,186.4,0.725,0.9636780023574828,32,1,0.238,spec,REDMAPPER-DES-SDSS,1.5,0.2492496732486022,1.934284926207607,0.2445,0.0401745030402133,0.985,1.0,1.360713956916152,yact
ComPACT_G312.030-78.820,10.625,-38.15,0.9984418749809264,57,1,0.22,spec,SPTECS,0.2,0.119639843159329,4.44982914507074,0.2362,0.039906565414473,0.996,0.937,3.650000095367432,PSZ2
ComPACT_G334.049-49.828,334.95833,-57.13333,0.9980250597000122,58,1,0.299,phot,ACT-MCMF,0.3,0.1296098300892731,15.751219868426997,0.3204,0.0426246796418623,0.999,0.982,4.535508,PSZSPT
ComPACT_G201.334-31.193,70.09167,-4.76667,0.9990532994270324,50,1,0.46,phot,ACT-MCMF,0.46,0.1455618091771837,17.131260188196663,0.4625,0.0472119009211024,1.0,0.989,6.0308432097771965,ACTDR6
ComPACT_G123.534-61.179,13.15,1.69167,0.9946619868278505,41,1,0.446,spec,ACTDR6,0.42,0.141573814405206,8.265187152759633,0.4526,0.0468923126687134,0.995,0.996,3.533090934950558,ACTDR6
ComPACT_G27.261+15.749,266.29167,2.24167,0.9771742224693298,23,3,,,,,,,,,,,,
ComPACT_G220.188+22.928,126.49167,4.25,0.977594792842865,28,2,0.225,spec,ACT-MCMF,0.24,0.1236278379313067,4.603250726514677,0.2316,0.0397580698628579,0.998,0.964,4.869999885559082,PSZ2
ComPACT_G355.236-70.034,352.83333,-37.90833,0.9904581308364868,55,1,0.282,phot,ACT-MCMF,0.26,0.1256218353172955,4.754528842862601,,,,,3.3570096932447964,ACTDR6
ComPACT_G133.024-47.410,19.90833,14.90833,0.997899889945984,41,1,0.128,spec,ACT-MCMF,0.16,0.1156518483873514,1.512463971731136,0.1332,0.0365815563239612,0.994,0.951,2.589559,ComPRASS
ComPACT_G110.081-74.736,9.425,-12.20833,0.9932639598846436,27,2,,,,0.66,0.1655017830370719,2.349945801100481,,,,,,
ComPACT_G101.559-59.049,2.05,2.01667,0.9998470544815063,65,1,0.366,spec,ACTDR6,0.39,0.1385828183262228,12.389539873466832,0.3765,0.0444356797387333,0.999,0.98,5.690000057220459,PSZ2
ComPACT_G14.049+38.391,240.83333,3.29167,0.990962564945221,41,1,0.222,spec,ACT-MCMF,0.24,0.1236278379313067,6.333285856156921,0.2255,0.0395611518487596,1.0,0.996,4.730000019073486,PSZ2
ComPACT_G215.597+22.597,124.26667,7.875,0.9995346069335938,68,1,0.254,spec,ACTDR5,0.25,0.1246248366243011,8.838184517737457,0.2658,0.0408621020074745,0.998,0.991,5.25,PSZ2
ComPACT_G29.048+48.107,237.14167,17.40833,0.9922526478767396,37,1,0.326,spec,ACTDR6,0.32,0.131603827475262,1.61068880491742,0.3192,0.0425859416718757,0.985,0.901,2.129280237443087,ACTDR6
ComPACT_G73.833-54.919,347.09167,-2.19167,0.9998650550842284,75,1,0.298,spec,RASS-MCMF,0.3,0.1296098300892731,9.113835236827304,0.3,0.041966134152091,1.0,0.996,5.519999980926514,PSZ2
ComPACT_G299.028-59.022,16.65,-57.99167,0.983059823513031,27,2,0.257,phot,PSZSPT,0.26,0.1256218353172955,14.860486574326703,0.3084,0.0422372999419968,0.999,0.996,2.676639,PSZSPT
ComPACT_G229.292+54.779,158.225,13.175,0.9998034834861756,65,1,0.665,spec,ACTDR6,0.66,0.1655017830370719,6.922008385342696,0.6945,0.0547012417851679,1.0,0.991,7.445385492578305,ACTDR6
ComPACT_G230.520+71.498,174.04167,20.30833,0.9983470439910888,74,1,0.313,spec,REDMAPPER-DES-SDSS,0.33,0.1326008261682564,5.738360679749502,0.3122,0.0423599701802875,0.999,0.984,5.349999904632568,PSZ2
ComPACT_G71.587-38.003,334.31667,9.05,0.9959958791732788,44,1,0.288,spec,REDMAPPER-DES-SDSS,0.28,0.1276158327032843,4.2749315989578935,0.2847,0.0414722250347625,0.999,0.992,4.065842,ComPRASS
ComPACT_G348.952-46.513,323.68333,-49.125,0.99881774187088,46,1,0.568,phot,ACTDR5,0.55,0.1545347974141334,6.54847621319808,0.5563,0.050239918908384,0.998,0.917,5.953308249808492,PSZ-MCMF
ComPACT_G345.247-27.933,294.175,-52.65833,0.9737598299980164,27,2,0.238,phot,ACTDR6,,,,,,,,3.0538555088334123,ACTDR6
ComPACT_G240.307-50.340,58.65,-37.75,0.9997345805168152,78,1,0.251,spec,ACTDR6,0.25,0.1246248366243011,7.234393362870323,0.2679,0.0409298934549509,0.998,0.975,5.159999847412109,PSZ2
ComPACT_G210.147-21.467,82.425,-7.275,0.8355060815811157,22,3,,,,,,,,,,,,
ComPACT_G19.125+31.232,249.125,3.14167,0.9993828535079956,79,1,0.274,spec,ACTDR6,0.28,0.1276158327032843,9.710435593923169,0.2799,0.0413172731548164,0.999,0.985,6.650000095367432,PSZ2
ComPACT_G254.518-27.324,90.99167,-47.23333,0.9902955889701844,72,1,0.274,spec,ACTDR5,0.28,0.1276158327032843,6.681955869203624,0.292,0.0417078810188474,0.997,0.987,4.880000114440918,PSZ2
ComPACT_G245.639+70.239,175.69167,15.45833,0.9999306201934814,72,1,1.19,spec,ACTDR5,0.15,0.114654849694357,0.393216561550552,,,,,7.409467180299648,ACTDR6
ComPACT_G170.164-62.671,32.725,-7.33333,0.9659422636032104,32,1,0.45,phot,zCluster,0.45,0.1445648104841893,4.659719282960167,,,,,4.038681909042814,yact
ComPACT_G16.588-50.216,327.28333,-30.70833,0.9927343130111694,34,1,0.12,spec,ACTDR6,,,,,,,,4.239969536556358,ACTDR6
ComPACT_G92.261-55.748,356.15,3.09167,0.9981264472007751,60,1,0.349,spec,ACT-MCMF,0.37,0.136588820940234,10.357913821810342,0.3438,0.0433800700565999,1.0,0.996,5.139999866485596,PSZ2
ComPACT_G349.512+74.049,204.825,15.68333,0.9993172883987428,52,1,0.644,spec,ACTDR5,0.5800000000000001,0.1575257934931166,6.513071957108863,0.648,0.0532001454481892,1.0,0.993,6.698577683562237,ACTDR6
ComPACT_G233.438-17.148,95.86667,-25.61667,0.9957624077796936,44,1,0.35,spec,ACTDR6,,,,,,,,5.309999942779541,PSZ2
ComPACT_G231.570+60.029,163.56667,14.65,0.9994008541107178,73,1,0.301,spec,RASS-MCMF,0.29,0.1286128313962787,12.44966858145296,0.2956,0.041824094928807,1.0,0.995,6.639999866485596,PSZ2
ComPACT_G217.818-44.584,62.78333,-21.96667,0.9974368810653688,65,1,0.636,phot,ACTDR5,0.5800000000000001,0.1575257934931166,5.638543912556265,0.6461,0.0531388103290439,1.0,0.972,6.745014665598233,ACTDR6
ComPACT_G30.118-60.021,339.55833,-24.63333,0.9913034439086914,28,2,0.463,phot,ACT-MCMF,,,,,,,,4.871567975653913,ACTDR6
ComPACT_G236.795-65.937,39.68333,-34.275,0.9928361773490906,36,1,0.65,phot,SPTECS,,,,,,,,4.18757112223441,ACTDR6
ComPACT_G224.368-47.338,61.09167,-27.05833,0.977668046951294,46,1,0.291,phot,PSZ2,0.28,0.1276158327032843,8.196755989412292,0.2974,0.0418822018837868,1.0,0.998,4.730000019073486,PSZ2
ComPACT_G221.099-44.056,64.04167,-24.075,0.9998157620429992,79,1,0.396,spec,ACT-MCMF,0.39,0.1385828183262228,10.289140955602855,0.389,0.0448392002594265,1.0,0.995,5.800000190734863,PSZ2
ComPACT_G221.530+48.921,150.625,14.85,0.882681131362915,38,1,,,,0.56,0.1555317961071278,0.8106185929649998,,,,,,
ComPACT_G20.279+50.290,232.65,13.075,0.997072696685791,56,1,0.803,spec,ACTDR6,0.6,0.1595197908791054,1.1015357008967666,0.7715,0.0571869281926379,1.0,0.986,4.670538288183456,ACTDR6
ComPACT_G258.369-38.566,74.125,-51.26667,0.9959388971328736,44,1,0.562,spec,ACTDR6,0.54,0.1535377987211389,2.9477262884845143,0.5416,0.0497653787760488,0.998,0.988,5.21999979019165,PSZ2
ComPACT_G231.107+46.493,151.51667,8.025,0.9821428656578064,22,3,0.541,spec,REDMAPPER-DES-SDSS,0.55,0.1545347974141334,1.4654782485348794,,,,,2.14983,RASS-MCMF
ComPACT_G37.190-65.591,346.3,-22.825,0.9999637603759766,71,1,0.704,phot,ACTDR5,,,,,,,,12.665147763003311,ACTDR6
ComPACT_G224.426-39.677,69.40833,-25.31667,0.9976212382316588,54,1,,,,0.21,0.1206368418523234,0.4556228387700529,,,,,,
ComPACT_G221.938+27.823,131.575,5.14167,0.9988032579421996,61,1,0.237,spec,ACT-MCMF,0.24,0.1236278379313067,11.962636689538188,0.256,0.040545741919251,1.0,0.995,3.112082,ComPRASS
ComPACT_G212.501-18.192,86.375,-7.81667,0.9779922366142272,21,3,,,,,,,,,,,,
ComPACT_G84.861-62.179,356.08333,-4.375,0.9985550045967102,48,1,0.079,spec,ACTDR5,0.15,0.114654849694357,0.420819235794025,0.0864,0.0350707754944859,0.982,0.968,3.119999885559082,PSZ2
ComPACT_G222.029+56.878,158.35,17.75833,0.8910238146781921,24,3,,,,0.49,0.1485528052561669,1.577180873395173,,,,,,
ComPACT_G158.045-56.921,31.15833,0.875,0.99116849899292,41,1,,,,0.17,0.1166488470803458,0.3036137742218188,,,,,,
ComPACT_G212.106-25.550,79.49167,-10.66667,0.982452392578125,25,3,,,,,,,,,,,,
ComPACT_G164.331-39.459,44.46667,13.04167,0.9971593618392944,54,1,0.072,spec,ACTDR5,,,,,,,,5.239999771118164,PSZ2
ComPACT_G277.580+56.753,179.25833,-3.41667,0.910906970500946,26,2,,,,0.21,0.1206368418523234,1.3667035207446827,,,,,,
ComPACT_G231.300+29.695,137.31667,-1.01667,0.9855624437332152,25,3,0.812,spec,ACTDR6,0.66,0.1655017830370719,0.9802349387458916,,,,,3.350059381929698,ACTDR6
ComPACT_G217.185-57.845,48.675,-24.90833,0.9946787357330322,43,1,0.417,phot,ACT-MCMF,0.43,0.1425708130982004,12.30870812186802,0.431,0.0461950292089556,1.0,0.996,5.144831280817316,ACTDR6
ComPACT_G198.688-15.598,82.45,5.06667,0.992182433605194,36,1,0.174,phot,ACTDR6,,,,,,,,4.755188273662871,ACTDR6
ComPACT_G111.608-45.714,4.64167,16.43333,0.999964952468872,75,1,0.547,spec,ACT-MCMF,0.53,0.1525408000281445,12.732612524243736,0.5518,0.0500946515209345,1.0,0.995,9.789999961853027,PSZ2
ComPACT_G262.454-20.582,103.975,-52.56667,0.996509850025177,47,1,0.47,spec,ACTDR6,,,,,,,,6.085250039418508,ACTDR6
ComPACT_G186.372-29.452,64.55833,7.025,0.9792582392692566,32,1,,,,,,,,,,,,
ComPACT_G217.076+40.174,141.04167,14.18333,0.8940920829772949,39,1,0.138,spec,ACT-MCMF,0.15,0.114654849694357,2.711432067794401,0.1446,0.0369495670388333,1.0,0.997,3.890000104904175,PSZ2
ComPACT_G6.407+53.776,225.1,7.64167,0.940152645111084,21,3,0.6724,phot,zaznobin,,,,0.6724,0.0539878175045823,0.991,1.0,,
ComPACT_G210.639+17.094,117.2,9.675,0.9996165037155152,66,1,0.48,spec,PSZ1,0.47,0.1465588078701781,7.690663155071821,0.4739,0.0475799116359746,1.0,0.996,7.789999961853027,PSZ2
ComPACT_G262.320+70.938,180.3,12.14167,0.9517894983291626,30,2,0.306,spec,ACT-MCMF,0.28,0.1276158327032843,4.712883185249823,0.3138,0.0424116208069363,0.999,0.991,3.732197,ComPRASS
ComPACT_G12.584-20.084,292.95,-26.56667,0.9955937266349792,52,1,0.352,spec,PSZ1,,,,,,,,6.96999979019165,PSZ2
ComPACT_G206.325-26.165,76.61667,-6.26667,0.8011236786842346,29,2,,,,,,,,,,,,
ComPACT_G171.170-80.413,20.48333,-20.54167,0.9966347813606262,35,1,0.313,spec,PSZ2,0.3,0.1296098300892731,13.095121557464308,0.3134,0.0423987081502741,0.999,0.989,3.430000066757202,PSZ2
ComPACT_G52.377-32.002,319.75833,0.55,0.9623925685882568,23,3,0.275,spec,ACTDR6,0.24,0.1236278379313067,5.822654496764359,0.2727,0.0410848453348971,1.0,0.996,4.699999809265137,PSZ2
ComPACT_G223.212+18.290,123.75,-0.44167,0.9664310812950134,26,2,0.301,phot,REDMAPPER-DES-SDSS,0.36,0.1355918222472396,2.8234957266269607,,,,,,
ComPACT_G156.650-50.964,33.45833,6.43333,0.9943354725837708,41,1,0.357,spec,ACTDR5,0.36,0.1355918222472396,3.7303407800678654,0.3659,0.0440934943371855,0.995,0.977,4.483995483873575,ACTDR6
ComPACT_G2.253+65.301,214.5,12.975,0.9886074662208556,65,1,0.823,phot,ACT-MCMF,0.81,0.180456763431988,1.303060353136869,,,,,3.375614434310186,ACTDR6
ComPACT_G195.081-79.454,23.80833,-23.475,0.9891392588615416,30,2,0.222,phot,RASS-MCMF,0.22,0.1216338405453179,6.459672072315197,0.2248,0.0395385546996008,0.999,0.989,3.900000095367432,PSZ2
ComPACT_G131.194-59.746,17.01667,2.85833,0.9966464638710022,64,1,0.322,spec,ACT-MCMF,0.33,0.1326008261682564,13.903056204548122,0.323,0.0427086119101665,1.0,0.993,5.352092649409759,PSZ-MCMF
ComPACT_G206.758-33.225,70.41667,-9.775,0.996973156929016,48,1,0.455,spec,ACTDR6,0.46,0.1455618091771837,12.321521386590137,0.4603,0.0471408813094604,1.0,0.996,6.349999904632568,PSZ2
ComPACT_G246.801+48.136,159.20833,0.49167,0.9795936346054076,24,3,0.83,phot,MaDCoWS_II,0.54,0.1535377987211389,1.1147737707287655,,,,,,
ComPACT_G262.785+72.842,181.575,13.59167,0.968841016292572,46,1,0.322,spec,ACTDR6,0.32,0.131603827475262,5.923904271045062,0.3295,0.0429184425809269,0.988,0.983,2.550002780972148,ACTDR6
ComPACT_G217.886-50.173,56.96667,-23.54167,0.9947286248207092,71,1,0.398,phot,ACT-MCMF,0.39,0.1385828183262228,12.477341779547828,0.3938,0.0449941521393726,1.0,0.995,5.690843448189206,PSZ-MCMF
ComPACT_G311.927-63.775,6.28333,-52.89167,0.9701382517814636,22,3,,,,0.15,0.114654849694357,0.1676232504852537,,,,,,
ComPACT_G296.335-79.845,14.31667,-37.20833,0.968265414237976,21,3,0.797,phot,ACTDR6,0.74,0.1734777725810271,5.891190597571852,0.7931,0.0578842116523957,1.0,0.986,2.565907074159048,ACTDR6
ComPACT_G94.636-41.253,351.00833,16.76667,0.8965073823928833,25,3,0.042,spec,PSZ2,0.27,0.1266188340102899,0.6538199726845508,,,,,1.7599999904632568,PSZ2
ComPACT_G73.968-27.826,328.41667,17.69167,0.99892920255661,91,1,0.23,spec,ACTDR5,0.23,0.1226308392383123,8.250679099843689,0.2324,0.0397838951761823,0.999,0.975,9.800000190734863,PSZ2
ComPACT_G175.236-55.385,39.63333,-3.79167,0.9757712483406068,41,1,0.325,spec,REDMAPPER-DES-SDSS,0.32,0.131603827475262,17.541803649218675,0.3172,0.0425213783885648,0.999,0.978,5.325229612498862,PSZ-MCMF
ComPACT_G28.886+60.142,225.08333,21.35833,0.9864880442619324,47,1,0.153,spec,MCXC2,0.16,0.1156518483873514,5.088105494704846,0.1565,0.0373337185745333,1.0,0.948,4.539999961853027,PSZ2
ComPACT_G225.984+15.420,122.54167,-4.15833,0.9882968068122864,22,3,,,,0.16,0.1156518483873514,1.1668889055734484,,,,,,
ComPACT_G7.754-19.842,290.85833,-30.725,0.9393483400344848,32,1,,,,,,,,,,,,
ComPACT_G329.329-52.801,342.66667,-57.69167,0.9158523678779602,21,3,,,,0.15,0.114654849694357,0.2488065023406267,,,,,,
ComPACT_G324.590+55.813,204.875,-5.025,0.9846279621124268,22,3,,,,0.55,0.1545347974141334,2.1926532526682583,,,,,,
ComPACT_G119.301-64.711,11.30833,-1.88333,0.9998801946640016,62,1,0.548,spec,MaDCoWS_II,0.53,0.1525408000281445,8.450445752669989,0.554,0.0501656711325765,1.0,0.995,6.320000171661377,PSZ2
ComPACT_G358.336-17.096,283.89167,-38.1,0.9994675517082214,76,1,,,,,,,,,,,,
ComPACT_G119.547-66.828,11.525,-3.99167,0.9986457228660583,71,1,0.55,spec,ACT-MCMF,0.54,0.1535377987211389,4.300838475828808,0.5529,0.0501301613267555,1.0,0.998,6.366010293501676,PSZ-MCMF
ComPACT_G156.652-56.671,30.625,1.475,0.9893431663513184,39,1,1.22,phot,ACTDR6,1.05,0.2043847320638538,4.785045579847528,,,,,2.1889408362336806,ACTDR6
ComPACT_G240.887+61.443,167.325,11.6,0.9161611795425416,38,1,,,,0.18,0.1176458457733402,0.5377105496497201,,,,,,
ComPACT_G32.154+47.552,238.45833,19.16667,0.9918513894081116,46,1,,,,0.74,0.1734777725810271,0.7935014011905068,,,,,,
ComPACT_G263.094-59.516,41.73333,-47.7,0.981758177280426,22,3,,,,0.49,0.1485528052561669,0.9781417301160524,,,,,,
ComPACT_G77.159-56.861,349.775,-2.43333,0.9459587335586548,47,1,0.107,spec,ACTDR6,0.15,0.114654849694357,0.6136964489158596,0.1144,0.0359746614608386,0.997,0.983,3.0370241460997205,ACTDR6
ComPACT_G306.748+58.629,194.85,-4.18333,0.9990170001983644,78,1,0.084,spec,ACTDR5,0.13,0.1126608523083682,0.4339774340920888,0.0859,0.0350546346736582,0.999,0.896,5.070000171661377,PSZ2
ComPACT_G230.629+48.314,152.925,9.24167,0.9991601705551147,61,1,0.381,spec,ACT-MCMF,0.37,0.136588820940234,9.785634187893312,0.3828,0.0446390540811626,0.995,0.982,3.700326,ComPRASS
ComPACT_G236.630-73.043,31.36667,-32.71667,0.970893383026123,21,3,,,,0.16,0.1156518483873514,0.2712649633902289,,,,,,
ComPACT_G90.664-52.410,353.75833,5.60833,0.9893524646759032,43,1,0.196,spec,ACTDR6,0.2,0.119639843159329,1.4803685416622687,0.204,0.0388670965531674,0.999,0.992,4.28000020980835,PSZ2
ComPACT_G81.765-43.046,343.59167,10.275,0.9975327253341676,35,1,0.859,phot,ACTDR6,0.85,0.1844447582039656,7.556177810528222,0.8273,0.0589882437970122,1.0,0.988,6.076847920904314,ACTDR6
ComPACT_G215.209-49.655,57.0,-21.74167,0.999255359172821,78,1,0.24,spec,PSZ2,0.35,0.1345948235542452,7.835954671586792,0.3486,0.0435350219365461,1.0,0.998,5.989999771118164,PSZ2
ComPACT_G243.662+67.749,173.21667,14.46667,0.99294513463974,54,1,0.083,spec,MCXC2,0.13,0.1126608523083682,0.1922732910353091,0.092,0.0352515526877564,0.995,0.892,3.920000076293945,PSZ2
ComPACT_G65.936-23.315,319.85833,15.35,0.9995310306549072,54,1,0.244,spec,ACTDR6,0.27,0.1266188340102899,5.026987235996472,0.2466,0.0402422944876897,0.984,0.951,4.349999904632568,PSZ2
ComPACT_G28.947+39.815,245.06667,14.15,0.9203091859817504,28,2,,,,0.49,0.1485528052561669,1.506381614372215,,,,,,
ComPACT_G200.215+22.279,118.01667,20.74167,0.9951977133750916,63,1,0.396,spec,REDMAPPER-DES-SDSS,0.41,0.1405768157122116,21.456275310048635,0.4214,0.0458851254490632,1.0,0.994,4.437486,ComPRASS
ComPACT_G149.544-69.305,22.06667,-8.35833,0.9993280172348022,54,1,0.91,spec,ACTDR6,0.8300000000000001,0.1824507608179768,4.05261791410419,,,,,5.187659910761385,ACTDR6
ComPACT_G116.259-72.944,10.875,-10.175,0.993730902671814,38,1,0.479,spec,PSZ2,0.49,0.1485528052561669,1.2281162200793476,0.4838,0.0478994998883636,1.0,0.994,5.78000020980835,PSZ2
ComPACT_G77.541-63.589,354.23333,-7.49167,0.912407398223877,29,2,0.488,phot,ACTDR5,0.14,0.1136578510013626,0.1885455920740579,,,,,1.870997500509909,ACTDR5
ComPACT_G261.921-47.059,59.84167,-52.30833,0.9974910020828248,39,1,0.682,phot,ACTDR5,0.65,0.1645047843440774,0.5990140757749334,0.6788,0.0541944200111772,1.0,0.997,3.696597,PSZSPT
ComPACT_G69.651-64.540,352.34167,-10.54167,0.9382011890411376,30,2,,,,0.68,0.1674957804230607,2.0405282313256627,,,,,,
ComPACT_G92.994-42.503,350.45833,15.1,0.9879403114318848,32,1,0.462,spec,ACTDR5,0.44,0.1435678117911948,12.005989056503942,0.1498,0.0371174315754417,0.987,0.937,5.543376513309526,ACTDR6
ComPACT_G264.396-35.037,79.63333,-56.28333,0.9877034425735474,39,1,0.099,phot,MARD-Y3,0.19,0.1186428444663346,0.2530464436636326,0.1052,0.0356776703576084,0.998,0.984,1.05247,RASS-MCMF
ComPACT_G295.759+57.750,189.025,-4.90833,0.9909051060676576,40,1,,,,0.25,0.1246248366243011,0.5843775140761123,,,,,,
ComPACT_G223.106+23.034,127.85833,1.93333,0.9984643459320068,47,1,0.652,spec,ACTDR6,0.68,0.1674957804230607,6.422178006257396,0.6927,0.054643134830188,1.0,0.999,4.490195254208952,ACTDR6
ComPACT_G211.244+38.652,137.8,17.775,0.9999408721923828,78,1,0.505,spec,MCXC2,0.49,0.1485528052561669,12.522776457322893,0.5055,0.0486000115122869,1.0,0.996,6.989999771118164,PSZ2
ComPACT_G271.014-63.023,34.08333,-48.50833,0.9987364411354064,63,1,0.47,phot,PSZSPT,0.42,0.141573814405206,9.217445589402471,0.4336,0.0462789614772597,0.998,0.981,3.602154,PSZSPT
ComPACT_G335.590-46.450,328.525,-57.85833,0.943565845489502,55,1,0.076,spec,ACT-MCMF,0.5,0.1495498039491613,2.1467128389383414,0.0847,0.0350158967036716,1.0,0.994,4.190000057220459,PSZ2
ComPACT_G322.231-56.409,352.89167,-57.625,0.996326506137848,38,1,0.27,phot,PSZSPT,0.28,0.1276158327032843,4.476704661558625,0.3187,0.042569800851048,0.996,0.989,2.481782,PSZSPT
ComPACT_G28.036-51.894,330.58333,-23.93333,0.8705558180809021,22,3,,,,,,,,,,,,
ComPACT_G272.991+56.401,176.80833,-2.69167,0.9126113653182985,31,1,,,,0.47,0.1465588078701781,0.6213282935359075,,,,,,
ComPACT_G211.788+39.757,139.04167,17.775,0.967452883720398,31,1,,,,0.9,0.1894297516689377,1.9578457523234296,,,,,,
ComPACT_G239.957+64.840,169.89167,13.93333,0.9413461089134216,22,3,,,,0.14,0.1136578510013626,0.1933769162433354,,,,,,
ComPACT_G261.960-45.641,62.06667,-52.73333,0.9806908369064332,30,2,,,,0.6,0.1595197908791054,0.5793768823207992,,,,,,
ComPACT_G71.821-56.565,347.39167,-4.16667,0.9997716546058656,60,1,0.822,spec,LP15,0.76,0.175471769967016,10.63727946325842,0.7732,0.0572418069834521,1.0,0.958,6.090000152587891,PSZ2
ComPACT_G227.453+39.011,143.65,6.525,0.9941587448120116,29,2,0.461,spec,ACTDR6,0.46,0.1455618091771837,7.246718453130976,0.4578,0.0470601772053217,0.986,0.98,2.7838412414827727,ACTDR6
ComPACT_G207.324-19.532,82.95833,-4.04167,0.9621408581733704,25,3,,,,,,,,,,,,
ComPACT_G24.244+36.816,246.225,9.53333,0.9991705417633056,59,1,0.415,spec,ACT-MCMF,0.42,0.141573814405206,9.763242551550428,0.4156,0.0456978919274616,0.995,0.96,4.88167493501293,ACTDR6
ComPACT_G59.031-62.602,347.76667,-12.98333,0.9905735850334167,42,1,0.422,phot,RASS-MCMF,0.41,0.1405768157122116,15.994844266729466,0.4323,0.0462369953431077,0.995,0.941,4.628780072936344,ACTDR6
ComPACT_G2.220+66.979,213.13333,14.0,0.9672070741653442,65,1,0.14,spec,REDMAPPER-DES-SDSS,0.15,0.114654849694357,1.9341005154600617,0.1439,0.0369269698896745,0.988,0.86,1.942698,ComPRASS
ComPACT_G262.675-75.329,24.81667,-37.81667,0.9595298171043396,32,1,0.715,phot,ACTDR5,0.63,0.1625107869580886,4.1198868596349385,0.7165,0.0554114379015879,0.999,0.99,3.8677531266237,ACTDR6
ComPACT_G295.367+72.646,190.575,9.90833,0.963502049446106,35,1,,,,0.22,0.1216338405453179,0.3969549064112798,,,,,,
ComPACT_G218.294+28.315,130.53333,8.225,0.965010106563568,21,3,,,,0.16,0.1156518483873514,0.186748232406076,,,,,,
ComPACT_G330.243+70.466,201.80833,9.51667,0.8281070590019226,21,3,,,,0.56,0.1555317961071278,1.122931640076175,,,,,,
ComPACT_G216.639+47.013,147.46667,17.11667,0.9999117851257324,86,1,0.39,spec,RASS-MCMF,0.4,0.1395798170192172,24.92966074075717,0.3889,0.0448359720952609,1.0,0.997,8.279999732971191,PSZ2
ComPACT_G219.907-34.400,73.69167,-20.29167,0.9999607801437378,69,1,0.7,spec,PSZ1,0.7000000000000001,0.1694897778090495,3.8796336263187055,0.7288,0.05580850209395,1.0,0.989,7.920000076293945,PSZ2
ComPACT_G331.958-45.735,329.53333,-60.425,0.927917182445526,30,2,0.075,spec,PSZ2,0.14,0.1136578510013626,0.1659441837717237,0.0883,0.0351321106136312,1.0,0.989,2.0799999237060547,PSZ2
ComPACT_G93.034-69.143,2.51667,-8.70833,0.9935057163238524,26,2,,,,0.24,0.1236278379313067,0.8062423541422565,,,,,,
ComPACT_G66.592-51.769,341.80833,-3.03333,0.9742146730422974,34,1,0.182,spec,ACTDR6,0.17,0.1166488470803458,2.659251187697949,0.1959,0.0386056152557582,0.996,0.974,3.780574109020105,ACTDR6
ComPACT_G265.505-48.936,55.525,-53.90833,0.996256947517395,55,1,0.06,spec,RASS-MCMF,0.49,0.1485528052561669,5.972502728760289,0.5158,0.0489325124213381,1.0,0.997,5.2236226600888855,ACTDR6
ComPACT_G349.484-59.941,342.19167,-44.525,0.9999843835830688,66,1,0.351,spec,SPT2500D,0.35,0.1345948235542452,21.051440566651795,0.3556,0.0437609934281343,1.0,0.997,11.359999656677246,PSZ2
ComPACT_G206.629-64.170,40.61667,-21.58333,0.8896481394767761,30,2,0.314,spec,MCXC2,0.31,0.1306068287822676,0.8364797559800099,,,,,4.220102116140708,PSZ-MCMF
ComPACT_G82.325-67.030,357.95833,-8.98333,0.9960697889328004,60,1,0.394,spec,ACTDR6,0.38,0.1375858196332284,8.177720848102963,0.3866,0.0447617243194534,1.0,0.993,5.900000095367432,PSZ2
ComPACT_G13.731-45.513,321.54167,-32.03333,0.9977983236312866,48,1,0.28,spec,MCXC2,,,,,,,,4.809999942779541,PSZ2
ComPACT_G114.385-60.173,8.61667,2.41667,0.9998464584350586,76,1,0.455,spec,NEURALENS,0.4,0.1395798170192172,8.187034172577604,0.3913,0.044913448035234,1.0,0.995,5.869999885559082,PSZ2
ComPACT_G62.464-21.358,316.21667,14.03333,0.9924255609512328,46,1,0.162,spec,PSZ2,0.19,0.1186428444663346,5.633330692049698,0.201,0.038770251628201,1.0,0.993,4.329999923706055,PSZ2
ComPACT_G62.155-41.011,331.65,1.64167,0.975669801235199,27,2,0.282,spec,MaDCoWS_II,0.19,0.1186428444663346,0.9513813161809176,,,,,3.120069085324489,yact
ComPACT_G225.753+18.332,124.96667,-2.525,0.9998502731323242,60,1,0.71,phot,ACTDR6,0.74,0.1734777725810271,4.230709215943272,,,,,8.78201873844513,ACTDR6
ComPACT_G262.728-40.940,69.575,-54.31667,0.9999446868896484,76,1,0.421,spec,SPT-MCMF,0.41,0.1405768157122116,19.79273775680252,0.4204,0.0458528438074077,1.0,0.996,7.460000038146973,PSZ2
ComPACT_G212.236-24.165,80.81667,-10.18333,0.94152170419693,32,1,,,,,,,,,,,,
ComPACT_G245.514+75.198,179.73333,18.56667,0.9989123344421388,65,1,0.459,spec,ACT-MCMF,0.47,0.1465588078701781,10.159567328208384,0.481,0.0478091112917283,0.981,0.929,5.288985023238127,ACTDR6
ComPACT_G26.166-52.753,331.21667,-25.24167,0.9968767166137696,25,3,0.213,spec,ACTDR6,,,,,,,,4.42858134677754,ACTDR6
ComPACT_G151.089-56.468,27.99167,3.05833,0.9560717344284058,38,1,,,,0.48,0.1475558065631725,1.6652265781166666,,,,,,
ComPACT_G14.349+24.916,252.34167,-3.73333,0.9994775652885436,63,1,0.827,phot,ACTDR6,,,,,,,,7.62233810329905,ACTDR6
ComPACT_G105.384-50.471,1.59167,10.85833,0.994716465473175,57,1,0.167,spec,ACTDR5,0.16,0.1156518483873514,4.57309625151895,0.174,0.0378986473035037,0.997,0.901,3.849999904632568,PSZ2
ComPACT_G263.669-22.544,101.375,-54.21667,0.99817955493927,98,1,0.164,spec,MCXC2,,,,,,,,7.960000038146973,PSZ2
ComPACT_G55.954-34.885,323.81667,1.41667,0.9987670183181764,75,1,0.229,spec,ACTDR6,0.23,0.1226308392383123,11.680649541318948,0.2367,0.0399227062353007,0.999,0.981,6.730000019073486,PSZ2
ComPACT_G41.509-19.283,303.85,-1.45,0.9983421564102172,59,1,0.37,phot,ACTDR6,,,,,,,,6.729378,ComPRASS
ComPACT_G268.089-59.743,39.25,-49.63333,0.9948371648788452,86,1,0.334,spec,SPT2500D,0.35,0.1345948235542452,9.92400875981114,0.3439,0.0433832982207655,1.0,0.995,3.331196,PSZSPT
ComPACT_G189.519-25.119,69.75,7.275,0.999603807926178,72,1,0.245,spec,ACTDR5,,,,,,,,6.039999961853027,PSZ2
ComPACT_G13.039-75.500,356.89167,-31.15,0.9963765740394592,39,1,0.4,phot,ACTDR6,,,,,,,,5.480000019073486,PSZ2
ComPACT_G330.356+69.121,202.40833,8.30833,0.9984443783760072,48,1,0.546,spec,ACTDR6,0.51,0.1505468026421557,3.594201351380204,0.5443,0.0498525392085186,0.998,0.981,4.577897522091133,ACTDR6
ComPACT_G309.562+61.517,196.01667,-1.19167,0.9289675951004028,24,3,,,,0.14,0.1136578510013626,0.1835106059176279,,,,,,
ComPACT_G218.770-63.172,43.0,-26.6,0.9715421795845032,27,2,0.353,phot,ACTDR6,0.35,0.1345948235542452,4.5331341793918725,0.3591,0.0438739791739284,0.999,0.994,4.722450525357005,ACTDR6
ComPACT_G129.219-68.886,15.13333,-6.125,0.9620288610458374,41,1,,,,0.52,0.1515438013351501,0.7203592134424994,,,,,,
ComPACT_G32.796-30.322,310.30833,-13.41667,0.9974007606506348,70,1,0.331,spec,ACT-MCMF,,,,,,,,4.947973,ComPRASS
ComPACT_G70.137-44.262,337.99167,3.85,0.9973182082176208,51,1,0.278,spec,ACT-MCMF,0.32,0.131603827475262,2.353280102238001,0.3019,0.0420274692712364,0.996,0.972,6.805864343010573,ACTDR6
ComPACT_G284.197+69.893,186.45833,7.95833,0.9942330718040466,65,1,0.253,spec,ACT-MCMF,0.25,0.1246248366243011,4.24492606667948,0.2614,0.0407200627841905,0.998,0.978,3.656508,ComPRASS
ComPACT_G228.656+68.460,170.825,19.60833,0.98188054561615,53,1,0.103,spec,ACTDR6,0.15,0.114654849694357,0.537476677868729,0.1034,0.0356195634026286,0.997,0.955,2.9100000858306885,PSZ2
ComPACT_G6.358+37.614,238.00833,-2.125,0.998927652835846,68,1,0.281,phot,ACTDR5,0.34,0.1335978248612508,16.41738402744603,0.2968,0.0418628328987935,0.997,0.96,5.759254,ComPRASS
ComPACT_G7.811-47.706,323.775,-36.26667,0.9276522397994996,46,1,,,,,,,,,,,,
ComPACT_G242.360-24.579,90.99167,-35.96667,0.9979549646377563,52,1,0.495,phot,ACT-MCMF,0.49,0.1485528052561669,5.59693217720615,0.4838,0.0478994998883636,1.0,0.988,6.843582835180161,ACTDR6
ComPACT_G64.215-25.657,320.71667,12.65833,0.9424615502357484,32,1,,,,0.18,0.1176458457733402,0.2411964451766088,,,,,,
ComPACT_G311.994+76.022,195.1,13.30833,0.9360926747322084,48,1,,,,0.24,0.1236278379313067,0.9012762793510468,,,,,,
ComPACT_G113.968-75.041,10.5,-12.33333,0.9958080053329468,22,3,0.46,phot,ACT-MCMF,0.47,0.1465588078701781,9.473296285993507,0.4668,0.0473507119802208,0.992,0.977,4.88842455453371,ACTDR6
ComPACT_G249.809-68.120,35.24167,-38.475,0.9983072280883788,46,1,0.228,spec,ACTDR6,0.23,0.1226308392383123,7.444813656113364,0.2452,0.0401971001893721,0.996,0.915,3.75,PSZ2
ComPACT_G46.511-49.448,332.58333,-12.15833,0.998310685157776,62,1,0.085,spec,ACT-MCMF,0.16,0.1156518483873514,1.3663088763139877,0.0896,0.0351740767477833,1.0,0.948,4.389999866485596,PSZ2
ComPACT_G101.452-59.797,2.24167,1.29167,0.9962474703788756,44,1,0.624,spec,ACT-MCMF,0.64,0.1635077856510831,4.644349683684065,0.6374,0.0528579600466414,1.0,0.993,3.5946413480369923,ACTDR6
ComPACT_G320.314-60.188,357.9,-54.875,0.9978881478309632,41,1,0.384,spec,ACTDR5,0.39,0.1385828183262228,49.57911183773482,0.3921,0.0449392733485584,1.0,0.994,3.098471,PSZSPT
ComPACT_G351.682-16.254,279.725,-43.70833,0.8463773727416992,22,3,,,,,,,,,,,,
ComPACT_G211.700-22.775,81.875,-9.14167,0.9675095677375792,26,2,,,,,,,,,,,,
ComPACT_G238.950+57.398,163.40833,10.00833,0.9999263286590576,60,1,0.863,spec,ACTDR6,0.77,0.1764687686600104,5.648934850851777,0.7756,0.0573192829234252,0.998,0.91,7.202541156259634,ACTDR6
ComPACT_G229.649-34.522,76.19167,-27.99167,0.999517560005188,70,1,0.589,phot,ACTDR5,0.56,0.1555317961071278,7.241109141158896,0.5758,0.0508694109206654,1.0,0.991,10.188278547910356,ACTDR6
ComPACT_G5.952-61.191,340.59167,-36.45,0.941662073135376,21,3,0.442,phot,ACTDR6,,,,,,,,2.711710509909834,ACTDR6
ComPACT_G249.998-38.122,74.9,-44.70833,0.9742472767829896,25,3,,,,0.38,0.1375858196332284,2.025191535098566,,,,,,
ComPACT_G222.324-73.611,31.34167,-28.58333,0.9995710253715516,62,1,0.88,phot,ACTDR5,,,,0.7487,0.0564509067628935,1.0,0.999,6.634102514187433,ACTDR6
ComPACT_G182.667-39.523,54.71667,3.2,0.9306250810623168,22,3,0.539,phot,ACTDR6,,,,,,,,4.395054819832444,ACTDR6
ComPACT_G331.131+62.299,205.55833,2.24167,0.992359459400177,43,1,0.077,spec,ACTDR6,0.48,0.1475558065631725,0.7742691611895671,0.0793,0.0348415758387322,0.99,0.87,2.4600000381469727,PSZ2
ComPACT_G69.749-79.269,3.70833,-20.40833,0.999183714389801,81,1,0.317,spec,PSZ1,,,,,,,,5.920000076293945,PSZ2
ComPACT_G132.541-42.206,20.425,20.1,0.985559344291687,50,1,0.183,spec,REDMAPPER-DES-SDSS,0.18,0.1176458457733402,6.650884843047122,0.1862,0.0382924833317003,0.999,0.922,3.819999933242798,PSZ2
ComPACT_G202.720+22.686,119.34167,18.75,0.9994755387306212,41,1,0.417,spec,REDMAPPER-DES-SDSS,0.41,0.1405768157122116,8.996088524809673,0.4085,0.0454686922717078,1.0,0.981,5.296868,ComPRASS
ComPACT_G22.627+61.520,222.6,18.95833,0.996936559677124,52,1,0.276,spec,ACTDR5,0.28,0.1276158327032843,9.138563245662674,0.2856,0.0415012785122525,0.994,0.956,4.190465082706478,ACTDR6
ComPACT_G204.087+16.510,113.95,15.11667,0.9985761642456056,59,1,0.121,spec,ACTDR6,0.16,0.1156518483873514,2.0260416151388725,0.1318,0.0365363620256435,0.999,0.967,3.7100000381469727,PSZ2
ComPACT_G180.922-85.235,17.3,-24.53333,0.9831389784812928,39,1,0.418,phot,PSZ-MCMF,0.42,0.141573814405206,25.99826452638667,0.4176,0.0457624552107725,0.99,0.966,5.565057502671753,PSZ-MCMF
ComPACT_G243.477-83.858,18.975,-30.11667,0.976607382297516,24,3,0.7194,phot,zaznobin,0.66,0.1655017830370719,3.805930087629938,0.7194,0.0555050546623887,1.0,0.994,2.7877323098612,yact
ComPACT_G244.360-32.137,82.225,-39.45833,0.9996895790100098,86,1,0.284,spec,ACTDR6,0.28,0.1276158327032843,6.809245774773042,0.2988,0.0419273961821045,0.999,0.989,7.409999847412109,PSZ2
ComPACT_G349.397-20.998,285.03333,-47.36667,0.8593614101409912,22,3,0.287,phot,ACTDR6,,,,,,,,3.3872947210811186,ACTDR6
ComPACT_G8.109-28.733,300.95,-33.15,0.9870571494102478,25,3,,,,,,,,,,,,
ComPACT_G348.927-67.400,351.30833,-41.19167,0.9993605017662048,80,1,0.358,spec,SPT2500D,0.34,0.1335978248612508,14.361450726358402,0.3649,0.04406121269553,1.0,0.997,7.190000057220459,PSZ2
ComPACT_G228.340-17.577,93.39167,-21.29167,0.9993151426315308,51,1,,,,,,,,,,,,
ComPACT_G210.432-20.030,83.84167,-6.875,0.8413743376731873,23,3,,,,,,,,,,,,
ComPACT_G0.420-41.860,316.08333,-41.34167,0.9938456416130066,72,1,0.165,spec,MCXC2,0.16,0.1156518483873514,3.304338789014285,0.1829,0.0381859539142373,0.997,0.942,5.300000190734863,PSZ2
ComPACT_G342.032-31.541,299.825,-55.80833,0.9946330785751344,64,1,0.212,phot,ACTDR5,0.2,0.119639843159329,4.977671668770297,0.2376,0.0399517597127906,0.999,0.965,6.787083125912116,ACTDR6
ComPACT_G240.632-74.036,29.84167,-33.51667,0.9988330006599426,53,1,0.411,spec,ACTDR5,0.4,0.1395798170192172,15.677151383082862,0.4063,0.0453976726600658,1.0,0.994,5.289999961853027,PSZ2
ComPACT_G306.210+67.515,194.11667,4.675,0.9991683959960938,53,1,0.231,spec,ACTDR5,0.22,0.1216338405453179,4.29788191467782,0.2303,0.0397161037287058,0.999,0.99,4.037618,ComPRASS
ComPACT_G39.289-59.892,340.775,-20.18333,0.9943727254867554,56,1,0.136,spec,ACT-MCMF,,,,,,,,3.190000057220459,PSZ2
ComPACT_G318.934+70.248,198.25833,8.05,0.9986771941184998,45,1,0.591,spec,ACTDR6,0.5700000000000001,0.1565287948001222,3.1042997591700274,0.6144,0.0521154822885659,0.991,0.995,3.3523745520241017,ACTDR6
ComPACT_G358.556+65.470,213.35833,11.9,0.9983226656913756,50,1,0.438,spec,RASS-MCMF,0.45,0.1445648104841893,11.60859171163156,0.4492,0.0467825550870848,0.999,0.993,4.702916161939984,ACTDR6
ComPACT_G4.170+56.830,221.86667,8.475,0.9999837875366212,59,1,0.375,spec,ACTDR6,0.39,0.1385828183262228,15.24332498393574,0.3913,0.044913448035234,0.994,0.98,7.119999885559082,PSZ2
ComPACT_G205.948-39.473,64.4,-11.90833,0.999947428703308,76,1,0.443,spec,PSZ1,0.43,0.1425708130982004,21.83233673594062,0.4421,0.0465533554313311,1.0,0.996,12.25,PSZ2
ComPACT_G200.472-35.754,65.73333,-6.35,0.9833104610443116,34,1,0.383,spec,ACT-MCMF,0.39,0.1385828183262228,4.039277968985325,,,,,4.725714132052333,ACTDR6
ComPACT_G158.904-34.521,43.76667,19.575,0.8653202056884766,22,3,,,,,,,,,,,,
ComPACT_G246.504+43.755,155.825,-2.3,0.998646914958954,67,1,0.892,phot,ACT-MCMF,0.55,0.1545347974141334,1.864141961209536,,,,,4.706166268762968,ACTDR6
ComPACT_G257.736-55.181,49.375,-47.09167,0.9516371488571168,23,3,,,,0.16,0.1156518483873514,0.3879718674418144,,,,,,
ComPACT_G32.129-53.375,332.84167,-21.925,0.9994761347770692,62,1,0.443,phot,ACTDR6,,,,,,,,6.675479218638464,ACTDR6
ComPACT_G329.518+77.724,198.54167,16.04167,0.9462060928344728,29,2,0.55,phot,zCluster,0.55,0.1545347974141334,4.183897830467294,,,,,2.377525076774752,yact
ComPACT_G337.703-45.881,326.46667,-56.75,0.999049723148346,78,1,0.48,spec,ACTDR6,0.47,0.1465588078701781,12.756287077471352,0.4754,0.0476283340984577,1.0,0.997,5.566706,PSZSPT
ComPACT_G28.285+32.488,251.65833,10.60833,0.9297875165939332,28,2,,,,0.65,0.1645047843440774,2.262541891237416,,,,,,
ComPACT_G275.955-64.482,30.14167,-48.86667,0.9981260895729064,61,1,0.498,spec,ACT-MCMF,0.48,0.1475558065631725,24.203011726813127,0.4877,0.0480253982908198,1.0,0.995,4.002879,PSZSPT
ComPACT_G60.809-69.005,353.61667,-16.05833,0.9995125532150269,48,1,0.72,phot,ACT-MCMF,,,,,,,,7.808889168343158,ACTDR6
ComPACT_G253.475-33.730,81.45833,-47.25,0.9988368153572084,59,1,0.191,spec,MCXC2,0.18,0.1176458457733402,3.40515176344606,0.2049,0.0388961500306573,0.999,0.958,4.670000076293945,PSZ2
ComPACT_G7.590-33.933,306.925,-34.79167,0.9987114667892456,59,1,0.55,spec,ACTDR6,,,,,,,,6.269999980926514,PSZ2
ComPACT_G318.645-68.980,4.65,-47.13333,0.9954044818878174,43,1,0.741,phot,ACTDR5,0.17,0.1166488470803458,0.6579014090645856,,,,,2.5517650453102068,ACTDR6
ComPACT_G26.543-46.646,324.76667,-23.55,0.997548520565033,34,1,0.32,spec,MCXC2,,,,,,,,3.160886,ComPRASS
ComPACT_G31.223+44.783,240.95833,17.6,0.8164842128753662,23,3,,,,0.16,0.1156518483873514,0.3597277480804492,,,,,,
ComPACT_G18.463-53.532,331.25,-29.925,0.997996747493744,37,1,1.31,phot,ACTDR5,,,,,,,,6.413287482508725,ACTDR6
ComPACT_G149.942-54.001,28.41667,5.575,0.9604415893554688,25,3,0.321,spec,ACTDR6,0.3,0.1296098300892731,4.712160513302007,0.3224,0.0426892429251732,1.0,0.997,3.0412232699116264,ACTDR6
ComPACT_G49.774-24.760,312.40833,2.475,0.9866849780082704,65,1,0.347,phot,ACTDR5,0.31,0.1306068287822676,1.3869877680167335,0.3262,0.0428119131634639,0.997,0.995,2.693146794462894,ACTDR5
ComPACT_G13.919-73.224,354.225,-31.35,0.9966610670089722,47,1,0.259,spec,ACTDR5,,,,,,,,4.237041388009725,ACTDR6
ComPACT_G255.096-79.618,22.10833,-33.79167,0.8033775687217712,22,3,,,,0.52,0.1515438013351501,1.7414486155931814,,,,,,
ComPACT_G155.313-68.397,24.35833,-8.46667,0.999702513217926,75,1,0.569,spec,ACTDR6,0.54,0.1535377987211389,5.970143863649764,0.5658,0.0505465945041108,1.0,0.995,8.930000305175781,PSZ2
ComPACT_G313.376+61.122,197.88333,-1.34167,0.9999772310256958,85,1,0.185,spec,ACTDR6,0.18,0.1176458457733402,17.211473307946,0.1891,0.0383861000925011,1.0,0.99,8.770000457763672,PSZ2
ComPACT_G229.890-69.233,36.225,-31.225,0.9126712679862976,22,3,,,,0.48,0.1475558065631725,1.522893236960162,,,,,,
ComPACT_G231.102-42.545,67.48333,-30.85,0.9921404719352722,39,1,0.225,phot,ACTDR5,0.21,0.1206368418523234,7.245402409171191,0.2305,0.0397225600570369,0.999,0.981,3.4139249969354437,PSZ-MCMF
ComPACT_G234.812-35.471,76.28333,-32.325,0.9900031089782716,42,1,0.144,phot,ACTDR5,0.16,0.1156518483873514,1.4468293900071316,0.1531,0.0372239609929047,0.999,0.933,2.531265248209431,PSZ-MCMF
ComPACT_G155.269-80.969,17.96667,-19.40833,0.9905495047569276,27,2,,,,0.5800000000000001,0.1575257934931166,1.7412483114052844,,,,,,
ComPACT_G226.625+66.888,168.96667,19.675,0.9750843644142152,23,3,,,,0.19,0.1186428444663346,0.3397971203096717,,,,,,
ComPACT_G202.370+25.841,122.325,20.21667,0.97712242603302,33,1,0.1472,phot,zaznobin,0.15,0.114654849694357,0.2634791310865825,0.1472,0.0370334993071375,0.98,0.968,,
ComPACT_G223.938-76.396,28.15,-28.89167,0.9991970658302308,71,1,0.412,spec,MCXC2,0.41,0.1405768157122116,17.048720181045148,0.4147,0.0456688384499716,1.0,0.995,5.929999828338623,PSZ2
ComPACT_G313.727+77.199,195.31667,14.53333,0.9418985843658448,34,1,,,,0.65,0.1645047843440774,1.9233170483687,,,,,,
ComPACT_G60.926-20.217,314.39167,13.55833,0.952160894870758,28,2,0.223,spec,ACT-MCMF,,,,,,,,3.924274478316308,ACTDR6
ComPACT_G196.677-35.590,64.325,-3.6,0.9900770783424376,22,3,,,,0.5700000000000001,0.1565287948001222,1.697596462597661,,,,,,
ComPACT_G211.518-24.436,80.28333,-9.70833,0.9457764029502868,31,1,0.216,phot,RASS-MCMF,,,,,,,,5.028866967141116,ACTDR6
ComPACT_G57.275-45.363,332.95,-3.825,0.9998623132705688,73,1,0.397,spec,ACT-MCMF,0.41,0.1405768157122116,40.409305387348944,0.4149,0.0456752947783027,1.0,0.991,10.5,PSZ2
ComPACT_G227.605+22.998,129.875,-1.68333,0.9904317259788512,67,1,0.27,spec,ACT-MCMF,0.28,0.1276158327032843,3.4653784333758413,0.2828,0.0414108899156172,0.998,0.985,4.659999847412109,PSZ2
ComPACT_G219.274+20.858,124.25833,4.04167,0.9981682300567628,40,1,0.868,spec,ACTDR6,0.78,0.1774657673530048,2.309031154826929,0.8181,0.0586912526937821,0.991,0.894,4.147264900506527,ACTDR6
ComPACT_G231.452-59.085,48.11667,-32.44167,0.9949374198913574,46,1,0.46,phot,PSZ-MCMF,0.48,0.1475558065631725,3.4420190241909125,0.4627,0.0472183572494335,0.999,0.996,5.284993613556979,PSZ-MCMF
ComPACT_G235.700+49.557,155.79167,7.1,0.996641993522644,51,1,0.29,spec,ACT-MCMF,0.31,0.1306068287822676,12.469490345620866,0.2852,0.0414883658555903,0.998,0.988,4.521322924321572,ACTDR6
ComPACT_G172.168-35.785,51.74167,11.81667,0.996729850769043,45,1,,,,,,,,,,,,
ComPACT_G242.856+39.597,150.89167,-2.95,0.9987173080444336,51,1,0.682,spec,MaDCoWS_II,0.65,0.1645047843440774,4.15046201473129,0.672,0.0539749048479201,1.0,0.993,5.557522,ComPRASS
ComPACT_G231.289+41.784,147.55,5.44167,0.9933542013168336,33,1,0.255,spec,REDMAPPER-DES-SDSS,0.27,0.1266188340102899,4.143851898336818,0.2484,0.0403004014426695,0.995,0.9,4.302598879711006,yact
ComPACT_G68.508-39.139,333.44167,6.53333,0.9929539561271667,32,1,0.407,spec,ACTDR6,0.4,0.1395798170192172,11.886608230521745,0.4014,0.0452394926159541,1.0,0.996,5.489999771118164,PSZ2
ComPACT_G21.386-43.033,319.90833,-26.19167,0.9991666078567504,59,1,0.38,spec,ACTDR6,,,,,,,,5.809999942779541,PSZ2
ComPACT_G42.728-82.978,5.175,-25.725,0.9997530579566956,78,1,0.141,spec,SPTECS,0.15,0.114654849694357,3.153764891116573,0.1474,0.0370399556354686,1.0,0.978,4.260000228881836,PSZ2
ComPACT_G28.763-33.557,312.05,-17.81667,0.933721363544464,28,2,0.147,spec,PSZ2,,,,,,,,4.510000228881836,PSZ2
ComPACT_G332.241-46.373,330.45833,-59.94167,0.9910215735435486,76,1,0.098,spec,PSZ2,0.15,0.114654849694357,0.5006073997087748,0.1165,0.0360424529083151,1.0,0.986,5.769999980926514,PSZ2
ComPACT_G261.806-68.373,31.94167,-42.14167,0.9828673601150512,31,1,0.407,phot,PSZ-MCMF,0.39,0.1385828183262228,27.216868571004376,0.4026,0.0452782305859406,0.996,0.977,4.731874034922762,PSZ-MCMF
ComPACT_G355.039+55.296,219.61667,3.65,0.9054344296455384,27,2,0.225,spec,ACT-MCMF,0.22,0.1216338405453179,5.48115926691427,0.23,0.0397064192362092,0.999,0.985,4.389999866485596,PSZ2
ComPACT_G66.131-23.376,320.025,15.45,0.9937939643859864,37,1,0.339,spec,ACTDR6,0.35,0.1345948235542452,2.075000384468937,0.3357,0.0431185887591907,1.0,0.998,4.5244475350905615,ACTDR6
ComPACT_G225.483+29.405,134.46667,3.175,0.999577820301056,60,1,0.201,spec,ACTDR6,0.18,0.1176458457733402,4.4045388318920695,0.2058,0.0389252035081472,0.999,0.99,4.599999904632568,PSZ2
ComPACT_G26.396+30.268,252.95833,8.18333,0.996885359287262,52,1,0.327,spec,ACTDR6,0.35,0.1345948235542452,17.68535383135419,0.3385,0.043208977355826,1.0,0.993,5.053245024258888,ACTDR6
ComPACT_G279.395+74.584,186.60833,12.86667,0.9124664664268494,25,3,,,,0.54,0.1535377987211389,0.5974749806019006,,,,,,
ComPACT_G247.666+51.497,162.05833,2.35833,0.9576963782310486,21,3,0.612,spec,ACTDR6,0.6,0.1595197908791054,8.1954097914252,0.6148,0.0521283949452281,0.988,0.966,2.608805156199016,ACTDR6
ComPACT_G106.737-83.243,10.85,-20.625,0.9999436140060424,73,1,0.292,spec,MCXC2,0.28,0.1276158327032843,18.47988907455678,0.2886,0.0415981234372188,1.0,0.991,8.130000114440918,PSZ2
ComPACT_G175.831-85.965,16.4,-24.65,0.9987369179725648,77,1,0.23,spec,ACTDR6,0.2,0.119639843159329,6.306243755346343,0.2295,0.0396902784153814,1.0,0.994,5.670000076293945,PSZ2
ComPACT_G180.990-27.701,63.0,11.825,0.9297127723693848,21,3,,,,,,,,,,,,
ComPACT_G29.496-60.210,339.69167,-24.975,0.9493988156318665,25,3,0.22,spec,RASS-MCMF,,,,,,,,4.019999980926514,PSZ2
ComPACT_G216.397-29.125,77.725,-15.6,0.9801573157310486,23,3,0.47,spec,ACT-MCMF,,,,,,,,6.170000076293945,PSZ2
ComPACT_G232.018-23.395,88.84167,-26.625,0.9956846237182616,34,1,0.281,phot,ACTDR6,0.28,0.1276158327032843,2.273197713639046,0.2844,0.0414625405422659,0.997,0.979,3.917272358203725,PSZ-MCMF
ComPACT_G213.676+26.043,126.65,10.94167,0.9790058732032776,33,1,1.111,phot,ACTDR5,1.07,0.2063787294498427,5.639557874515332,,,,,2.181392790138756,ACTDR6
ComPACT_G22.006-75.963,357.075,-28.9,0.989326000213623,28,2,0.223,spec,ACT-MCMF,,,,,,,,3.238553195981518,ACTDR6
ComPACT_G175.793-42.981,48.675,4.71667,0.9913342595100404,25,3,0.505,phot,ACTDR6,,,,,,,,4.395054819832444,ACTDR6
ComPACT_G306.683+61.052,194.675,-1.76667,0.998698115348816,93,1,0.085,spec,ACTDR5,0.12,0.1116638536153738,0.3464755726555872,0.0912,0.0352257273744321,0.998,0.914,4.449999809265137,PSZ2
ComPACT_G358.527-26.068,295.01667,-40.7,0.9805412888526917,50,1,0.753,phot,ACTDR6,,,,,,,,5.088275960600893,ACTDR6
ComPACT_G325.632+73.930,199.13333,12.175,0.9148886799812316,21,3,0.58,spec,ACTDR6,0.55,0.1545347974141334,2.9850293217526165,0.5813,0.0510469599497704,0.998,0.996,2.5011504364367085,ACTDR6
ComPACT_G186.749-16.502,75.475,14.3,0.973449409008026,26,2,,,,,,,,,,,,
ComPACT_G72.253-78.448,3.4,-19.5,0.9507148861885072,30,2,0.094,spec,MCXC2,0.36,0.1355918222472396,1.486076794763457,,,,,2.759999990463257,PSZ2
ComPACT_G338.691-19.380,277.29167,-56.36667,0.9781181216239928,23,3,,,,,,,,,,,,
ComPACT_G292.042-71.968,17.58333,-44.75833,0.9989328980445862,70,1,0.385,spec,ACTDR6,0.39,0.1385828183262228,18.58203671658226,0.382,0.0446132287678383,1.0,0.998,3.605359,PSZSPT
ComPACT_G26.843+52.685,232.13333,17.78333,0.9922248125076294,37,1,,,,0.19,0.1186428444663346,0.3413116525372814,,,,,,
ComPACT_G265.467-30.505,87.90833,-57.15,0.9964358806610109,45,1,0.423,spec,ACTDR5,0.41,0.1405768157122116,28.99694775515782,0.4172,0.0457495425541103,1.0,0.997,4.119999885559082,PSZ2
ComPACT_G71.458-59.156,349.06667,-6.15833,0.9940358400344848,34,1,0.285,spec,ACTDR6,0.29,0.1286128313962787,5.966946455219324,0.2848,0.0414754531989281,0.999,0.983,4.706166268762968,ACTDR6
ComPACT_G242.184-41.489,69.96667,-38.89167,0.9710581302642822,25,3,,,,0.75,0.1744747712740215,1.0056616152825306,,,,,,
ComPACT_G36.488+39.117,247.99167,19.3,0.9143568873405457,43,1,1.03,phot,MaDCoWS,0.5700000000000001,0.1565287948001222,2.2628862834132497,,,,,5.340587864175168,yact
ComPACT_G8.472-56.347,334.45,-35.71667,0.994515597820282,47,1,0.149,spec,PSZ2,,,,,,,,4.789999961853027,PSZ2
ComPACT_G303.070-68.553,12.78333,-48.575,0.9956450462341307,70,1,0.187,spec,SPT-MCMF,0.19,0.1186428444663346,3.720649731904518,0.2041,0.0388703247173329,0.999,0.971,3.2100000381469727,PSZ2
ComPACT_G254.241-25.074,94.125,-46.5,0.9832897186279296,42,1,0.518,phot,ACTDR6,0.5,0.1495498039491613,4.350588356998914,0.5057,0.048606467840618,1.0,0.997,3.604588439931422,ACTDR6
ComPACT_G167.593-65.586,29.95833,-8.83333,0.9999052286148072,68,1,0.405,spec,ACTDR6,0.4,0.1395798170192172,11.385476351683584,0.4067,0.045410585316728,1.0,0.996,7.199999809265137,PSZ2
ComPACT_G335.288-67.559,356.03333,-45.10833,0.9920799136161804,72,1,0.773,phot,ACTDR6,,,,,,,,2.9056702351810286,ACTDR6
ComPACT_G47.742-59.485,342.13333,-16.1,0.997517704963684,52,1,0.247,spec,ACT-MCMF,,,,,,,,4.610000133514404,PSZ2
ComPACT_G87.517-35.917,343.16667,18.65833,0.997052788734436,55,1,0.477,spec,ACTDR5,0.48,0.1475558065631725,3.922464219583003,0.4836,0.0478930435600325,0.991,0.971,5.285332418266478,ACTDR6
ComPACT_G173.358-70.554,28.19167,-13.95833,0.9988184571266174,44,1,0.833,spec,ACT-MCMF,0.8,0.1794597647389936,8.940004847607085,0.8258,0.0589398213345291,1.0,0.976,7.562825295528523,PSZ-MCMF
ComPACT_G257.209-46.827,61.5,-49.25833,0.998920202255249,54,1,0.325,spec,ACT-MCMF,0.29,0.1286128313962787,11.1508475294076,0.3165,0.042498781239406,1.0,0.998,3.556668,PSZSPT
ComPACT_G227.469-57.949,49.38333,-30.33333,0.9852981567382812,29,2,0.702,phot,ACTDR5,0.6900000000000001,0.1684927791160551,0.6807691043154196,0.7067,0.0550950778133644,1.0,0.956,5.8491914935460105,PSZ-MCMF
ComPACT_G336.333+65.062,206.35,5.75,0.9999504089355468,73,1,0.494,spec,ACTDR6,0.5,0.1495498039491613,10.073369635686692,0.1225,0.0362361427582478,0.983,0.966,5.021635,ComPRASS
ComPACT_G247.040-40.672,71.275,-42.50833,0.9970068335533142,39,1,0.414,phot,SPT2500D,0.4,0.1395798170192172,7.144788797105203,,,,,2.741819,PSZSPT
ComPACT_G193.283-46.126,53.975,-6.96667,0.997878074645996,65,1,0.64,spec,PSZ1,0.59,0.158522792186111,3.050370104487765,0.614,0.0521025696319038,1.0,0.994,6.090000152587891,PSZ2
ComPACT_G255.007-41.236,70.26667,-48.50833,0.980597198009491,31,1,0.228,phot,PSZ-MCMF,0.24,0.1236278379313067,6.216669349231806,0.2481,0.0402907169501729,0.999,0.984,3.723721362442766,PSZ-MCMF
ComPACT_G218.820-53.745,53.30833,-24.94167,0.9921883344650269,30,2,0.475,spec,ACT-MCMF,0.45,0.1445648104841893,10.119846004327464,0.488,0.0480350827833165,0.997,0.988,4.039807173807638,ACTDR6
ComPACT_G35.424+34.903,251.825,17.01667,0.9660900235176086,45,1,0.313,spec,ACT-MCMF,0.33,0.1326008261682564,3.132598018207576,0.3129,0.0423825673294464,0.991,0.902,3.795119,ComPRASS
ComPACT_G220.604+26.826,130.13333,5.725,0.995500385761261,60,1,0.274,spec,ACTDR6,0.27,0.1266188340102899,17.022963414153082,0.2891,0.0416142642580465,0.998,0.989,5.718415757714971,ACTDR6
ComPACT_G260.644-28.922,89.93333,-52.825,0.995761215686798,58,1,0.609,spec,ACTDR6,0.5800000000000001,0.1575257934931166,11.652435882590376,0.6124,0.052050919005255,1.0,0.996,5.960000038146973,PSZ2
ComPACT_G4.355+53.935,224.23333,6.775,0.997333288192749,44,1,0.312,spec,ACT-MCMF,0.31,0.1306068287822676,12.532817874634729,0.3164,0.0424955530752405,0.999,0.997,3.1765097669676274,ACTDR6
ComPACT_G231.467+32.594,139.84167,0.41667,0.958471417427063,31,1,,,,0.52,0.1515438013351501,1.0222981441432033,,,,,,
ComPACT_G262.286-57.651,44.45,-48.29167,0.983166754245758,31,1,0.461,phot,ACT-MCMF,0.43,0.1425708130982004,12.494448157897304,0.4534,0.0469181379820377,1.0,0.997,4.626772683124466,PSZ-MCMF
ComPACT_G48.214-65.039,347.46667,-18.325,0.996901035308838,67,1,0.42,spec,ACTDR5,,,,,,,,5.599999904632568,PSZ2
ComPACT_G223.512+53.799,155.75833,15.75,0.997670352458954,33,1,0.8,spec,ACTDR6,0.55,0.1545347974141334,0.8166511286055838,0.764,0.056944815880222,1.0,0.94,3.5039222063109032,ACTDR6
ComPACT_G159.286-33.393,44.71667,20.33333,0.9601343274116516,37,1,,,,,,,,,,,,
ComPACT_G224.355-24.965,84.56667,-20.625,0.9703648090362548,53,1,0.091,spec,ACTDR6,,,,0.0894,0.0351676204194522,0.992,0.898,2.539999961853028,PSZ2
ComPACT_G84.252-46.467,347.05833,8.50833,0.9748695492744446,23,3,,,,0.34,0.1335978248612508,1.0203814316144784,,,,,,
ComPACT_G35.251-34.752,315.33333,-13.31667,0.9425418972969056,25,3,0.028,spec,MCXC2,0.98,0.1974057412128929,10.840485008960153,,,,,0.4634999930858612,MCXC2
ComPACT_G205.721-28.319,74.44167,-6.775,0.997512936592102,37,1,,,,0.15,0.114654849694357,0.1626168140741837,,,,,,
ComPACT_G90.575-45.151,350.16667,11.94167,0.9874091148376464,35,1,0.299,spec,ACTDR5,0.29,0.1286128313962787,3.303740544191148,0.3002,0.0419725904804221,0.998,0.998,3.874522,ComPRASS
ComPACT_G116.065-55.002,8.89167,7.65833,0.9957292675971984,57,1,0.289,spec,ACTDR6,0.31,0.1306068287822676,12.647248775027473,0.3087,0.0422469844344935,0.999,0.985,4.742066028080145,ACTDR6
ComPACT_G157.880-66.320,26.26667,-7.15833,0.957737386226654,39,1,0.185,spec,ACTDR6,0.18,0.1176458457733402,2.08905372152287,0.1958,0.0386023870915926,0.986,0.975,4.035270424269867,PSZ-MCMF
ComPACT_G314.658+67.979,197.25,5.50833,0.9546759724617004,21,3,,,,0.17,0.1166488470803458,0.8641461791203588,,,,,,
ComPACT_G337.379-40.225,316.525,-58.74167,0.9997630715370178,68,1,1.132,spec,ACTDR6,1.0,0.1993997385988818,11.11145955216274,,,,,6.498181,PSZSPT
ComPACT_G264.108+50.812,169.43333,-4.85833,0.946052074432373,21,3,,,,0.13,0.1126608523083682,0.3143469060188064,,,,,,
ComPACT_G18.342-28.518,303.71667,-24.5,0.9969006776809692,61,1,0.161,spec,ACTDR5,,,,,,,,5.090000152587891,PSZ2
ComPACT_G81.436-60.085,353.525,-3.6,0.999537229537964,71,1,0.26,spec,ACTDR6,0.28,0.1276158327032843,9.966226180436996,0.2696,0.0409847722457652,0.996,0.971,5.690828758609345,ACTDR6
ComPACT_G14.978+34.244,244.74167,1.70833,0.9466350078582764,22,3,,,,0.21,0.1206368418523234,1.175486639386457,,,,,,
ComPACT_G280.340-54.121,38.25,-58.325,0.9985224604606628,53,1,0.664,spec,SPT-MCMF,0.63,0.1625107869580886,7.533024784652648,0.6434,0.0530516498965741,0.996,0.985,3.636714,PSZSPT
ComPACT_G60.031-18.699,312.61667,13.75833,0.994580328464508,45,1,0.221,spec,ACTDR6,,,,,,,,4.579999923706055,PSZ2
ComPACT_G171.075-56.891,36.90833,-3.3,0.985429346561432,32,1,0.836,spec,XXL365,0.81,0.180456763431988,16.152991337973603,0.7968,0.0580036537265209,0.985,0.934,3.680074287912832,ACTDR6
ComPACT_G216.410+56.825,157.15833,20.61667,0.8761804699897766,29,2,,,,0.59,0.158522792186111,1.8137071530017168,,,,,,
ComPACT_G340.091-52.609,335.84167,-52.46667,0.9881330132484436,37,1,0.269,phot,RASS-MCMF,0.26,0.1256218353172955,16.185419715561316,0.2839,0.0414463997214382,0.999,0.992,3.228426,ComPRASS
ComPACT_G261.540+79.712,185.675,19.23333,0.9989110231399536,46,1,0.665,spec,ACTDR6,0.67,0.1664987817300663,2.6394945107735817,0.681,0.0542654396228192,0.998,0.987,4.141538626158211,ACTDR6
ComPACT_G234.702+44.584,151.26667,4.875,0.9901008009910583,28,2,0.456,spec,ACT-MCMF,0.45,0.1445648104841893,14.751184742807402,0.4543,0.0469471914595276,1.0,0.992,5.03582010087097,ACTDR6
ComPACT_G67.848-32.285,327.975,10.78333,0.9897199273109436,35,1,0.188,spec,ACTDR6,0.2,0.119639843159329,3.5167276913648937,0.1936,0.0385313674799506,0.991,0.847,3.839999914169312,PSZ2
ComPACT_G340.385+60.572,210.26667,2.86667,0.9999868869781494,77,1,0.252,spec,MaDCoWS_II,0.26,0.1256218353172955,20.041450212769124,0.257,0.0405780235609065,0.999,0.993,9.75,PSZ2
ComPACT_G171.378-35.746,51.29167,12.28333,0.9732970595359802,23,3,,,,,,,,,,,,
ComPACT_G20.733-23.523,299.44167,-20.75833,0.9524483680725098,35,1,0.329,phot,ACTDR6,,,,,,,,3.757140930301282,ACTDR6
ComPACT_G330.002-61.880,352.99167,-50.86667,0.9973238706588744,86,1,0.576,spec,ACT-MCMF,0.55,0.1545347974141334,5.80797262649955,0.5635,0.0504723467283033,1.0,0.999,4.218064,PSZSPT
ComPACT_G26.187-27.802,305.575,-17.76667,0.9463213682174684,24,3,0.533,phot,RASS-MCMF,,,,,,,,5.060231864167951,ACTDR6
ComPACT_G53.821-64.615,348.23333,-16.01667,0.9996234178543092,80,1,0.262,spec,ACTDR6,,,,,,,,4.96999979019165,PSZ2
ComPACT_G284.182-54.240,34.65,-59.6,0.9686935544013976,23,3,,,,0.63,0.1625107869580886,0.5176948108646204,,,,,,
ComPACT_G341.468-40.217,315.29167,-55.69167,0.9940714240074158,47,1,0.258,phot,ACT-MCMF,0.26,0.1256218353172955,9.17326071895602,0.2703,0.041007369394924,0.998,0.982,4.769999980926514,PSZ2
ComPACT_G109.819-60.126,6.36667,2.08333,0.9793648719787598,31,1,,,,0.23,0.1226308392383123,0.8079692072136972,,,,,,
ComPACT_G222.974-65.715,40.34167,-28.65,0.9970333576202391,68,1,0.238,spec,ACTDR6,0.23,0.1226308392383123,7.954461112623871,0.2351,0.039871055608652,1.0,0.988,6.179999828338623,PSZ2
ComPACT_G278.347+65.654,182.95,4.69167,0.9920336604118348,49,1,,,,0.24,0.1236278379313067,0.5714355847661909,,,,,,
ComPACT_G142.196-56.462,23.4,4.825,0.9861899614334106,38,1,,,,0.18,0.1176458457733402,0.231589961332479,,,,,,
ComPACT_G219.820+38.756,140.625,11.66667,0.9582728147506714,25,3,0.261,spec,REDMAPPER-DES-SDSS,0.27,0.1266188340102899,7.092817910003182,0.2658,0.0408621020074745,0.982,0.906,3.375614434310186,ACTDR6
ComPACT_G179.305-42.780,50.59167,2.98333,0.9717556834220886,26,2,,,,,,,,,,,,
ComPACT_G260.588+55.573,170.475,0.24167,0.9195460677146912,22,3,,,,0.7100000000000001,0.1704867765020439,0.8937213034890272,,,,,,
ComPACT_G26.435-44.553,322.55,-23.05833,0.9734968543052672,33,1,,,,,,,,,,,,
ComPACT_G45.345-38.464,322.35833,-7.69167,0.999782383441925,66,1,0.618,spec,RASS-MCMF,0.56,0.1555317961071278,10.780882650874052,0.5885,0.0512793877696897,1.0,0.994,7.650000095367432,PSZ2
ComPACT_G42.947-65.619,347.125,-20.575,0.993710160255432,53,1,0.127,phot,ACTDR5,,,,,,,,5.581805219779384,ACTDR6
ComPACT_G134.937-62.388,18.39167,-0.03333,0.9050145745277404,30,2,,,,0.5800000000000001,0.1575257934931166,1.2509882691470589,,,,,,
ComPACT_G218.058+43.139,144.15,14.7,0.8643984198570251,22,3,,,,0.25,0.1246248366243011,0.8937194627015115,,,,,,
ComPACT_G4.474-19.563,289.28333,-33.525,0.9999496936798096,76,1,0.54,spec,ACTDR6,,,,,,,,10.359999656677246,PSZ2
ComPACT_G332.593+80.399,197.85833,18.7,0.9999020099639891,56,1,0.752,spec,ACTDR5,0.66,0.1655017830370719,4.807278538735615,0.7372,0.0560796678838558,1.0,0.983,7.632877084845528,ACTDR6
ComPACT_G326.153-65.131,358.14167,-49.25833,0.913960874080658,43,1,,,,0.28,0.1276158327032843,0.389984752515049,,,,,,
ComPACT_G65.748-36.522,330.01667,6.675,0.9432666301727296,21,3,,,,,,,,,,,,
ComPACT_G10.093+41.563,236.50833,2.525,0.9982572197914124,44,1,0.744,spec,Wen&Han,0.76,0.175471769967016,5.356327063106043,0.7484,0.0564412222703969,1.0,0.99,3.8811363096137215,ACTDR6
ComPACT_G214.064+23.181,124.175,9.4,0.9999395608901978,70,1,0.256,spec,ACTDR5,0.27,0.1266188340102899,17.430374860140645,0.263,0.0407717134108392,0.998,0.99,5.690000057220459,PSZ2
ComPACT_G4.119+58.331,220.65,9.375,0.967888355255127,34,1,0.168,spec,ACTDR6,0.16,0.1156518483873514,2.290706434388704,0.1693,0.0377469235877231,1.0,0.978,2.35769,ComPRASS
ComPACT_G341.475-52.049,334.4,-51.96667,0.9498236775398254,27,2,,,,0.47,0.1465588078701781,0.6268548397816252,,,,,,
ComPACT_G333.878-43.630,324.50833,-60.125,0.9897233247756958,38,1,0.319,spec,SPT-MCMF,0.32,0.131603827475262,15.810272000174583,0.3287,0.0428926172676025,1.0,0.995,6.659999847412109,PSZ2
ComPACT_G103.745-40.310,357.36667,20.24167,0.9327216148376464,23,3,0.5561,phot,zaznobin,0.19,0.1186428444663346,0.3719865630726406,0.5561,0.0502334625800529,0.98,0.976,,
ComPACT_G245.995-51.748,56.45833,-41.2,0.9498688578605652,26,2,0.06,spec,RASS-MCMF,0.24,0.1236278379313067,0.4000818588240282,,,,,1.54092497884897,PSZ-MCMF
ComPACT_G348.395-25.512,291.23333,-49.44167,0.982225775718689,42,1,0.265,spec,PSZ2,,,,,,,,5.989999771118164,PSZ2
ComPACT_G302.597-57.419,13.21667,-59.70833,0.9094753861427308,24,3,1.209,phot,ACT-MCMF,1.1,0.2093697255288259,4.74116897736018,,,,,3.718407956863623,ACTDR6
ComPACT_G323.951+75.156,198.275,13.175,0.9996125102043152,50,1,0.739,phot,ACT-MCMF,0.63,0.1625107869580886,0.7121909123258579,0.7248,0.0556793755273281,0.997,0.931,4.990795984432435,ACTDR6
ComPACT_G9.676-19.819,291.56667,-29.025,0.9865776300430298,28,2,,,,,,,,,,,,
ComPACT_G227.891+36.568,141.7,5.0,0.9999830722808838,71,1,0.462,spec,REDMAPPER-DES-SDSS,0.45,0.1445648104841893,21.81577601415662,0.4605,0.0471473376377915,1.0,0.996,6.389999866485596,PSZ2
ComPACT_G6.656-35.548,308.69167,-35.85,0.9849826693534852,32,1,0.089,spec,ACTDR6,,,,,,,,4.170000076293945,PSZ2
ComPACT_G230.216+51.315,155.41667,10.99167,0.981285810470581,32,1,,,,0.51,0.1505468026421557,1.8071709467923949,,,,,,
ComPACT_G45.124-21.371,307.31667,0.50833,0.9668420553207396,30,2,0.231,phot,ACT-MCMF,0.23,0.1226308392383123,6.041644717623744,0.2311,0.0397419290420302,0.996,0.984,5.738202595704121,ACTDR6
ComPACT_G223.225-68.840,36.78333,-28.85833,0.9897505640983582,73,1,0.214,spec,ACTDR5,0.22,0.1216338405453179,6.765194931936989,0.2176,0.0393061268796815,1.0,0.992,4.139999866485596,PSZ2
ComPACT_G345.359-59.982,343.59167,-46.34167,0.998117208480835,92,1,0.268,phot,SPT2500D,0.27,0.1266188340102899,22.07759613774489,0.2918,0.0417014246905163,1.0,0.997,5.090000152587891,PSZ2
ComPACT_G45.446-65.946,347.85,-19.74167,0.9125109314918518,35,1,,,,,,,,,,,,
ComPACT_G343.756-42.096,317.93333,-53.65,0.93844473361969,21,3,0.448,phot,PSZ-MCMF,0.43,0.1425708130982004,9.63686075823694,0.4393,0.0464629668346958,1.0,0.977,5.127842032526323,PSZ-MCMF
ComPACT_G183.471-17.651,72.625,16.19167,0.948564887046814,21,3,,,,,,,,,,,,
ComPACT_G8.289-35.230,308.60833,-34.48333,0.9743635058403016,30,2,0.091,spec,ACT-MCMF,,,,,,,,2.544898,ComPRASS
ComPACT_G210.096-15.415,87.84167,-4.51667,0.9593459367752076,24,3,,,,,,,,,,,,
ComPACT_G2.144-57.272,336.13333,-39.04167,0.9620174169540404,25,3,0.26,phot,ACT-MCMF,0.26,0.1256218353172955,5.375460760911237,,,,,3.9953989948302087,ACTDR6
ComPACT_G66.859-73.921,358.91667,-17.49167,0.9994778037071228,62,1,0.687,phot,ACT-MCMF,,,,,,,,6.643275117531309,ACTDR6
ComPACT_G328.714-82.087,8.70833,-34.19167,0.9967246651649476,43,1,0.4,phot,ACT-MCMF,0.39,0.1385828183262228,32.75471022452035,0.3985,0.0451458758551533,1.0,0.994,5.205881722821948,PSZ-MCMF
ComPACT_G313.205-68.288,7.15833,-48.38333,0.9202380776405334,23,3,1.29,phot,zCluster,1.29,0.2283127006957196,8.569669421686493,,,,,2.831858776530158,yact
ComPACT_G324.284-73.837,5.025,-41.96667,0.9759834408760072,32,1,0.149,spec,ACT-MCMF,0.15,0.114654849694357,3.205398830925163,0.1719,0.0378308558560273,1.0,0.962,2.4873653146045105,ACTDR6
ComPACT_G210.820+35.507,134.6,16.95,0.9994876384735109,57,1,0.418,spec,ACT-MCMF,0.39,0.1385828183262228,17.813307604970625,0.4207,0.0458625282999044,0.992,0.992,4.588389,ComPRASS
ComPACT_G166.217-51.684,38.04167,2.51667,0.9985585808753968,41,1,0.619,spec,ACT-MCMF,0.5700000000000001,0.1565287948001222,4.36472888135308,0.6136,0.0520896569752416,0.997,0.997,3.1919082925282107,ACTDR6
ComPACT_G244.294+65.831,171.825,13.08333,0.8421396017074585,25,3,,,,0.52,0.1515438013351501,0.7986454121722921,,,,,,
ComPACT_G20.460-57.688,336.13333,-29.21667,0.990715503692627,32,1,0.367,spec,ACT-MCMF,,,,,,,,4.228269069967009,ACTDR6
ComPACT_G253.769+48.392,162.66667,-2.60833,0.9930357336997986,42,1,0.163,spec,ACT-MCMF,0.16,0.1156518483873514,2.1748988318071527,0.1804,0.0381052498100986,0.991,0.818,3.4797989715046445,ACTDR6
ComPACT_G264.593-71.446,27.99167,-40.875,0.9716172218322754,40,1,0.656,phot,ACTDR6,0.61,0.1605167895720998,3.2501275430991967,0.6707,0.053932938713768,0.995,0.944,3.415492573294789,ACTDR6
ComPACT_G279.989-52.332,40.86667,-59.51667,0.9990620017051696,50,1,0.635,spec,ACTDR6,0.59,0.158522792186111,7.080416996268106,0.6583,0.0535326463572404,0.999,0.988,4.053554,PSZSPT
ComPACT_G305.229-66.127,11.38333,-50.975,0.8159606456756592,24,3,,,,0.16,0.1156518483873514,0.1567488446105027,,,,,,
ComPACT_G8.800-61.729,341.0,-35.025,0.9562490582466124,32,1,,,,,,,,,,,,
ComPACT_G342.570-16.524,275.08333,-51.88333,0.988922119140625,28,2,,,,,,,,,,,,
ComPACT_G226.843-20.085,90.325,-20.95,0.9890584349632264,26,2,0.967,phot,ACTDR6,,,,,,,,3.5209079043299205,ACTDR6
ComPACT_G19.555+26.101,253.75833,0.9,0.9814961552619934,35,1,,,,0.55,0.1545347974141334,0.7181256379333678,,,,,,
ComPACT_G339.380+63.566,208.25833,5.14167,0.993539035320282,59,1,0.079,spec,ACTDR6,0.31,0.1306068287822676,0.9434598450900816,0.0817,0.0349190517787052,0.999,0.974,2.509999990463257,PSZ2
ComPACT_G227.138+46.495,150.13333,10.39167,0.9950716495513916,27,2,,,,0.16,0.1156518483873514,0.2642460764898688,,,,,,
ComPACT_G5.847-54.962,332.875,-37.3,0.9828816652297974,24,3,,,,,,,,,,,,
ComPACT_G85.617-75.434,3.76667,-15.26667,0.9956074357032776,47,1,0.323,phot,ACT-MCMF,,,,,,,,5.127090543829177,ACTDR6
ComPACT_G233.871-34.754,76.90833,-31.41667,0.9303693175315856,27,2,,,,0.19,0.1186428444663346,0.2276248855722029,,,,,,
ComPACT_G102.199-58.668,2.24167,2.48333,0.8823339939117432,36,1,,,,0.19,0.1186428444663346,0.4123381476050736,,,,,,
ComPACT_G6.860-34.705,307.70833,-35.53333,0.984002411365509,25,3,0.14,spec,MCXC2,,,,,,,,3.150000095367432,PSZ2
ComPACT_G277.930-65.356,28.33333,-48.65833,0.9867398738861084,47,1,0.304,phot,PSZ-MCMF,0.31,0.1306068287822676,4.961554785386851,0.3355,0.0431121324308596,0.993,0.988,4.4185006058626,PSZ-MCMF
ComPACT_G256.085-64.928,37.5,-42.14167,0.9592813849449158,52,1,0.214,phot,PSZ-MCMF,0.2,0.119639843159329,4.366591939121317,0.2318,0.039764526191189,0.999,0.99,3.323844507227132,PSZ-MCMF
ComPACT_G351.908-19.326,283.83333,-44.6,0.9109906554222108,21,3,,,,,,,,,,,,
ComPACT_G356.145-55.679,335.00833,-42.61667,0.9873360991477966,28,2,,,,0.31,0.1306068287822676,0.598676361731797,,,,,,
ComPACT_G197.586-21.596,76.73333,2.93333,0.89710533618927,31,1,0.147,spec,ACT-MCMF,,,,,,,,2.847201,ComPRASS
ComPACT_G104.748-54.557,2.35833,6.825,0.9227376580238342,47,1,0.238,spec,ACTDR5,0.23,0.1226308392383123,3.4186833286854608,0.2463,0.0402326099951931,0.999,0.993,4.809999942779541,PSZ2
ComPACT_G233.313+39.198,146.2,2.75,0.986335515975952,50,1,0.224,spec,ACTDR6,0.22,0.1216338405453179,5.730502745683014,0.225,0.0395450110279319,0.999,0.996,2.5254584867986463,ACTDR6
ComPACT_G237.004+50.477,157.03333,6.93333,0.8984447717666626,23,3,0.8400000000000001,phot,zCluster,0.8400000000000001,0.1834477595109712,7.124927048444743,,,,,3.8597817783301975,yplanck
ComPACT_G14.281-64.942,344.53333,-32.25,0.9541984796524048,27,2,0.202,phot,ACT-MCMF,,,,,,,,2.778077611035399,ACTDR6
ComPACT_G23.137-24.827,301.59167,-19.2,0.9915528893470764,30,2,0.277,spec,MCXC2,,,,,,,,4.641588833612772,ACTDR6
ComPACT_G318.033-58.890,358.725,-56.55,0.9800681471824646,51,1,0.559,phot,SPTDEEP,0.54,0.1535377987211389,7.873370243823004,0.5465,0.0499235588201606,1.0,0.993,5.03000020980835,PSZ2
ComPACT_G18.803+46.816,235.325,10.59167,0.9602376222610474,25,3,,,,0.48,0.1475558065631725,0.581093251169589,,,,,,
ComPACT_G264.124-25.646,96.30833,-55.34167,0.9670014381408693,27,2,0.121,spec,ACTDR6,0.15,0.114654849694357,0.582482658980827,0.1287,0.0364362889365116,0.993,0.85,3.08353516041509,ACTDR6
ComPACT_G259.617-56.514,46.95,-47.525,0.9120883345603944,41,1,,,,0.19,0.1186428444663346,0.333926715842991,,,,,,
ComPACT_G182.196-40.696,53.58333,2.725,0.9985047578811646,47,1,0.622,phot,ACTDR6,,,,,,,,6.525014155005506,ACTDR6
ComPACT_G230.875-59.778,47.3,-32.14167,0.9992376565933228,54,1,0.54,phot,ACTDR6,0.53,0.1525408000281445,16.238363426641936,0.5359,0.0495813734186127,1.0,0.984,5.593385696288859,ACTDR6
ComPACT_G139.415-40.786,26.10833,20.38333,0.9766295552253724,22,3,,,,0.47,0.1465588078701781,0.7968141519510619,,,,,,
ComPACT_G180.481-16.972,71.4,18.88333,0.9930226802825928,41,1,,,,,,,,,,,,
ComPACT_G342.854+75.596,202.40833,15.775,0.9584853053092957,40,1,,,,0.18,0.1176458457733402,0.2549156727169479,,,,,,
ComPACT_G11.749-37.986,312.48333,-32.28333,0.999111831188202,56,1,0.325,spec,ACTDR6,,,,,,,,5.369999885559082,PSZ2
ComPACT_G160.305-64.861,27.9,-6.45,0.9327436089515686,32,1,,,,0.18,0.1176458457733402,0.5411174256470259,,,,,,
ComPACT_G285.512-62.253,26.25833,-53.025,0.9899071455001832,81,1,0.118,spec,ACTDR6,0.15,0.114654849694357,1.5320283105011954,0.1373,0.0367139110547485,0.999,0.971,3.640000104904175,PSZ2
ComPACT_G210.068-60.951,44.43333,-22.15,0.9997357726097108,72,1,0.322,spec,ACTDR5,0.34,0.1335978248612508,33.960781812220375,0.3287,0.0428926172676025,1.0,0.997,6.050000190734863,PSZ2
ComPACT_G13.942-37.598,312.45,-30.50833,0.9289823770523072,33,1,0.209,spec,MCXC2,,,,,,,,5.659463684913352,ACTDR6
ComPACT_G174.453-57.347,37.94167,-4.88333,0.9974007606506348,46,1,0.185,spec,ACTDR5,0.19,0.1186428444663346,6.7962225420239655,0.1954,0.0385894744349304,1.0,0.991,3.9600000381469727,PSZ2
ComPACT_G82.803-58.351,353.08333,-1.78333,0.9319427013397216,52,1,0.91,phot,MaDCoWS_II,0.15,0.114654849694357,0.1891479080130704,,,,,,
ComPACT_G221.916+16.478,121.56667,-0.225,0.9128562808036804,22,3,,,,0.7100000000000001,0.1704867765020439,1.9058931892837048,,,,,,
ComPACT_G236.943+66.351,170.475,15.80833,0.9922186136245728,29,2,0.675,spec,ACTDR6,0.62,0.1615137882650942,3.2909892610025047,0.6853,0.0544042506819377,1.0,0.997,3.6095723032206464,ACTDR6
ComPACT_G358.967-67.273,348.94167,-37.78333,0.9961199760437012,91,1,0.181,spec,ACT-MCMF,,,,,,,,5.21999979019165,PSZ2
ComPACT_G44.058-59.329,341.15833,-17.73333,0.8060998320579529,25,3,0.133,spec,MCXC2,,,,,,,,3.0299999713897705,PSZ2
ComPACT_G196.689-45.510,55.75,-8.675,0.98163902759552,51,1,0.478,spec,ACTDR6,0.48,0.1475558065631725,4.591685254024639,0.484,0.0479059562166946,1.0,0.995,4.400000095367432,PSZ2
ComPACT_G342.081+66.244,207.74167,8.00833,0.9572605490684508,33,1,0.378,spec,REDMAPPER-DES-SDSS,0.64,0.1635077856510831,2.230947682755541,,,,,1.9239169480601923,yact
ComPACT_G308.691+60.244,195.71667,-2.5,0.9622700214385986,30,2,0.085,spec,MCXC2,0.14,0.1136578510013626,0.5304915463880617,0.0878,0.0351159697928035,0.996,0.961,2.220000028610229,PSZ2
ComPACT_G250.839+46.216,159.725,-2.81667,0.984995186328888,23,3,,,,0.31,0.1306068287822676,0.5969984358907252,,,,,,
ComPACT_G44.087-41.306,324.43333,-9.88333,0.9905717372894288,34,1,,,,0.63,0.1625107869580886,0.9908074076198934,,,,,,
ComPACT_G149.735-84.164,15.69167,-21.89167,0.9727181792259216,27,2,0.057,spec,ACTDR5,0.31,0.1306068287822676,3.829468970086648,0.0539,0.0340216221406836,0.982,0.895,3.0199999809265137,PSZ2
ComPACT_G351.489+56.857,217.1,3.425,0.9932928085327148,33,1,,,,0.52,0.1515438013351501,0.938313775004062,,,,,,
ComPACT_G225.864+40.080,143.98333,8.11667,0.9815566539764404,83,1,0.377,spec,REDMAPPER-DES-SDSS,0.38,0.1375858196332284,0.6616913632678554,0.3871,0.0447778651402811,0.992,0.985,2.865798985321953,ACTDR6
ComPACT_G235.031+58.411,163.075,12.3,0.9886282086372375,44,1,0.219,spec,REDMAPPER-DES-SDSS,0.2,0.119639843159329,1.755256968894663,,,,,1.815960277267649,yplanck
ComPACT_G32.562-17.561,298.43333,-8.225,0.9872446656227112,29,2,,,,,,,,,,,,
ComPACT_G213.907-68.129,37.20833,-25.39167,0.961348295211792,28,2,0.566,phot,zaznobin,0.51,0.1505468026421557,1.430857108887603,0.566,0.0505530508324419,0.996,0.995,1.51622844728996,yact
ComPACT_G239.949-39.963,71.7,-37.06667,0.9999618530273438,75,1,0.607,spec,ACTDR6,0.5800000000000001,0.1575257934931166,9.162230610161195,0.5577,0.0502851132067017,1.0,0.996,7.090000152587891,PSZ2
ComPACT_G262.229-35.378,79.15833,-54.5,0.9961075186729432,64,1,0.295,spec,ACTDR5,0.27,0.1266188340102899,18.08820056346407,0.3088,0.042250212598659,1.0,0.997,8.760000228881836,PSZ2
ComPACT_G259.815-65.029,36.275,-43.44167,0.9852361679077148,35,1,0.23,phot,PSZSPT,0.8200000000000001,0.1814537621249824,9.580824456799478,,,,,2.559436,PSZSPT
ComPACT_G231.910+27.122,135.43333,-2.85,0.9933385252952576,43,1,,,,0.35,0.1345948235542452,0.734271243652636,,,,,,
ComPACT_G219.869+19.268,123.10833,2.80833,0.8262877464294434,25,3,0.6900000000000001,phot,zCluster,0.6900000000000001,0.1684927791160551,3.728801274292776,,,,,,
ComPACT_G319.148-55.029,354.35833,-59.70833,0.9998496770858764,63,1,0.775,spec,ACT-MCMF,0.76,0.175471769967016,10.546811773635165,0.7795,0.0574451813258815,1.0,0.915,5.92798,PSZSPT
ComPACT_G53.436-36.260,323.8,-1.05,0.9956560134887696,48,1,0.327,spec,ACTDR6,0.31,0.1306068287822676,8.930156528016989,0.3261,0.0428086849992984,1.0,0.99,7.449999809265137,PSZ2
ComPACT_G24.506-19.305,296.76667,-15.89167,0.9254409670829772,32,1,0.452,phot,ACTDR6,,,,,,,,4.794773283893708,ACTDR6
ComPACT_G357.071-74.040,356.95833,-35.575,0.9921066761016846,63,1,0.263,spec,ACT-MCMF,,,,,,,,3.700469471568628,ACTDR6
ComPACT_G220.542-46.673,61.15833,-24.36667,0.9995660185813904,63,1,0.27,phot,SPTECS,0.27,0.1266188340102899,15.58126896556324,0.2782,0.0412623943640021,0.998,0.994,4.394382463110117,PSZ-MCMF
ComPACT_G244.798+71.593,176.61667,16.51667,0.9330172538757324,41,1,,,,0.16,0.1156518483873514,0.3249560094355093,,,,,,
ComPACT_G174.160-60.595,35.55,-7.1,0.9641854166984558,27,2,,,,0.17,0.1166488470803458,0.2498749501622998,,,,,,
ComPACT_G274.153-53.285,44.1,-56.29167,0.9991982579231262,68,1,0.601,phot,ACT-MCMF,0.5700000000000001,0.1565287948001222,6.186532841203045,0.5997,0.0516409421562308,1.0,0.992,4.273802,PSZSPT
ComPACT_G341.176-36.135,308.09167,-56.45,0.8578294515609741,32,1,0.284,spec,PSZ1,0.27,0.1266188340102899,12.405496289378176,0.1462,0.0370012176654821,0.993,0.968,5.739999771118164,PSZ2
ComPACT_G84.776-75.035,3.35,-15.05833,0.9966038465499878,35,1,0.446,phot,ACTDR6,,,,,,,,5.862418358618405,ACTDR6
ComPACT_G38.593+22.808,264.55,14.93333,0.9960618615150452,64,1,0.367,phot,ACTDR5,0.39,0.1385828183262228,10.735281334048004,0.4087,0.0454751486000389,1.0,0.993,4.493298353164944,ACTDR6
ComPACT_G32.869+42.316,243.825,17.83333,0.8705512285232544,21,3,0.843,spec,PSZ1_Barenna,0.14,0.1136578510013626,0.2455259209609854,,,,,,
ComPACT_G160.232-37.535,42.93333,16.475,0.8399651050567627,28,2,,,,,,,,,,,,
ComPACT_G210.018-56.388,49.10833,-20.775,0.9774157404899596,49,1,0.238,phot,ACTDR6,0.23,0.1226308392383123,6.342059254859843,0.2398,0.0400227793244326,0.997,0.987,4.199999809265137,PSZ2
ComPACT_G253.716-47.438,61.3,-46.80833,0.9951069355010986,35,1,0.363,phot,ACTDR6,0.39,0.1385828183262228,19.337502803620342,0.3888,0.0448327439310954,0.999,0.997,3.320453,PSZSPT
ComPACT_G256.494-65.706,36.475,-41.90833,0.9245823621749878,55,1,0.22,spec,MCXC2,0.2,0.119639843159329,3.1969952515642444,0.2346,0.0398549147878243,0.999,0.995,6.079999923706055,PSZ2
ComPACT_G343.481+52.678,216.1,-2.71667,0.9996967315673828,53,1,0.714,spec,ACTDR6,0.7000000000000001,0.1694897778090495,8.816162210380103,0.725,0.0556858318556592,0.999,0.984,7.25,PSZ2
ComPACT_G252.225+53.049,165.125,1.46667,0.9941635727882384,61,1,,,,0.41,0.1405768157122116,0.9581519661216976,,,,,,
ComPACT_G50.095-27.311,314.73333,1.38333,0.998791515827179,84,1,0.329,spec,ACTDR6,0.3,0.1296098300892731,12.131614910815326,0.3198,0.042605310656869,1.0,0.992,6.599999904632568,PSZ2
ComPACT_G245.476-53.612,54.075,-40.625,0.9995574355125428,80,1,0.173,spec,MCXC2,0.18,0.1176458457733402,4.308115102204282,0.1908,0.0384409788833154,1.0,0.977,4.420000076293945,PSZ2
ComPACT_G345.320-44.722,321.79167,-51.99167,0.8557020425796509,22,3,,,,0.16,0.1156518483873514,0.185217478893467,,,,,,
ComPACT_G198.245-20.606,77.9,2.90833,0.997113823890686,44,1,0.151,spec,ACTDR6,,,,,,,,6.634102514187433,ACTDR6
ComPACT_G16.332+40.468,239.99167,5.88333,0.9737867712974548,44,1,,,,0.16,0.1156518483873514,1.1099377356021205,,,,,,
ComPACT_G148.156-64.051,23.625,-3.30833,0.9952783584594728,48,1,0.551,spec,ACTDR6,0.53,0.1525408000281445,1.4913489525248136,0.5521,0.0501043360134311,0.998,0.964,6.208731110574935,PSZ-MCMF
ComPACT_G235.176+43.409,150.48333,3.93333,0.9653865694999696,26,2,,,,0.49,0.1485528052561669,1.7675236501633345,,,,,,
ComPACT_G314.446+63.379,197.99167,0.96667,0.9140241146087646,25,3,,,,0.16,0.1156518483873514,0.4538538243063359,,,,,,
ComPACT_G178.958-66.831,32.41667,-12.91667,0.9881995916366576,28,2,0.254,phot,ACTDR5,0.24,0.1236278379313067,9.714804149319598,0.264,0.0408039950524946,1.0,0.994,4.282208416718066,PSZ-MCMF
ComPACT_G8.943-81.238,3.575,-30.38333,0.9999570846557616,71,1,0.307,spec,ACTDR6,0.28,0.1276158327032843,12.399927498983796,0.3153,0.0424600432694195,1.0,0.994,9.84000015258789,PSZ2
ComPACT_G223.490+26.851,131.375,3.46667,0.9995352029800416,59,1,0.329,spec,ACT-MCMF,0.37,0.136588820940234,22.415422476066848,0.3398,0.0432509434899781,1.0,0.998,5.269999980926514,PSZ2
ComPACT_G253.563-56.119,49.28333,-44.55833,0.9441505074501038,21,3,,,,0.16,0.1156518483873514,0.2861035683802622,,,,,,
ComPACT_G299.257+73.107,191.775,10.26667,0.8824222683906555,22,3,,,,0.56,0.1555317961071278,1.682871516205949,,,,,,
ComPACT_G180.276-29.518,61.16667,11.14167,0.8619821071624756,34,1,0.355,spec,ACTDR6,,,,,,,,7.710000038146973,PSZ2
ComPACT_G231.257-23.317,88.65833,-25.94167,0.9642913937568665,106,1,0.277,phot,ACTDR5,0.24,0.1236278379313067,3.5951333581740137,,,,,3.655781875967892,PSZ-MCMF
ComPACT_G14.601-64.676,344.20833,-32.13333,0.9926459789276124,51,1,0.454,spec,ACTDR5,,,,,,,,3.644652826188607,ACTDR6
ComPACT_G81.766-36.245,339.39167,15.70833,0.9570037722587584,28,2,,,,0.4,0.1395798170192172,0.8128172652047463,,,,,,
ComPACT_G131.463-57.618,17.43333,4.95,0.8905455470085144,22,3,0.34,phot,zCluster,0.34,0.1335978248612508,6.480263627630612,,,,,,
ComPACT_G123.242-71.655,12.95833,-8.78333,0.9973934888839722,49,1,0.207,phot,ACT-MCMF,0.66,0.1655017830370719,3.22316701250686,,,,,2.0461953562056627,ACTDR5
ComPACT_G150.054-38.126,35.29167,19.975,0.9920542240142822,38,1,0.45,spec,MCXC2,0.43,0.1425708130982004,10.572944260606803,0.4613,0.0471731629511158,0.992,0.986,4.765053782030314,ACTDR6
ComPACT_G352.379+59.236,215.84167,5.5,0.9991753697395324,51,1,0.543,spec,ACTDR5,0.54,0.1535377987211389,6.967696064090977,0.5425,0.0497944322535387,1.0,0.965,4.689938164586282,ACTDR6
ComPACT_G225.561-27.269,82.65833,-22.45,0.9972634315490724,61,1,0.171,spec,MCXC2,0.16,0.1156518483873514,3.221141878936128,0.1737,0.0378889628110071,1.0,0.99,3.539999961853028,PSZ2
ComPACT_G184.208-44.327,51.71667,-0.725,0.999351441860199,54,1,0.448,spec,RASS-MCMF,0.46,0.1455618091771837,17.994851842737173,0.463,0.0472280417419301,0.995,0.954,8.460435897373785,ACTDR6
ComPACT_G244.782+59.828,167.24167,9.1,0.999750554561615,68,1,0.46,spec,ACTDR5,0.44,0.1435678117911948,10.890191655139471,0.4612,0.0471699347869503,1.0,0.991,5.829999923706055,PSZ2
ComPACT_G27.606-69.700,350.01667,-27.15,0.9921472668647766,35,1,,,,,,,,,,,,
ComPACT_G47.789-38.449,323.29167,-6.01667,0.8957177400588989,22,3,,,,,,,,,,,,
ComPACT_G80.374-44.123,343.43333,8.80833,0.9627153873443604,22,3,0.357,phot,REDMAPPER-DES-SDSS,0.74,0.1734777725810271,1.4184510621745967,,,,,2.5421584147243785,yplanck
ComPACT_G200.937-38.072,63.86667,-7.79167,0.9601701498031616,22,3,,,,0.54,0.1535377987211389,0.9869523844121884,,,,,,
ComPACT_G195.809-24.332,73.54167,2.91667,0.9981648325920104,85,1,0.199,spec,ACTDR6,,,,,,,,7.800000190734863,PSZ2
ComPACT_G185.249-66.590,34.19167,-14.725,0.9893065094947816,21,3,,,,0.17,0.1166488470803458,0.7941943364070791,,,,,,
ComPACT_G6.358+62.032,218.3,12.475,0.9829886555671692,36,1,0.237,spec,ACTDR6,0.24,0.1236278379313067,7.166654887549552,0.2444,0.0401712748760477,0.996,0.908,4.829999923706055,PSZ2
ComPACT_G233.561+61.301,165.20833,14.44167,0.9817678928375244,25,3,0.438,spec,ACTDR6,0.43,0.1425708130982004,5.764768693232341,0.4386,0.046440369685537,0.998,0.988,2.2768568864827285,ACTDR6
ComPACT_G320.516+62.081,200.99167,0.325,0.9611650109291076,28,2,,,,0.59,0.158522792186111,2.120497210641884,,,,,,
ComPACT_G204.067-15.936,84.68333,0.38333,0.925534725189209,46,1,,,,,,,,,,,,
ComPACT_G229.308-74.159,30.55,-30.475,0.9983183145523072,48,1,0.489,spec,ACT-MCMF,0.48,0.1475558065631725,7.921982004518867,0.4798,0.0477703733217417,1.0,0.994,5.01417195635319,PSZ-MCMF
ComPACT_G14.754-16.793,290.43333,-23.425,0.9720757007598876,28,2,,,,,,,,,,,,
ComPACT_G126.026-49.647,14.91667,13.175,0.9989207983016968,48,1,0.499,spec,ACTDR5,0.48,0.1475558065631725,4.170384264701928,0.506,0.0486161523331147,1.0,0.997,6.666262149960806,ACTDR6
ComPACT_G126.692-82.957,13.35,-20.1,0.9459434151649476,30,2,,,,0.6,0.1595197908791054,0.6796389025752132,,,,,,
ComPACT_G258.033-34.694,80.30833,-51.06667,0.9954841136932372,59,1,0.675,spec,ACT-MCMF,0.6900000000000001,0.1684927791160551,10.141418163355636,0.681,0.0542654396228192,1.0,0.999,3.697548,PSZSPT
ComPACT_G250.281-17.301,102.81667,-40.625,0.9420718550682068,35,1,0.237,phot,SPT2500D,,,,,,,,4.519999980926514,PSZ2
ComPACT_G230.772-35.181,75.73333,-29.05,0.9999314546585084,63,1,0.609,spec,ACTDR6,0.59,0.158522792186111,5.369389679254046,0.6057,0.0518346320061635,1.0,0.995,5.980047510892604,PSZ-MCMF
ComPACT_G53.465-46.922,332.75,-6.88333,0.9959237575531006,54,1,0.365,spec,ACTDR6,0.41,0.1405768157122116,6.244696487632769,0.3863,0.0447520398269567,1.0,0.995,7.5385484222191135,ACTDR6
ComPACT_G252.876-59.301,45.3,-43.14167,0.9907982349395752,33,1,,,,0.19,0.1186428444663346,0.2068081893090714,,,,,,
ComPACT_G197.480-54.154,48.31667,-13.34167,0.9778239727020264,22,3,,,,0.77,0.1764687686600104,0.942132919162288,,,,,,
ComPACT_G241.745-30.880,83.23333,-37.025,0.9998289346694946,78,1,0.275,spec,ACTDR5,0.27,0.1266188340102899,14.200496509709993,0.288,0.0415787544522255,1.0,0.996,7.0,PSZ2
ComPACT_G226.176-21.932,88.24167,-21.06667,0.9831684827804564,70,1,0.099,spec,ACT-MCMF,0.15,0.114654849694357,0.7057215224383966,0.1034,0.0356195634026286,1.0,0.964,3.869999885559082,PSZ2
ComPACT_G205.685+18.085,116.08333,14.375,0.8788219094276428,29,2,0.421,spec,ACTDR6,0.44,0.1435678117911948,11.429802071287694,0.4314,0.0462079418656177,1.0,0.984,6.039999961853027,PSZ2
ComPACT_G54.968-33.383,322.11667,1.6,0.9987245202064514,69,1,0.385,spec,ACTDR6,0.38,0.1375858196332284,21.990688130773066,0.376,0.0444195389179055,1.0,0.997,7.320000171661377,PSZ2
ComPACT_G177.756-53.493,42.01667,-3.525,0.9991220831871032,64,1,0.19,spec,RASS-MCMF,0.19,0.1186428444663346,2.3059829740801208,0.1992,0.0387121446732212,1.0,0.984,3.7369842251741145,PSZ-MCMF
ComPACT_G8.895+44.702,233.43333,3.61667,0.9994171857833862,64,1,0.293,spec,REDMAPPER-DES-SDSS,0.3,0.1296098300892731,6.752795773708849,0.3064,0.0421727366586859,0.997,0.99,4.381028,ComPRASS
ComPACT_G106.915-62.577,5.55833,-0.61667,0.9998873472213744,78,1,0.807,spec,RASS-MCMF,0.8,0.1794597647389936,10.448465111320376,0.7948,0.05793909044321,1.0,0.993,6.634892295419698,PSZ-MCMF
ComPACT_G159.576-45.098,38.225,10.43333,0.9987643957138062,44,1,0.448,phot,ACTDR5,0.43,0.1425708130982004,23.23906964532923,0.4523,0.0468826281762167,1.0,0.994,6.597538575420257,ACTDR6
ComPACT_G287.205-56.731,29.31667,-58.34167,0.990838348865509,55,1,0.217,phot,ACTDR6,0.19,0.1186428444663346,3.967778083679132,0.2312,0.0397451572061957,0.999,0.985,4.184679160348907,ACTDR6
ComPACT_G55.855-51.587,337.54167,-8.15833,0.9861576557159424,32,1,0.526,phot,ACTDR5,0.5800000000000001,0.1575257934931166,19.02282765053162,0.6143,0.0521122541244004,1.0,0.997,6.534035927962594,ACTDR6
ComPACT_G3.986-68.412,349.525,-35.625,0.99558287858963,49,1,0.204,spec,ACTDR6,,,,,,,,4.874934634928947,ACTDR6
ComPACT_G307.586-77.883,11.6,-39.2,0.999749481678009,70,1,0.592,spec,ACTDR6,0.56,0.1555317961071278,13.867048318496344,0.5911,0.0513633200379938,1.0,0.995,6.039999961853027,PSZ2
ComPACT_G333.472+73.166,201.525,12.38333,0.998458743095398,55,1,0.201,spec,ACT-MCMF,0.2,0.119639843159329,4.859372544983144,0.205,0.0388993781948228,0.999,0.946,4.099999904632568,PSZ2
ComPACT_G233.490-51.561,57.10833,-33.46667,0.979869306087494,32,1,0.165,spec,ACT-MCMF,0.16,0.1156518483873514,1.839878305370168,0.1743,0.0379083317960004,1.0,0.974,3.118425726459185,PSZ-MCMF
ComPACT_G230.993+28.160,135.875,-1.60833,0.9914734363555908,40,1,0.448,spec,MaDCoWS_II,0.43,0.1425708130982004,15.018355975527744,0.4427,0.0465727244163244,0.999,0.988,3.98712697020723,ACTDR6
ComPACT_G283.889+81.188,189.83333,18.76667,0.9974178075790404,58,1,0.323,spec,ACT-MCMF,0.32,0.131603827475262,7.372080846449762,0.3295,0.0429184425809269,1.0,0.995,5.781974974395093,ACTDR6
ComPACT_G214.193-35.334,71.01667,-16.24167,0.9913613200187684,24,3,1.293,phot,ACTDR6,,,,,,,,4.155869160574328,ACTDR6
ComPACT_G317.492+59.934,200.1,-2.11667,0.8545123934745789,27,2,0.316,spec,PSZ2,0.26,0.1256218353172955,3.1184991202862378,0.2987,0.0419241680179389,0.988,0.907,5.079999923706055,PSZ2
ComPACT_G201.848+23.546,119.86667,19.81667,0.8304373621940613,21,3,,,,,,,,,,,,
ComPACT_G141.134-43.383,26.63333,17.53333,0.9710839986801147,22,3,1.08,phot,MaDCoWS,0.59,0.158522792186111,1.811405245777856,,,,,6.774951443138503,yact
ComPACT_G170.827-65.748,30.875,-9.825,0.9990000128746032,64,1,0.322,spec,ACTDR5,0.33,0.1326008261682564,12.93451290549672,0.3235,0.0427247527309942,1.0,0.995,5.845417246388921,PSZ-MCMF
ComPACT_G41.418+29.106,259.45,19.66667,0.9409812688827516,64,1,0.178,spec,MCXC2,0.17,0.1166488470803458,4.962995538439061,0.18,0.0380923371534364,1.0,0.986,5.590000152587891,PSZ2
ComPACT_G14.175+47.016,233.54167,7.95833,0.9256097078323364,26,2,,,,0.28,0.1276158327032843,0.8756121836940913,,,,,,
ComPACT_G0.743-35.704,307.975,-40.625,0.99983549118042,77,1,0.342,spec,ACT-MCMF,0.34,0.1335978248612508,25.81070390470147,0.3514,0.0436254105331814,1.0,0.995,6.329999923706055,PSZ2
ComPACT_G187.005-70.294,31.38333,-17.34167,0.998856782913208,46,1,0.745,phot,ACTDR6,0.73,0.1724807738880327,4.67173457340414,0.7268,0.055743938810639,1.0,0.995,6.630010110427996,PSZ-MCMF
ComPACT_G27.381+38.099,246.15833,12.33333,0.997115969657898,47,1,0.59,spec,ACT-MCMF,0.5700000000000001,0.1565287948001222,2.4610617886669446,0.6009,0.0516796801262173,0.987,0.97,3.347745810705731,ACTDR6
ComPACT_G156.934-42.117,38.16667,13.975,0.9879202842712402,22,3,0.71,phot,ACTDR6,0.72,0.1714837751950383,4.774628520980514,0.7246,0.055672919198997,1.0,0.996,4.178901226817602,ACTDR6
ComPACT_G248.836-29.997,85.94167,-42.84167,0.9940429329872132,39,1,0.59,phot,PSZSPT,0.5800000000000001,0.1575257934931166,7.578665796735208,0.629,0.0525867942567356,0.999,0.998,3.817388,PSZSPT
ComPACT_G21.822-29.450,305.76667,-21.93333,0.9489961862564088,29,2,,,,,,,,,,,,
ComPACT_G78.697-56.091,349.95,-1.3,0.9901037216186525,30,2,0.284,spec,ACT-MCMF,0.28,0.1276158327032843,7.986837974281949,0.2979,0.0418983427046145,0.988,0.984,4.20790743591799,PSZ-MCMF
ComPACT_G340.397+75.207,202.11667,15.1,0.9980886578559875,71,1,0.355,spec,REDMAPPER-DES-SDSS,0.34,0.1335978248612508,6.000959239494409,0.3667,0.0441193196505098,1.0,0.998,4.483087,ComPRASS
ComPACT_G161.027-53.245,34.55833,3.08333,0.9718825817108154,30,2,0.41,phot,MaDCoWS_II,0.75,0.1744747712740215,0.8380796513640767,,,,,,
ComPACT_G26.202+40.034,243.96667,12.325,0.8449526429176331,39,1,0.369,spec,REDMAPPER-DES-SDSS,0.38,0.1375858196332284,3.4836955791982067,,,,,3.614775503753708,yact
ComPACT_G278.645+74.082,186.225,12.475,0.9913153648376464,42,1,0.318,spec,REDMAPPER-DES-SDSS,0.3,0.1296098300892731,1.960039295336295,,,,,2.4413990085839146,ACTDR6
ComPACT_G133.705-45.251,20.76667,16.95833,0.988884687423706,26,2,,,,0.17,0.1166488470803458,0.4664236313755183,,,,,,
ComPACT_G16.138-67.421,347.375,-31.31667,0.8612615466117859,29,2,,,,,,,,,,,,
ComPACT_G7.037-52.353,329.55833,-36.75833,0.9240659475326538,27,2,,,,,,,,,,,,
ComPACT_G231.624+57.267,161.10833,13.25833,0.9856917262077332,46,1,0.35,phot,zCluster,0.35,0.1345948235542452,3.6562141911904167,,,,,,
ComPACT_G15.964+66.323,216.71667,18.25833,0.9255366325378418,25,3,,,,0.75,0.1744747712740215,1.7981160200374808,,,,,,
ComPACT_G270.093-20.012,109.06667,-59.16667,0.9986722469329834,59,1,0.659,phot,ACTDR6,,,,,,,,9.87641794623721,ACTDR6
ComPACT_G356.097+54.948,220.29167,3.83333,0.9031893610954284,47,1,,,,0.56,0.1555317961071278,0.9912111670503454,,,,,,
ComPACT_G215.780+16.784,119.10833,5.125,0.99911230802536,59,1,0.282,phot,ACTDR6,0.29,0.1286128313962787,8.90592589419185,0.2792,0.0412946760056575,0.997,0.914,7.685790970869648,ACTDR6
ComPACT_G50.812-24.842,312.975,3.23333,0.9864304065704346,33,1,0.65,phot,ACTDR6,0.5700000000000001,0.1565287948001222,0.9226812797901756,,,,,5.018455263220757,ACTDR6
ComPACT_G162.541-72.208,24.39167,-12.98333,0.9959388971328736,46,1,0.214,spec,ACT-MCMF,0.22,0.1216338405453179,4.687664618494121,0.2191,0.0393545493421647,0.999,0.996,3.238603,ComPRASS
ComPACT_G207.604-22.813,80.15,-5.775,0.8145594596862793,32,1,,,,,,,,,,,,
ComPACT_G215.257-26.099,80.18333,-13.475,0.999541997909546,63,1,0.336,spec,ACT-MCMF,,,,,,,,6.239999771118164,PSZ2
ComPACT_G354.085-50.086,327.825,-45.06667,0.9806053638458252,26,2,,,,0.54,0.1535377987211389,1.220731166478903,,,,,,
ComPACT_G231.052-17.335,94.71667,-23.58333,0.9995643496513368,61,1,0.403,spec,ACTDR6,,,,,,,,5.300000190734863,PSZ2
ComPACT_G263.130-23.428,99.7,-53.96667,0.9993122816085817,91,1,0.227,spec,MCXC2,,,,0.2485,0.0403036296068351,1.0,0.933,6.829999923706055,PSZ2
ComPACT_G248.510+75.832,180.75,18.38333,0.986865222454071,32,1,,,,0.5,0.1495498039491613,1.4364046221796478,,,,,,
ComPACT_G325.347+60.694,203.61667,-0.29167,0.9958576560020448,35,1,0.242,phot,ACTDR6,0.27,0.1266188340102899,2.1144022034621264,,,,,2.614217599958617,ACTDR6
ComPACT_G245.928+49.741,160.01667,1.99167,0.9830668568611144,25,3,0.391,spec,ACTDR6,0.4,0.1395798170192172,8.481958569277847,0.4051,0.0453589346900793,0.993,0.989,3.652214325520261,ACTDR6
ComPACT_G267.670-22.440,103.33333,-57.75,0.997768759727478,48,1,0.24,phot,SPT2500D,,,,,,,,7.445385492578305,ACTDR6
ComPACT_G11.131+66.157,215.9,16.46667,0.9984003901481628,59,1,0.236,spec,RASS-MCMF,0.23,0.1226308392383123,9.697474231847044,0.2461,0.040226153666862,0.999,0.988,4.4408361175191065,ACTDR6
ComPACT_G45.474-70.937,352.80833,-21.58333,0.9492604732513428,22,3,1.009,phot,ACTDR6,,,,,,,,3.764935806792472,ACTDR6
ComPACT_G111.318-44.310,4.15833,17.775,0.9103334546089172,28,2,,,,0.18,0.1176458457733402,0.8556168836870279,,,,,,
ComPACT_G118.076-46.131,9.35,16.60833,0.9762212634086608,24,3,,,,0.14,0.1136578510013626,0.2411780644324059,,,,,,
ComPACT_G208.283-18.756,84.06667,-4.49167,0.8739969730377197,29,2,,,,,,,,,,,,
ComPACT_G189.112-38.865,58.28333,-0.35833,0.910085678100586,23,3,,,,,,,,,,,,
ComPACT_G246.466+67.710,173.875,13.61667,0.9659198522567748,30,2,0.08,spec,RASS-MCMF,0.45,0.1445648104841893,5.319460234572771,,,,,0.998297,ComPRASS
ComPACT_G129.779-79.939,14.10833,-17.13333,0.9975641965866088,39,1,0.486,spec,ACTDR6,0.48,0.1475558065631725,20.8792191432774,0.4894,0.0480802770816341,1.0,0.993,5.853195019170884,PSZ-MCMF
ComPACT_G258.310-37.863,75.25,-51.25833,0.9351876378059388,25,3,0.144,spec,ACT-MCMF,0.15,0.114654849694357,1.937990406780912,0.1595,0.0374305634994996,0.998,0.977,2.59637902821226,PSZ-MCMF
ComPACT_G80.630-54.664,349.95,0.5,0.9983243346214294,56,1,0.902,spec,ACTDR5,0.87,0.1864387555899544,5.649043245975499,,,,,4.898566485950721,ACTDR6
ComPACT_G20.487+20.723,258.85,-1.03333,0.9808995723724364,22,3,,,,,,,,,,,,
ComPACT_G359.897+59.121,218.625,8.18333,0.8663834929466248,22,3,0.337,spec,REDMAPPER-DES-SDSS,0.34,0.1335978248612508,5.076791165181002,0.3382,0.0431992928633294,0.995,0.988,,
ComPACT_G302.138+73.762,192.63333,10.89167,0.9035987854003906,48,1,,,,0.33,0.1326008261682564,2.781733852933073,,,,,,
ComPACT_G13.541+50.929,229.95,9.65833,0.9673898816108704,29,2,,,,0.2,0.119639843159329,0.2431704149752886,,,,,,
ComPACT_G306.895-81.255,12.11667,-35.85,0.9312734603881836,29,2,,,,0.27,0.1266188340102899,0.474914962622166,,,,,,
ComPACT_G45.527+16.242,273.55833,18.29167,0.998759627342224,78,1,0.206,spec,PSZ1_Barenna,,,,,,,,3.819999933242798,PSZ2
ComPACT_G262.268+57.109,172.13333,0.93333,0.9503766894340516,37,1,0.34,phot,MaDCoWS_II,0.34,0.1335978248612508,1.4777434836827168,,,,,3.2448889765810693,yact
ComPACT_G180.497-20.412,68.55833,16.75833,0.93063223361969,23,3,,,,,,,,,,,,
ComPACT_G319.220-64.136,1.51667,-51.53333,0.929040253162384,21,3,0.12,phot,RASS-MCMF,0.15,0.114654849694357,0.1863466900200423,,,,,1.67374,RASS-MCMF
ComPACT_G264.086-53.802,48.93333,-51.01667,0.9552832841873168,26,2,,,,0.15,0.114654849694357,0.1901481552854331,,,,,,
ComPACT_G78.035-30.422,333.00833,18.225,0.9763157963752748,23,3,0.191,spec,ACTDR5,0.18,0.1176458457733402,3.839194841790742,0.1916,0.0384668041966397,1.0,0.921,3.350059381929698,ACTDR6
ComPACT_G34.199+34.593,251.73333,15.96667,0.995491087436676,45,1,0.554,spec,ACTDR5,0.53,0.1525408000281445,2.7406864829089272,,,,,4.536967586757926,ACTDR6
ComPACT_G318.247-77.907,8.79167,-38.73333,0.9345921874046326,24,3,0.436,phot,PSZ-MCMF,0.42,0.141573814405206,12.645546291415926,0.4492,0.0467825550870848,0.994,0.978,4.796204958543867,PSZ-MCMF
ComPACT_G355.974-59.768,340.33333,-41.55833,0.9285379648208618,37,1,,,,0.68,0.1674957804230607,1.677949952247603,,,,,,
ComPACT_G207.391+38.923,136.99167,20.69167,0.9910099506378174,37,1,,,,,,,,,,,,
ComPACT_G18.658-67.436,347.33333,-30.35,0.992426872253418,34,1,,,,,,,,,,,,
ComPACT_G209.207-80.337,23.60833,-26.09167,0.984119951725006,39,1,0.16,spec,ACT-MCMF,0.16,0.1156518483873514,4.488001637617259,0.1568,0.0373434030670299,0.999,0.96,3.1700000762939453,PSZ2
ComPACT_G201.122-43.777,58.83333,-10.6,0.9282186627388,38,1,0.36,phot,zCluster,0.36,0.1355918222472396,5.385294116170145,,,,,,
ComPACT_G63.904-16.730,313.21667,17.9,0.9994834661483764,74,1,0.392,spec,PSZ2,,,,,,,,5.610000133514404,PSZ2
ComPACT_G198.547-84.283,19.0,-25.575,0.991962730884552,27,2,,,,0.11,0.1106668549223794,0.1387309675821018,,,,,,
ComPACT_G7.988+44.359,233.33333,2.89167,0.9394604563713074,25,3,,,,0.51,0.1505468026421557,1.1101486845831836,,,,,,
ComPACT_G147.125-60.848,24.375,-0.15833,0.9983137845993042,45,1,0.347,spec,ACTDR6,0.34,0.1335978248612508,12.932706278689125,0.338,0.0431928365349983,0.994,0.92,5.82746507310028,PSZ-MCMF
ComPACT_G179.518-43.940,49.83333,2.09167,0.9992074370384216,64,1,0.319,spec,NEURALENS,0.41,0.1405768157122116,30.439338155630047,0.396,0.0450651717510146,1.0,0.993,5.940000057220459,PSZ2
ComPACT_G254.082-58.460,46.075,-44.025,0.9997939467430116,92,1,0.46,spec,MCXC2,0.45,0.1445648104841893,16.727133629131878,0.4552,0.0469762449370176,1.0,0.995,6.21999979019165,PSZ2
ComPACT_G99.079-46.898,356.39167,12.9,0.9544019103050232,50,1,,,,0.18,0.1176458457733402,0.2535564265153829,,,,,,
ComPACT_G30.727+25.723,258.79167,9.61667,0.9680696129798888,21,3,,,,0.72,0.1714837751950383,0.8138700943456338,,,,,,
ComPACT_G2.505+47.372,228.60833,1.73333,0.9980745315551758,34,1,1.195,phot,ACTDR6,0.6,0.1595197908791054,1.3983914804041029,,,,,3.7545462261036135,ACTDR6
ComPACT_G356.677-46.985,323.175,-43.825,0.9985460042953492,48,1,0.518,phot,ACTDR5,0.5,0.1495498039491613,9.648960306674727,0.5088,0.0487065409297499,0.998,0.989,3.72791,PSZSPT
ComPACT_G117.810-47.788,9.3,14.94167,0.8723341822624207,38,1,1.06,phot,MaDCoWS,0.15,0.114654849694357,0.2048362909882983,,,,,6.780005730045214,yact
ComPACT_G147.291-49.375,28.70833,10.475,0.965321719646454,33,1,,,,0.75,0.1744747712740215,1.1045552473572915,,,,,,
ComPACT_G349.108+67.617,209.1,10.775,0.9996764659881592,62,1,0.236,spec,RASS-MCMF,0.23,0.1226308392383123,8.161594772072405,0.2444,0.0401712748760477,0.999,0.976,4.150000095367432,PSZ2
ComPACT_G285.876+77.866,189.19167,15.48333,0.9312505125999452,21,3,0.478,spec,REDMAPPER-DES-SDSS,0.35,0.1345948235542452,2.91718271616353,0.381,0.0445809471261828,0.992,0.992,5.866740301220767,yplanck
ComPACT_G138.420-57.953,21.025,3.93333,0.9717780947685242,29,2,1.11,phot,MaDCoWS_II,0.56,0.1555317961071278,0.8576621262361592,,,,,,
ComPACT_G224.440-46.613,61.9,-26.95833,0.9987642765045166,63,1,0.216,phot,ACTDR5,0.2,0.119639843159329,2.967323482523552,0.2158,0.0392480199247017,0.999,0.983,4.118002728017491,PSZ-MCMF
ComPACT_G116.970-53.539,9.275,9.16667,0.9992928504943848,60,1,0.251,spec,ACT-MCMF,0.27,0.1266188340102899,8.231272880425596,0.2599,0.0406716403217073,1.0,0.976,6.429999828338623,PSZ2
ComPACT_G199.390-17.568,81.075,3.5,0.996735155582428,49,1,,,,,,,,,,,,
ComPACT_G240.658-60.399,46.025,-36.94167,0.999305248260498,68,1,0.219,spec,MCXC2,0.2,0.119639843159329,3.952256451197959,0.2332,0.0398097204895066,0.999,0.991,4.260000228881836,PSZ2
ComPACT_G10.322-24.698,297.08333,-30.09167,0.993636965751648,36,1,0.936,phot,ACTDR6,,,,,,,,3.672455107659896,ACTDR6
ComPACT_G19.715+38.534,242.99167,7.175,0.99708753824234,40,1,0.314,spec,ACT-MCMF,0.32,0.131603827475262,3.363324418522668,0.3133,0.0423954799861085,0.996,0.984,4.4408361175191065,ACTDR6
ComPACT_G190.688-38.253,59.49167,-1.01667,0.9502971172332764,24,3,,,,,,,,,,,,
ComPACT_G22.082+58.856,225.075,17.675,0.9964022636413574,41,1,0.392,spec,ACT-MCMF,0.42,0.141573814405206,13.039378950787189,0.4189,0.0458044213449246,0.998,0.989,3.718407956863623,ACTDR6
ComPACT_G231.677+54.689,158.84167,11.93333,0.8503921031951904,33,1,0.322,spec,ACTDR5,0.31,0.1306068287822676,5.198059071589419,0.3219,0.0426731021043455,0.997,0.996,3.851754209371485,ACTDR6
ComPACT_G159.033-43.852,38.575,11.69167,0.9646187424659728,22,3,,,,0.21,0.1206368418523234,0.845303021927087,,,,,,
ComPACT_G76.807-40.938,339.33333,9.625,0.901097059249878,25,3,,,,0.56,0.1555317961071278,1.1604075130058074,,,,,,
ComPACT_G281.700+63.696,183.61667,2.35833,0.9123327732086182,21,3,,,,0.54,0.1535377987211389,0.6463076211476537,,,,,,
ComPACT_G181.296-27.607,63.25,11.675,0.9202407002449036,30,2,,,,,,,,,,,,
ComPACT_G261.616-40.866,69.93333,-53.5,0.9930728077888488,37,1,0.425,phot,SPT-MCMF,0.42,0.141573814405206,14.216879975900994,0.4138,0.0456397849724817,0.999,0.999,1.454768,PSZSPT
ComPACT_G216.744-41.825,65.34167,-20.375,0.9996594190597534,66,1,0.386,phot,ACT-MCMF,0.4,0.1395798170192172,30.968681049758366,0.3958,0.0450587154226835,1.0,0.997,6.829999923706055,PSZ2
ComPACT_G241.290+36.149,147.425,-4.15,0.9859721660614014,39,1,0.14,spec,ACTDR6,0.16,0.1156518483873514,2.877832054753193,0.1502,0.0371303442321039,0.999,0.967,3.5039222063109032,ACTDR6
ComPACT_G359.836-23.218,291.86667,-38.78333,0.995158851146698,43,1,0.171,phot,ACT-MCMF,,,,,,,,5.256202242708838,ACTDR6
ComPACT_G244.737-25.376,90.78333,-38.25833,0.982842981815338,39,1,0.476,phot,PSZ-MCMF,0.47,0.1465588078701781,10.462332083274063,0.4738,0.047576683471809,1.0,0.99,5.155930823398752,PSZ-MCMF
ComPACT_G166.778-85.669,16.14167,-23.96667,0.9151009917259216,24,3,0.16,spec,MCXC2,0.16,0.1156518483873514,2.072089179669862,0.158,0.0373821410370164,1.0,0.998,3.180901749763798,ACTDR6
ComPACT_G265.097-59.501,40.91667,-48.55833,0.9993823766708374,73,1,0.498,spec,ACTDR6,0.48,0.1475558065631725,18.09265199492792,0.4939,0.0482255444690837,1.0,0.995,6.139999866485596,PSZ2
ComPACT_G341.954-24.079,286.80833,-54.81667,0.864490807056427,48,1,0.408,phot,ACTDR6,,,,,,,,3.331595487854301,ACTDR6
ComPACT_G237.497+55.351,161.24167,9.48333,0.9645196795463562,31,1,,,,0.33,0.1326008261682564,2.4244772079481733,,,,,,
ComPACT_G122.063-53.927,12.34167,8.94167,0.933548867702484,22,3,,,,,,,,,,,,
ComPACT_G94.053-82.227,8.86667,-20.26667,0.9999805688858032,64,1,0.352,spec,SPTECS,0.35,0.1345948235542452,16.757999212080037,0.3606,0.0439224016364116,0.99,0.957,7.010000228881836,PSZ2
ComPACT_G59.789-39.128,329.05,1.38333,0.9982417821884156,57,1,0.218,spec,ACT-MCMF,0.23,0.1226308392383123,8.167040148286384,0.2253,0.0395546955204285,1.0,0.994,4.989999771118164,PSZ2
ComPACT_G179.114-47.145,47.26667,0.15,0.9395785331726074,31,1,,,,0.19,0.1186428444663346,0.2703856745407162,,,,,,
ComPACT_G35.265-32.100,312.85833,-12.21667,0.980040431022644,34,1,,,,0.63,0.1625107869580886,0.6890060342807056,,,,,,
ComPACT_G275.529+69.775,183.59167,8.9,0.9847713112831116,46,1,0.379,spec,REDMAPPER-DES-SDSS,0.39,0.1385828183262228,11.321610901388734,0.3793,0.0445260683353685,0.997,0.997,,
ComPACT_G17.295+51.150,230.96667,11.80833,0.8835903406143188,29,2,,,,0.48,0.1475558065631725,1.292383566941198,,,,,,
ComPACT_G249.585+55.569,165.8,4.34167,0.925850749015808,21,3,0.326,spec,MaDCoWS_II,0.33,0.1326008261682564,3.788341812847719,0.336,0.0431282732516874,1.0,0.996,6.252517974187081,yact
ComPACT_G248.010-26.365,90.51667,-41.35833,0.9917268753051758,58,1,0.264,phot,PSZ-MCMF,0.24,0.1236278379313067,10.841576668895458,0.2751,0.0411623212748702,0.993,0.917,3.430000066757202,PSZ2
ComPACT_G347.720-21.671,285.3,-49.05833,0.923482358455658,28,2,,,,,,,,,,,,
ComPACT_G173.029-53.565,39.975,-1.59167,0.9999555349349976,74,1,0.375,spec,ACTDR5,0.38,0.1375858196332284,23.42171427392109,0.3811,0.0445841752903484,1.0,0.997,7.650000095367432,PSZ2
ComPACT_G7.648-43.172,318.15833,-36.1,0.9994223117828368,63,1,0.508,phot,ACTDR6,,,,,,,,7.292665413176151,ACTDR6
ComPACT_G322.211+65.405,200.775,3.725,0.9985790252685548,57,1,0.353,spec,ACTDR6,0.36,0.1355918222472396,34.23311583027775,0.3501,0.0435834443990293,0.999,0.988,4.061924,ComPRASS
ComPACT_G111.725-43.569,4.31667,18.55833,0.956074357032776,24,3,,,,0.28,0.1276158327032843,2.1395618126440104,,,,,,
ComPACT_G16.016+74.451,208.88333,21.70833,0.9931208491325378,32,1,1.13,phot,zCluster,1.13,0.2123607216078091,8.682557406468336,,,,,6.512462614925411,yplanck
ComPACT_G307.342+78.457,193.775,15.61667,0.9998558759689332,63,1,0.682,spec,ACTDR5,0.63,0.1625107869580886,2.738941054168276,0.6999,0.0548755626501073,1.0,0.995,6.018357026646761,ACTDR6
ComPACT_G7.917+39.449,237.26667,-0.05,0.9828831553459167,29,2,0.73,phot,ACTDR6,0.7100000000000001,0.1704867765020439,8.393022696715223,,,,,3.3362018990225013,ACTDR6
ComPACT_G304.258-71.314,12.25,-45.80833,0.999630570411682,64,1,0.488,phot,ACTDR6,0.47,0.1465588078701781,5.506744242307652,0.4841,0.0479091843808602,1.0,0.998,2.926779,PSZSPT
ComPACT_G43.429-41.276,324.175,-10.30833,0.9993366599082948,61,1,0.433,spec,ACTDR6,0.43,0.1425708130982004,13.177883053158858,0.4397,0.046475879491358,1.0,0.997,6.639999866485596,PSZ2
ComPACT_G23.446-32.315,309.175,-21.575,0.997757852077484,37,1,0.611,phot,ACT-MCMF,,,,,,,,5.227232618477182,ACTDR6
ComPACT_G269.693-44.729,60.475,-58.18333,0.993215560913086,43,1,1.137,phot,ACT-MCMF,0.15,0.114654849694357,0.204273528839755,,,,,1.81866,ACT-MCMF
ComPACT_G342.555-68.122,353.98333,-42.73333,0.9992607235908508,60,1,0.76,phot,ACT-MCMF,0.15,0.114654849694357,0.2209256831957313,0.7225,0.0556051277515206,0.997,0.976,3.317617,PSZSPT
ComPACT_G245.489-29.171,86.25,-39.825,0.999138355255127,54,1,0.511,phot,RASS-MCMF,0.5,0.1495498039491613,8.32267788973055,0.5003,0.0484321469756786,1.0,0.977,5.526156829977928,PSZ-MCMF
ComPACT_G148.697-43.145,32.10833,15.84167,0.9628097414970398,44,1,,,,0.19,0.1186428444663346,0.9505330591164892,,,,,,
ComPACT_G236.704-61.980,44.44167,-34.825,0.9980667233467102,46,1,0.63,phot,RASS-MCMF,0.59,0.158522792186111,4.656763062020813,0.6516,0.0533163593581488,1.0,0.995,5.633442192281191,PSZ-MCMF
ComPACT_G195.013-15.592,80.64167,8.11667,0.995415210723877,43,1,,,,,,,,,,,,
ComPACT_G214.722-45.795,60.83333,-20.25833,0.9945235252380372,34,1,,,,0.76,0.175471769967016,2.97818751083386,,,,,,
ComPACT_G21.120+37.962,244.03333,7.86667,0.9172936081886292,22,3,0.382,spec,PSZ2,0.39,0.1385828183262228,13.630472356671342,0.3982,0.0451361913626566,1.0,0.999,6.170000076293945,PSZ2
ComPACT_G327.000+82.489,196.11667,20.23333,0.9501761198043824,21,3,0.192,spec,REDMAPPER-DES-SDSS,0.18,0.1176458457733402,3.092428231871664,0.1949,0.0385733336141027,0.99,0.952,1.48021,RASS-MCMF
ComPACT_G181.321-61.927,36.91667,-10.53333,0.9300339818000792,27,2,,,,0.59,0.158522792186111,1.76554436293697,,,,,,
ComPACT_G338.056-42.131,319.76667,-57.75,0.9973040819168092,38,1,,,,0.13,0.1126608523083682,0.1279127744450627,,,,,,
ComPACT_G35.766+41.740,245.175,19.65833,0.9545679688453674,25,3,,,,0.62,0.1615137882650942,1.3991358361657775,,,,,,
ComPACT_G115.766-50.387,8.19167,12.225,0.998387575149536,58,1,0.254,spec,RASS-MCMF,0.28,0.1276158327032843,7.338095863823547,0.2703,0.041007369394924,0.985,0.951,4.222488,ComPRASS
ComPACT_G4.550-61.442,341.05,-37.06667,0.9985455274581908,74,1,0.456,phot,RASS-MCMF,,,,,,,,7.192596354648156,ACTDR6
ComPACT_G213.439+31.841,131.96667,13.525,0.9985933899879456,62,1,0.347,spec,ACTDR5,0.37,0.136588820940234,10.40044691955077,0.353,0.0436770611598301,0.995,0.968,7.73372702564028,ACTDR6
ComPACT_G208.521-44.387,60.59167,-15.66667,0.9716882705688475,22,3,0.82,spec,LP15,0.48,0.1475558065631725,1.217665996899719,,,,,6.619999885559082,PSZ2
ComPACT_G291.724+71.425,189.26667,8.86667,0.8196874260902405,23,3,0.166,spec,REDMAPPER-DES-SDSS,0.16,0.1156518483873514,0.2204636338954637,,,,,3.29392573159503,yact
ComPACT_G312.094+60.333,197.38333,-2.21667,0.9989197254180908,57,1,0.82,phot,ACT-MCMF,0.76,0.175471769967016,2.611166476951229,0.7537,0.0566123149711708,0.989,0.814,5.919393724285382,ACTDR6
ComPACT_G50.552-24.999,312.98333,2.95,0.9602511525154114,29,2,0.622,phot,ACTDR5,0.62,0.1615137882650942,8.57261387831485,0.675,0.0540717497728865,0.999,0.991,4.689938164586282,ACTDR6
ComPACT_G72.822-41.132,337.20833,7.46667,0.9962540864944458,46,1,0.385,spec,ACTDR6,0.41,0.1405768157122116,20.81066467787992,0.4064,0.0454009008242314,1.0,0.994,5.25,PSZ2
ComPACT_G25.060+52.706,231.68333,16.79167,0.9995478987693788,71,1,0.345,spec,ACTDR5,0.35,0.1345948235542452,5.294701591923329,0.3511,0.0436157260406847,0.998,0.974,5.04507,ComPRASS
ComPACT_G42.351-46.613,328.70833,-13.375,0.9975109100341796,43,1,0.448,phot,ACTDR5,0.46,0.1455618091771837,6.685698536659159,0.4391,0.0464565105063647,0.994,0.988,4.382926385504236,ACTDR6
ComPACT_G224.690+52.963,155.28333,14.75833,0.997552216053009,66,1,0.242,spec,ACT-MCMF,0.26,0.1256218353172955,19.68381134079493,0.2453,0.0402003283535376,0.999,0.967,7.212499707993349,ACTDR6
ComPACT_G2.578+53.880,223.61667,5.925,0.999942421913147,65,1,0.304,spec,ACTDR6,0.28,0.1276158327032843,6.891864020642447,0.3031,0.0420662072412229,0.997,0.996,4.67128,ComPRASS
ComPACT_G228.223-60.422,46.53333,-30.825,0.9799373745918274,22,3,,,,0.31,0.1306068287822676,1.5987270841941008,,,,,,
ComPACT_G312.586-66.433,6.84167,-50.24167,0.9460144639015198,45,1,0.145,spec,ACTDR5,0.15,0.114654849694357,2.710742011737444,0.1619,0.0375080394394727,1.0,0.963,3.539999961853028,PSZ2
ComPACT_G109.628-57.781,5.79167,4.35833,0.9984022974967957,43,1,0.971,spec,ACTDR6,0.81,0.180456763431988,3.01844610291712,,,,,4.699668299660383,ACTDR6
ComPACT_G228.471+34.939,140.53333,3.76667,0.8617115020751953,69,1,0.268,spec,RASS-MCMF,0.26,0.1256218353172955,5.834603064345568,0.2809,0.0413495547964718,0.998,0.995,5.78000020980835,PSZ2
ComPACT_G3.046-76.060,358.38333,-33.325,0.9942508935928344,56,1,0.658,phot,ACT-MCMF,,,,,,,,5.880000114440918,PSZ2
ComPACT_G83.903-55.436,351.925,0.95833,0.9629790782928468,34,1,0.277,spec,PSZ2,0.27,0.1266188340102899,3.7294340239273183,0.2949,0.0418014977796482,0.998,0.971,4.690000057220459,PSZ2
ComPACT_G297.972-67.759,15.73333,-49.25833,0.9999903440475464,59,1,0.87,spec,SPT2500D,0.8,0.1794597647389936,15.142861801855831,0.7142,0.0553371901257803,1.0,0.847,10.75,PSZ2
ComPACT_G246.934-32.307,82.49167,-41.63333,0.9966226816177368,43,1,0.833,phot,PSZ-MCMF,0.76,0.175471769967016,7.473250899559424,0.7874,0.0577002062949596,1.0,0.995,3.331929,PSZSPT
ComPACT_G230.664+65.462,168.34167,17.59167,0.9965150356292723,45,1,0.171,spec,ACTDR6,0.16,0.1156518483873514,2.1918961243337907,,,,,3.2699999809265137,PSZ2
ComPACT_G266.394-35.143,79.25833,-57.90833,0.940790057182312,30,2,0.897,phot,ACT-MCMF,0.87,0.1864387555899544,2.562558569862985,0.8127,0.0585169318288426,0.986,0.972,4.147264900506527,ACTDR6
ComPACT_G46.898-56.660,339.3,-15.24167,0.991482138633728,23,3,0.299,spec,MCXC2,,,,,,,,1.8278000354766848,MCXC2
ComPACT_G211.311+33.680,132.99167,15.89167,0.994252383708954,37,1,0.503,spec,ACT-MCMF,0.49,0.1485528052561669,8.143936411860123,0.5088,0.0487065409297499,1.0,0.994,3.4966677291472683,ACTDR6
ComPACT_G17.928+68.298,215.16667,19.78333,0.9993640780448914,69,1,0.41,spec,ACTDR6,0.39,0.1385828183262228,21.22772060198581,0.4149,0.0456752947783027,1.0,0.993,5.299957990657952,ACTDR6
ComPACT_G280.921+57.882,181.35,-3.00833,0.9653321504592896,28,2,0.312,spec,RASS-MCMF,0.32,0.131603827475262,1.8812633232902845,,,,,2.89772,RASS-MCMF
ComPACT_G323.130-52.949,348.16667,-60.13333,0.9445354342460632,23,3,,,,0.17,0.1166488470803458,0.2193565512249577,,,,,,
ComPACT_G3.441-71.044,352.66667,-35.0,0.8684396147727966,24,3,,,,,,,,,,,,
ComPACT_G79.342-37.722,338.76667,13.35,0.999916672706604,71,1,0.979,spec,ACTDR6,0.87,0.1864387555899544,5.780267194342066,0.8025,0.058187659083957,1.0,0.913,9.24265153532392,ACTDR6
ComPACT_G58.863-21.532,314.33333,11.225,0.983288586139679,25,3,1.1,phot,zCluster,1.1,0.2093697255288259,4.12372987815187,,,,,5.056197162152124,yact
ComPACT_G32.750+19.710,265.1,8.69167,0.9983514547348022,51,1,0.369,spec,PSZ2,,,,,,,,5.599999904632568,PSZ2
ComPACT_G299.423-57.317,16.61667,-59.70833,0.996369481086731,47,1,0.348,spec,ACTDR5,0.34,0.1335978248612508,11.306747368104627,0.3632,0.0440063339047157,1.0,0.998,4.360000133514404,PSZ2
ComPACT_G168.968-63.063,32.05,-7.275,0.9827538728713988,32,1,0.431,spec,ACT-MCMF,0.42,0.141573814405206,5.297873174779572,0.4347,0.0463144712830807,0.994,0.96,2.77232591353716,ACTDR6
ComPACT_G64.736-15.808,312.94167,19.09167,0.958798885345459,26,2,,,,,,,,,,,,
ComPACT_G228.778+26.087,133.075,-1.01667,0.9942505359649658,58,1,0.459,spec,ACT-MCMF,0.47,0.1465588078701781,7.898493719869021,0.4667,0.0473474838160553,0.995,0.981,6.018357026646761,ACTDR6
ComPACT_G244.612-81.937,20.875,-31.13333,0.989141583442688,44,1,0.309,spec,ACTDR6,0.3,0.1296098300892731,9.52249700296374,0.3249,0.0427699470293118,0.996,0.989,4.05758602031926,PSZ-MCMF
ComPACT_G253.752+68.133,176.11667,11.91667,0.9369087815284728,21,3,1.23,phot,zCluster,1.23,0.2223307085377532,3.571882595566719,,,,,4.425855726595289,yact
ComPACT_G37.754+31.874,255.525,17.71667,0.9830232262611388,26,2,0.548,spec,ACTDR6,0.54,0.1535377987211389,4.367308670998275,,,,,2.4532339934557377,ACTDR6
ComPACT_G159.176-77.633,20.46667,-16.95833,0.915407657623291,21,3,,,,0.5800000000000001,0.1575257934931166,1.2832030172046864,,,,,,
ComPACT_G358.058-87.509,10.53333,-28.53333,0.9986831545829772,78,1,0.108,spec,MCXC2,0.15,0.114654849694357,0.8851627107243574,0.1078,0.0357616026259126,0.997,0.954,3.650000095367432,PSZ2
ComPACT_G33.686+39.286,247.025,17.325,0.985858142375946,46,1,0.46,spec,REDMAPPER-DES-SDSS,0.44,0.1435678117911948,0.78026992594535,0.4595,0.047115055996136,0.993,0.988,3.2949724307776487,ACTDR6
ComPACT_G334.644+55.886,210.025,-2.7,0.9964116215705872,42,1,0.414,spec,ACTDR6,0.41,0.1405768157122116,10.726084636829848,0.43,0.0461627475673001,1.0,0.993,4.355759639306107,ACTDR6
ComPACT_G212.987-84.033,19.55833,-26.975,0.9996308088302612,71,1,0.228,spec,ACTDR5,0.21,0.1206368418523234,5.833324032728756,0.2241,0.039515957550442,0.999,0.976,5.679999828338623,PSZ2
ComPACT_G241.121-28.680,85.74167,-35.99167,0.999147891998291,75,1,0.42,spec,PSZ2,0.41,0.1405768157122116,20.29040576983515,0.4125,0.0455978188383296,1.0,0.996,7.360000133514404,PSZ2
ComPACT_G243.093-73.859,29.75833,-34.21667,0.999528169631958,99,1,0.413,spec,ACTDR5,0.41,0.1405768157122116,15.081144229040545,0.4185,0.0457915086882624,1.0,0.997,8.09000015258789,PSZ2
ComPACT_G45.489+17.760,272.075,18.86667,0.9957597851753236,52,1,0.372,spec,PSZ2,0.36,0.1355918222472396,5.09020416088112,0.4119,0.0455784498533364,1.0,0.94,5.420000076293945,PSZ2
ComPACT_G204.182+15.424,112.96667,14.58333,0.9786322712898254,45,1,0.376,phot,ACTDR6,,,,,,,,3.90534284390734,ACTDR6
ComPACT_G252.275+79.002,183.83333,19.875,0.9885882139205932,24,3,,,,0.6900000000000001,0.1684927791160551,1.83705685667204,,,,,,
ComPACT_G34.666-65.945,346.39167,-23.91667,0.9727291464805604,26,2,,,,,,,,,,,,
ComPACT_G58.555-49.424,336.75833,-5.50833,0.9992948770523072,57,1,0.291,spec,ACTDR6,0.31,0.1306068287822676,8.819016619538719,0.2952,0.0418111822721448,0.999,0.997,5.039300272046807,ACTDR6
ComPACT_G336.615-19.229,275.76667,-58.15,0.914608895778656,21,3,,,,,,,,,,,,
ComPACT_G214.764-59.008,47.125,-23.925,0.9693882465362548,34,1,,,,0.73,0.1724807738880327,1.6422586404153288,,,,,,
ComPACT_G198.802-57.551,45.55,-15.55833,0.9962024092674256,60,1,0.53,spec,LP15,0.51,0.1505468026421557,5.913624538930654,0.5364,0.0495975142394405,1.0,0.977,6.090000152587891,PSZ2
ComPACT_G225.681-56.653,50.78333,-29.26667,0.9973968267440796,37,1,0.295,phot,ACTDR6,0.29,0.1286128313962787,6.7404117291698205,0.2984,0.0419144835254423,0.996,0.985,5.070730241292922,ACTDR6
ComPACT_G271.668-70.830,26.30833,-42.88333,0.989625871181488,60,1,0.45,spec,ACTDR6,0.43,0.1425708130982004,31.29994672582392,0.4394,0.0464661949988614,0.999,0.988,4.984045012865171,PSZ-MCMF
ComPACT_G28.725+48.312,236.85833,17.28333,0.9998441934585572,62,1,0.414,spec,REDMAPPER-DES-SDSS,0.41,0.1405768157122116,7.347779842522993,0.4161,0.0457140327482893,1.0,0.988,7.064556592194881,ACTDR6
ComPACT_G208.621-74.391,30.06667,-24.90833,0.9993128776550292,60,1,0.72,spec,PSZ1,0.65,0.1645047843440774,6.276627202787728,0.7167,0.0554178942299189,1.0,0.989,6.25,PSZ2
ComPACT_G11.186+55.816,224.98333,11.06667,0.9210339784622192,53,1,,,,0.5800000000000001,0.1575257934931166,0.9138304100881588,,,,,,
ComPACT_G18.624-83.110,5.25,-28.625,0.9951480031013488,46,1,0.364,phot,ACTDR5,0.35,0.1345948235542452,10.29819525977394,0.3574,0.0438191003831141,0.999,0.984,5.3699019975525975,PSZ-MCMF
ComPACT_G160.234-61.273,29.825,-3.41667,0.9836222529411316,42,1,0.547,spec,ACTDR5,0.53,0.1525408000281445,1.031087969628199,0.5443,0.0498525392085186,0.997,0.97,2.674500751563188,ACTDR6
ComPACT_G235.682+68.087,171.75,17.13333,0.9848810434341432,59,1,0.129,spec,ACTDR6,0.15,0.114654849694357,1.888476942605244,0.1288,0.0364395171006772,0.998,0.972,2.7267389657354726,ACTDR6
ComPACT_G331.252+76.418,199.48333,15.025,0.9974430799484252,43,1,0.472,spec,ACTDR5,0.45,0.1445648104841893,5.146673894839621,0.4712,0.0474927512035048,1.0,0.995,3.039122982770187,ACTDR6
ComPACT_G18.153-60.018,338.725,-30.55833,0.9990991353988647,68,1,0.251,spec,ACTDR5,,,,,,,,4.869999885559082,PSZ2
ComPACT_G184.592-58.035,41.04167,-9.39167,0.9995375871658324,55,1,1.071,phot,ACT-MCMF,1.06,0.2053817307568482,3.436009542878369,,,,,6.325285139869435,ACTDR6
ComPACT_G1.584+53.029,223.89167,4.925,0.9981983304023744,42,1,0.569,spec,MaDCoWS_II,0.56,0.1555317961071278,3.187976239252124,0.5537,0.0501559866400798,0.993,0.986,2.5377009604297864,ACTDR6
ComPACT_G87.392-34.576,342.3,19.725,0.9986905455589294,66,1,0.772,spec,PSZ2,0.6900000000000001,0.1684927791160551,12.337444507934745,0.7276,0.0557697641239634,1.0,0.977,6.079999923706055,PSZ2
ComPACT_G231.489-44.786,64.95,-31.48333,0.970775306224823,25,3,,,,0.24,0.1236278379313067,0.4829641355764076,,,,,,
ComPACT_G347.312-69.060,353.58333,-40.78333,0.8678249716758728,30,2,0.8300000000000001,phot,zCluster,0.8300000000000001,0.1824507608179768,3.296413182046497,,,,,7.394498341826739,yact
ComPACT_G268.526+54.998,173.925,-2.73333,0.9704223275184632,22,3,0.192,phot,CODEX,0.17,0.1166488470803458,0.2808996919137017,,,,,,
ComPACT_G4.254+46.742,229.85,2.25833,0.8367882370948792,22,3,,,,0.19,0.1186428444663346,0.2672367011986725,,,,,,
ComPACT_G328.417+57.391,206.28333,-2.8,0.9995232820510864,52,1,0.52,spec,ACT-MCMF,0.5,0.1495498039491613,11.084515644513711,0.5221,0.0491358867637675,1.0,0.995,7.030475489202748,ACTDR6
ComPACT_G140.245-40.988,26.69167,20.01667,0.948439598083496,26,2,0.252,spec,REDMAPPER-DES-SDSS,0.24,0.1236278379313067,1.3338183442010143,,,,,3.643870750007572,yplanck
ComPACT_G17.639+61.768,221.34167,16.9,0.9479886889457704,29,2,,,,,,,,,,,,
ComPACT_G127.122-68.906,14.375,-6.08333,0.9740737080574036,34,1,,,,0.72,0.1714837751950383,1.4316618845915317,,,,,,
ComPACT_G238.099-19.020,95.75,-30.425,0.9970765113830566,53,1,,,,,,,,,,,,
ComPACT_G205.305-39.679,63.99167,-11.55,0.9973055124282836,56,1,0.28,spec,ACTDR6,0.28,0.1276158327032843,6.895612705456143,0.2836,0.0414367152289415,0.998,0.986,4.662999,ComPRASS
ComPACT_G25.902-38.899,316.575,-21.78333,0.9676629304885864,25,3,0.185,phot,ACTDR6,,,,,,,,4.219514914022983,ACTDR6
ComPACT_G210.169+44.712,143.55833,20.56667,0.8308177590370178,24,3,,,,0.19,0.1186428444663346,0.2833235346253369,,,,,,
ComPACT_G19.857+56.340,226.94167,15.54167,0.975957214832306,43,1,,,,0.54,0.1535377987211389,0.6318386734629549,,,,,,
ComPACT_G232.953-20.071,92.65833,-26.275,0.998865842819214,47,1,0.602,phot,ACT-MCMF,,,,,,,,5.993462160580798,ACTDR6
ComPACT_G343.086+75.014,202.81667,15.34167,0.9849003553390504,35,1,,,,0.49,0.1485528052561669,0.9212276394600862,,,,,,
ComPACT_G27.482+28.731,254.775,8.34167,0.8029620051383972,23,3,,,,0.14,0.1136578510013626,0.2515353072620354,,,,,,
ComPACT_G310.763+75.021,194.925,12.275,0.9631041288375854,27,2,,,,0.23,0.1226308392383123,0.6746464965614647,,,,,,
ComPACT_G251.336+56.269,166.99167,4.14167,0.9885263442993164,24,3,0.353,spec,ACT-MCMF,0.37,0.136588820940234,16.678927006329797,0.3451,0.043422036190752,0.997,0.982,3.1329220903396675,ACTDR6
ComPACT_G259.995-18.428,105.99167,-49.66667,0.998890459537506,55,1,0.313,spec,ACTDR6,,,,,,,,4.96999979019165,PSZ2
ComPACT_G207.221-20.353,82.18333,-4.33333,0.944397509098053,26,2,,,,,,,,,,,,
ComPACT_G227.523-84.705,18.68333,-28.34167,0.9996228218078612,62,1,0.441,spec,ACT-MCMF,0.44,0.1435678117911948,14.810353525305024,0.4612,0.0471699347869503,1.0,0.997,5.269999980926514,PSZ2
ComPACT_G15.379-24.168,298.21667,-25.56667,0.9989809393882751,47,1,0.92,phot,ACT-MCMF,,,,,,,,5.205610229616491,ACTDR6
ComPACT_G11.214-40.354,315.16667,-33.10833,0.983858287334442,30,2,0.46,spec,PSZ1,,,,,,,,5.025394001268603,ACTDR6
ComPACT_G274.933+59.480,179.06667,-0.35833,0.9965740442276,56,1,0.256,spec,MaDCoWS_II,0.25,0.1246248366243011,8.892998446600295,0.2664,0.0408814709924677,0.998,0.946,3.180901749763798,ACTDR6
ComPACT_G78.388-47.199,344.25,5.53333,0.9584317803382874,65,1,0.17,spec,MCXC2,0.16,0.1156518483873514,2.975490627480525,0.1696,0.0377566080802197,1.0,0.986,3.700000047683716,PSZ2
ComPACT_G255.453-55.667,49.39167,-45.70833,0.9293813109397888,25,3,0.079,phot,PSZ-MCMF,0.15,0.114654849694357,0.338703039232934,0.09,0.0351869894044455,0.993,0.964,1.5697814572544322,PSZ-MCMF
ComPACT_G236.635-45.785,64.24167,-35.19167,0.9858128428459167,39,1,0.472,phot,ACTDR6,0.46,0.1455618091771837,6.889168216616031,0.471,0.0474862948751737,1.0,0.994,5.140580689828065,PSZ-MCMF
ComPACT_G24.362+52.698,231.51667,16.4,0.9863858222961426,50,1,0.509,spec,ACTDR6,0.52,0.1515438013351501,3.653495483745437,0.4985,0.0483740400206987,1.0,0.989,2.383075017113359,ACTDR6
ComPACT_G134.513-54.683,19.58333,7.58333,0.9959949254989624,25,3,,,,0.16,0.1156518483873514,0.3296538850215587,,,,,,
ComPACT_G261.295-36.480,77.33333,-53.7,0.9987481832504272,67,1,0.461,spec,ACT-MCMF,0.43,0.1425708130982004,29.808378442651257,0.4612,0.0471699347869503,0.997,0.986,4.179999828338623,PSZ2
ComPACT_G339.624-69.349,356.19167,-42.71667,0.9999916553497314,64,1,0.596,spec,PSZ2,0.5800000000000001,0.1575257934931166,16.547690558391317,0.5992,0.051624801335403,1.0,0.995,8.859999656677246,PSZ2
ComPACT_G61.393-74.611,358.56667,-19.09167,0.9980493783950806,45,1,0.469,phot,ACTDR6,,,,,,,,6.507007961928571,ACTDR6
ComPACT_G229.336+26.719,133.875,-1.11667,0.995961368083954,36,1,0.685,spec,ACTDR6,0.73,0.1724807738880327,6.803006334234819,0.7551,0.0566575092694884,0.991,0.971,4.416360393858101,ACTDR6
ComPACT_G14.827+59.479,222.78333,14.61667,0.9946553707122804,57,1,0.146,spec,ACTDR5,0.16,0.1156518483873514,0.506161963956195,0.1495,0.0371077470829451,0.996,0.946,5.392289212715895,ACTDR6
ComPACT_G221.147+55.784,157.09167,17.79167,0.8994754552841187,30,2,,,,0.62,0.1615137882650942,1.7612309255721468,,,,,,
ComPACT_G147.648-59.804,25.0,0.71667,0.9719218611717224,35,1,,,,0.63,0.1625107869580886,0.8604707672005489,,,,,,
ComPACT_G259.048-36.186,77.91667,-51.9,0.9443596601486206,27,2,0.645,spec,ACT-MCMF,0.61,0.1605167895720998,1.4082763392734785,0.7032,0.0549820920675703,0.998,0.991,3.459006,PSZSPT
ComPACT_G285.578+72.730,187.69167,10.55833,0.9999133348464966,81,1,0.167,spec,ACTDR5,0.16,0.1156518483873514,3.64424107660204,0.1762,0.0379696669151457,1.0,0.982,5.610000133514404,PSZ2
ComPACT_G34.956+25.009,261.09167,12.78333,0.9698954224586488,24,3,0.3289,phot,zaznobin,0.33,0.1326008261682564,1.0896205642941157,0.3289,0.0428990735959336,0.992,0.95,5.467216911194457,yact
ComPACT_G81.109-30.451,335.16667,19.91667,0.9557222127914428,48,1,1.1,phot,ACTDR6,0.56,0.1555317961071278,1.3327709410481248,,,,,2.711710509909834,ACTDR6
ComPACT_G14.378+40.686,239.025,4.73333,0.9935438632965088,38,1,,,,0.16,0.1156518483873514,0.5654102206684677,,,,,,
ComPACT_G342.318-34.929,305.84167,-55.59167,0.9987668991088868,91,1,0.232,spec,ACTDR6,0.23,0.1226308392383123,6.701722612067864,0.2467,0.0402455226518553,1.0,0.995,6.679999828338623,PSZ2
ComPACT_G213.949-33.587,72.61667,-15.39167,0.9423136711120604,25,3,,,,,,,,,,,,
ComPACT_G232.716-36.895,74.225,-30.975,0.8737675547599792,38,1,,,,0.16,0.1156518483873514,0.612395371740174,,,,,,
ComPACT_G144.767-66.942,21.275,-5.50833,0.9915251135826112,42,1,0.474,spec,ACT-MCMF,0.46,0.1455618091771837,36.435863015687175,0.4811,0.0478123394558938,1.0,0.994,5.8736469183219135,PSZ-MCMF
ComPACT_G58.373-28.444,319.75833,6.83333,0.9904760122299194,27,2,0.47,phot,ACTDR6,0.46,0.1455618091771837,15.673739044189006,0.4748,0.0476089651134645,0.998,0.965,3.508766884016373,ACTDR6
ComPACT_G144.845-39.500,30.74167,20.30833,0.9788722395896912,26,2,,,,0.2,0.119639843159329,0.2551680653987074,,,,,,
ComPACT_G181.430-44.732,50.14167,0.54167,0.9922524094581604,29,2,0.385,spec,ACTDR5,0.38,0.1375858196332284,4.127551806249205,0.3858,0.044735899006129,0.996,0.988,5.139999866485596,PSZ2
ComPACT_G22.069+47.419,235.825,12.84167,0.986627161502838,27,2,1.707,phot,ACT-MCMF,0.19,0.1186428444663346,0.6382992937630114,,,,,2.883672890251542,ACTDR6
ComPACT_G302.946-65.495,12.85,-51.63333,0.9899444580078124,30,2,,,,0.15,0.114654849694357,0.2025986076620254,,,,,,
ComPACT_G304.274+71.434,193.29167,8.56667,0.9505358338356018,32,1,,,,0.5700000000000001,0.1565287948001222,1.9985653264592784,,,,,,
ComPACT_G31.400+53.876,231.925,20.75,0.999466598033905,65,1,0.638,spec,ACTDR6,0.64,0.1635077856510831,8.547349702610875,0.7096,0.0551886945741652,1.0,0.997,6.841922,ComPRASS
ComPACT_G202.451-43.270,59.74167,-11.225,0.9537277817726136,25,3,,,,0.49,0.1485528052561669,0.9474207485176224,,,,,,
ComPACT_G243.114-44.660,65.90833,-39.7,0.9778192639350892,25,3,0.375,phot,ACTDR6,0.38,0.1375858196332284,0.6699605086649041,0.3609,0.0439320861289082,0.997,0.983,3.4249439246820024,ACTDR6
ComPACT_G252.493-46.001,63.55,-46.2,0.9911842942237854,26,2,0.188,spec,ACT-MCMF,0.19,0.1186428444663346,2.335191097557431,0.2078,0.0389897667914581,0.999,0.972,3.0775274668094985,PSZ-MCMF
ComPACT_G244.222-34.279,79.45833,-39.7,0.9444577693939208,26,2,,,,0.15,0.114654849694357,0.1842844923830178,,,,,,
ComPACT_G18.936-33.643,309.275,-25.58333,0.9998310804367064,74,1,0.542,phot,ACT-MCMF,,,,,,,,6.389999866485596,PSZ2
ComPACT_G198.472-23.667,75.36667,1.175,0.9940047860145568,45,1,0.125,spec,ACTDR6,,,,,,,,3.630000114440918,PSZ2
ComPACT_G219.785+22.307,125.76667,4.29167,0.9687319993972778,42,1,0.029,spec,MCXC2,0.52,0.1515438013351501,1.1941149425761624,,,,,0.7445999979972839,MCXC2
ComPACT_G210.293-24.429,79.8,-8.7,0.9485242366790771,32,1,,,,,,,,,,,,
ComPACT_G275.939-72.093,23.8,-42.66667,0.9833773374557496,24,3,0.693,phot,ACT-MCMF,0.67,0.1664987817300663,3.947293381606936,0.709,0.0551693255891719,1.0,0.988,5.920401086330747,PSZ-MCMF
ComPACT_G51.152-76.391,358.89167,-22.19167,0.9884700775146484,26,2,,,,,,,,,,,,
ComPACT_G256.301-50.890,55.78333,-47.675,0.9872277975082396,26,2,0.908,phot,ACTDR6,0.78,0.1774657673530048,3.602959421123562,,,,,2.267438693612251,ACTDR6
ComPACT_G329.576-54.692,345.01667,-56.29167,0.9880496859550476,37,1,0.153,spec,ACTDR5,0.16,0.1156518483873514,1.647170735294496,0.1774,0.0380084048851323,1.0,0.981,3.2100000381469727,PSZ2
ComPACT_G280.903+68.897,185.03333,7.375,0.9900807738304138,27,2,0.604,spec,ACT-MCMF,0.5800000000000001,0.1575257934931166,11.08540202281594,0.6028,0.0517410152453627,1.0,0.99,2.8284281734170107,ACTDR6
ComPACT_G330.150-77.520,5.65,-38.04167,0.9708474278450012,21,3,0.12,phot,PSZ-MCMF,0.16,0.1156518483873514,0.3082772686998467,0.1359,0.0366687167564309,0.998,0.808,2.9810627827578435,PSZ-MCMF
ComPACT_G310.225-61.753,6.84167,-55.03333,0.856357991695404,21,3,,,,0.19,0.1186428444663346,0.2724955741837478,,,,,,
ComPACT_G205.066-69.749,34.675,-22.68333,0.971143126487732,21,3,,,,0.53,0.1525408000281445,2.5258673653990966,,,,,,
ComPACT_G234.300-20.452,92.76667,-27.59167,0.9969204664230348,42,1,0.27,phot,ACTDR5,,,,,,,,5.073695,ComPRASS
ComPACT_G190.302-54.756,45.60833,-10.06667,0.9993532299995422,60,1,0.553,phot,ACT-MCMF,0.55,0.1545347974141334,9.419130016904775,0.5529,0.0501301613267555,1.0,0.996,7.242520985921491,PSZ-MCMF
ComPACT_G245.827-16.769,101.45833,-36.46667,0.9965068697929382,59,1,,,,,,,,,,,,
ComPACT_G127.286-63.640,14.79167,-0.83333,0.9999135732650756,80,1,0.787,spec,MaDCoWS_II,0.77,0.1764687686600104,3.001844277097786,0.7682,0.0570803987751749,1.0,0.908,6.464955,ComPRASS
ComPACT_G34.773+31.734,254.66667,15.31667,0.9981735944747924,69,1,0.48,spec,ACTDR6,0.48,0.1475558065631725,7.466916889344986,0.4771,0.047683212889272,1.0,0.994,6.260000228881836,PSZ2
ComPACT_G158.658-49.670,35.23333,6.89167,0.9066407084465028,41,1,0.317,spec,REDMAPPER-DES-SDSS,0.34,0.1335978248612508,16.235089256984676,0.3273,0.0428474229692849,1.0,0.989,4.706166268762968,ACTDR6
ComPACT_G246.211-27.809,88.16667,-40.14167,0.9186826348304749,22,3,0.357,phot,ACT-MCMF,0.35,0.1345948235542452,2.993653932200138,0.3587,0.0438610665172662,1.0,0.997,3.9191938497614025,PSZ-MCMF
ComPACT_G20.975+30.717,250.35833,4.26667,0.9953333735466005,28,2,0.535,spec,ACTDR6,0.5,0.1495498039491613,15.8507071763341,0.5443,0.0498525392085186,1.0,0.992,2.8070155886764403,ACTDR6
ComPACT_G224.865-57.317,49.975,-28.89167,0.9966771602630616,55,1,0.355,spec,ACT-MCMF,0.35,0.1345948235542452,5.524127121686348,0.3491,0.0435511627573738,0.999,0.996,4.935569803171485,PSZ-MCMF
ComPACT_G340.578-73.692,0.025,-39.45833,0.950741171836853,40,1,0.102,spec,RASS-MCMF,0.14,0.1136578510013626,0.4080798847802078,0.1122,0.0359036418491966,0.989,0.908,2.1747000217437744,MCXC2
ComPACT_G124.491-59.929,13.64167,2.93333,0.9074761867523192,30,2,0.421,spec,REDMAPPER-DES-SDSS,0.41,0.1405768157122116,3.159318687164496,0.4088,0.0454783767642045,1.0,0.978,4.856918989141419,PSZ-MCMF
ComPACT_G229.356+49.694,153.70833,10.65833,0.9754678606987,40,1,0.198,spec,REDMAPPER-DES-SDSS,0.19,0.1186428444663346,5.373002863491134,0.2035,0.0388509557323396,0.993,0.889,3.839999914169312,PSZ2
ComPACT_G253.289+47.769,162.00833,-2.85,0.9686773419380188,23,3,0.466,phot,REDMAPPER-DES-SDSS,0.5,0.1495498039491613,1.296718281366922,0.484,0.0479059562166946,0.998,0.975,2.0635951903394454,yact
ComPACT_G29.474-34.937,313.625,-17.76667,0.9829760789871216,28,2,0.388,phot,ACT-MCMF,,,,,,,,3.17465,ACT-MCMF
ComPACT_G222.426+29.758,133.49167,5.675,0.9913418889045716,25,3,0.905,phot,ACT-MCMF,0.17,0.1166488470803458,0.560734498458572,,,,,3.0538555088334123,ACTDR6
ComPACT_G56.625-44.415,331.90833,-3.65,0.8880886435508728,25,3,0.8,phot,MaDCoWS_II,0.66,0.1655017830370719,2.2305316903957064,,,,,,
ComPACT_G64.122-76.380,0.51667,-19.55,0.8324695229530334,22,3,0.194,phot,ACTDR6,,,,,,,,3.363974424252762,ACTDR6
ComPACT_G216.432-80.724,23.29167,-27.30833,0.9761192798614502,24,3,0.247,spec,RASS-MCMF,0.27,0.1266188340102899,8.93038348614659,0.2561,0.0405489700834165,0.995,0.959,2.25523,RASS-MCMF
ComPACT_G236.657+64.656,168.925,15.0,0.8858811855316162,25,3,,,,0.17,0.1166488470803458,0.3815392579667314,,,,,,
ComPACT_G333.753+71.146,202.55833,10.63333,0.9231954216957092,42,1,,,,0.51,0.1505468026421557,1.182682035291196,,,,,,
ComPACT_G208.762-69.997,34.78333,-23.975,0.8409847021102905,29,2,,,,0.17,0.1166488470803458,0.4543148267022934,,,,,,
ComPACT_G104.311-49.008,0.49167,12.06667,0.997523844242096,43,1,0.2,spec,RASS-MCMF,0.2,0.119639843159329,7.757894991398503,0.204,0.0388670965531674,0.999,0.979,4.110000133514404,PSZ2
ComPACT_G106.525-48.929,1.9,12.54167,0.8548388481140137,22,3,,,,0.15,0.114654849694357,0.4557838598975285,,,,,,
ComPACT_G24.522+37.636,245.58333,10.1,0.997290015220642,47,1,0.407,spec,ACT-MCMF,0.4,0.1395798170192172,8.744336979094758,0.409,0.0454848330925356,0.999,0.987,4.901951803445359,ACTDR6
ComPACT_G218.671-72.763,32.275,-27.50833,0.9971892237663268,43,1,0.313,phot,ACTDR5,0.34,0.1335978248612508,4.454256980277547,0.3214,0.0426569612835177,0.996,0.989,4.78519261659579,PSZ-MCMF
ComPACT_G354.673+54.918,219.73333,3.23333,0.997668445110321,50,1,0.66,spec,ACTDR6,0.6,0.1595197908791054,6.469473432044314,0.6833,0.0543396873986268,0.997,0.986,4.216600891562116,ACTDR6
ComPACT_G289.036+72.184,188.58333,9.775,0.9873720407485962,87,1,0.231,spec,ACTDR6,0.22,0.1216338405453179,11.938625422237452,0.2424,0.0401067115927368,0.999,0.991,5.880000114440918,PSZ2
ComPACT_G233.651+51.550,156.75,9.28333,0.9999938011169434,52,1,0.542,spec,ACTDR5,0.52,0.1515438013351501,15.198621939599231,0.539,0.0496814465077447,1.0,0.983,9.58071982077255,ACTDR6
ComPACT_G297.832+58.733,190.20833,-4.03333,0.9991676807403564,46,1,0.493,spec,ACTDR5,0.49,0.1485528052561669,9.499490424008927,0.5015,0.0484708849456651,1.0,0.994,5.956312810798631,ACTDR6
ComPACT_G228.617-62.847,43.70833,-31.03333,0.9852627515792848,46,1,0.3,spec,ACTDR6,0.29,0.1286128313962787,9.8360053241294,0.3188,0.0425730290152135,0.989,0.927,4.620246075298185,PSZ-MCMF
ComPACT_G250.856-47.161,62.11667,-44.93333,0.9901013374328612,33,1,0.743,phot,ACT-MCMF,0.63,0.1625107869580886,2.478822074421383,,,,,3.17870499982133,ACTDR6
ComPACT_G192.516-49.713,50.64167,-8.45833,0.9229575395584106,31,1,,,,0.16,0.1156518483873514,0.2281549128362072,,,,,,
ComPACT_G334.375-41.616,320.45,-60.51667,0.9933165311813354,23,3,,,,0.78,0.1774657673530048,1.1253406122661165,,,,,,
ComPACT_G146.653-41.495,31.325,17.95,0.9815152287483216,47,1,0.17,spec,ACTDR6,0.17,0.1166488470803458,5.20193033468798,0.1969,0.0386378968974136,0.996,0.96,3.1831000178434667,ACTDR6
ComPACT_G238.796-52.062,56.525,-36.75,0.9987601041793824,47,1,0.351,phot,ACT-MCMF,0.36,0.1355918222472396,7.63021601805174,0.3678,0.0441548294563308,0.999,0.98,5.171606443949822,PSZ-MCMF
ComPACT_G253.719+75.449,181.375,17.175,0.9338061213493348,33,1,,,,0.51,0.1505468026421557,0.683308612590813,,,,,,
ComPACT_G34.761+27.329,258.84167,13.56667,0.9609495401382446,22,3,0.28,phot,RASS-MCMF,0.3,0.1296098300892731,4.637900781587511,0.2785,0.0412720788564987,0.992,0.85,3.710709411056979,ACTDR6
ComPACT_G84.161-43.019,345.025,11.31667,0.9890077114105223,35,1,,,,0.14,0.1136578510013626,0.2879748111195763,,,,,,
ComPACT_G233.714+36.131,143.81667,0.79167,0.9999380111694336,65,1,0.358,spec,REDMAPPER-DES-SDSS,0.35,0.1345948235542452,8.218391513227212,0.3671,0.044132232307172,1.0,0.997,5.46999979019165,PSZ2
ComPACT_G141.799-61.219,21.81667,0.33333,0.9982592463493348,69,1,0.38,spec,MaDCoWS_II,0.37,0.136588820940234,13.845899149075771,0.3786,0.0445034711862097,0.998,0.992,6.8379548859352015,PSZ-MCMF
ComPACT_G257.510-24.659,95.775,-49.28333,0.9321444034576416,24,3,,,,0.72,0.1714837751950383,1.4662324103517106,,,,,,
ComPACT_G67.034-20.809,318.50833,17.725,0.9788099527359008,25,3,0.334,spec,PSZ1,0.34,0.1335978248612508,7.227546611484156,0.3278,0.0428635637901126,0.986,0.945,3.343892,ComPRASS
ComPACT_G27.434-37.765,315.83333,-20.28333,0.9592075943946838,22,3,,,,,,,,,,,,
ComPACT_G264.282-53.700,48.99167,-51.16667,0.9656327366828918,22,3,,,,0.51,0.1505468026421557,0.7711954036342414,,,,,,
ComPACT_G257.322-22.184,99.34167,-48.475,0.9957549571990968,115,1,0.203,spec,MCXC2,,,,,,,,5.309999942779541,PSZ2
ComPACT_G346.259+81.101,199.36667,20.50833,0.9663420915603638,51,1,,,,0.23,0.1226308392383123,0.8656543576983586,,,,,,
ComPACT_G208.595+26.527,125.2,15.3,0.9369565844535828,32,1,,,,0.16,0.1156518483873514,0.8105470617426209,,,,,,
ComPACT_G317.663-75.171,7.88333,-41.38333,0.9927663803100586,49,1,0.2061,phot,zaznobin,0.16,0.1156518483873514,1.8806949055215003,0.2061,0.0389348880006438,0.999,0.946,2.605925309391091,yact
ComPACT_G8.448-61.007,340.15,-35.28333,0.9914848208427428,28,2,0.581,phot,ACTDR5,,,,,,,,3.935133731041504,ACTDR6
ComPACT_G3.929-42.022,316.45,-38.74167,0.9957948923110962,39,1,0.152,spec,PSZ2,0.16,0.1156518483873514,5.672722522623681,,,,,4.71999979019165,PSZ2
ComPACT_G359.660+41.552,231.68333,-3.60833,0.9394656419754028,29,2,,,,,,,,,,,,
ComPACT_G63.648-31.536,325.04167,8.56667,0.9762986302375792,27,2,0.747,phot,zaznobin,0.73,0.1724807738880327,1.0517178017868982,0.747,0.0563960279720792,0.992,0.858,3.1869371864275404,yact
ComPACT_G165.474-30.319,51.15,19.625,0.993124544620514,39,1,,,,,,,,,,,,
ComPACT_G330.057-48.540,335.7,-60.01667,0.9935873746871948,22,3,,,,0.15,0.114654849694357,0.340593853055088,,,,,,
ComPACT_G273.590+63.278,180.10833,3.35,0.997860848903656,83,1,0.134,spec,PSZ2,0.15,0.114654849694357,1.206061628600351,0.1394,0.036781702502225,1.0,0.99,5.539999961853027,PSZ2
ComPACT_G38.878-69.296,350.36667,-23.2,0.9307140707969666,29,2,0.089,spec,MCXC2,,,,,,,,1.4785000085830688,MCXC2
ComPACT_G29.659+58.540,226.85,21.25,0.9779285192489624,39,1,,,,0.5700000000000001,0.1565287948001222,1.3575354412904763,,,,,,
ComPACT_G333.440-53.923,341.36667,-55.09167,0.9747456908226012,38,1,,,,0.78,0.1774657673530048,0.6929807546921278,,,,,,
ComPACT_G282.871+77.618,188.48333,15.43333,0.9902319312095642,67,1,0.238,spec,MCXC2,0.24,0.1236278379313067,4.276036529794076,0.2434,0.0401389932343923,0.995,0.953,3.687536,ComPRASS
ComPACT_G211.099-38.593,66.90833,-15.2,0.982534110546112,21,3,,,,0.16,0.1156518483873514,0.1829110014236923,,,,,,
ComPACT_G228.133+64.810,167.23333,18.25833,0.825763463973999,26,2,,,,0.75,0.1744747712740215,1.36132977843952,,,,,,
ComPACT_G227.831+50.611,154.04167,11.95833,0.9906647205352784,40,1,0.235,spec,ACT-MCMF,0.26,0.1256218353172955,10.56602081513525,0.2503,0.0403617365618149,0.995,0.921,3.921475,ComPRASS
ComPACT_G216.083-54.276,52.33333,-23.5,0.9999377727508544,65,1,1.227,spec,ACTDR5,1.13,0.2123607216078091,10.528641290096488,,,,,7.478184197129586,PSZ-MCMF
ComPACT_G191.865-43.316,55.79167,-4.59167,0.9853713512420654,27,2,0.663,phot,ACTDR5,0.63,0.1625107869580886,3.568484906230804,0.6965,0.0547658050684788,1.0,0.994,4.997696479538972,ACTDR6
ComPACT_G352.873-72.025,355.50833,-37.625,0.9902430176734924,59,1,0.323,phot,ACTDR6,0.32,0.131603827475262,5.375134196370004,,,,,3.62957676081675,ACTDR6
ComPACT_G228.285+42.427,146.95,7.68333,0.9859904050827026,27,2,0.629,spec,ACTDR6,0.6,0.1595197908791054,5.628949907748726,0.6488,0.0532259707615136,1.0,0.997,3.857079814977535,ACTDR6
ComPACT_G250.191+55.301,165.85,3.90833,0.959896445274353,26,2,0.304,spec,REDMAPPER-DES-SDSS,0.35,0.1345948235542452,2.219499984981545,,,,,4.467535614450574,yplanck
ComPACT_G215.727+17.479,119.70833,5.48333,0.8677343130111694,22,3,,,,0.17,0.1166488470803458,1.0074937593808193,,,,,,
ComPACT_G229.053+42.095,146.95,7.025,0.9411758184432985,22,3,,,,0.65,0.1645047843440774,0.7084872180215909,,,,,,
ComPACT_G66.342-47.573,338.58333,-0.34167,0.9768499135971068,22,3,,,,0.9,0.1894297516689377,2.326741735240874,,,,,,
ComPACT_G245.423+64.931,171.41667,12.15,0.9462233781814576,23,3,,,,0.62,0.1615137882650942,0.6498067610626546,,,,,,
ComPACT_G53.256-31.773,319.975,1.3,0.954009473323822,30,2,0.135,spec,RASS-MCMF,0.15,0.114654849694357,0.6555433539392408,,,,,2.89139315548904,PSZ-MCMF
ComPACT_G30.595+41.102,244.35,15.80833,0.9994520545005798,86,1,0.337,spec,ACT-MCMF,0.33,0.1326008261682564,5.1704726654394655,0.3407,0.043279996967468,1.0,0.984,4.673766019198583,ACTDR6
ComPACT_G213.284+50.966,150.6,20.53333,0.970724642276764,35,1,0.32,spec,ACTDR6,0.32,0.131603827475262,8.421062830691719,0.3237,0.0427312090593253,1.0,0.999,4.710000038146973,PSZ2
ComPACT_G171.963-40.652,48.24167,8.375,0.9998477697372437,86,1,0.27,spec,PSZ1,,,,,,,,10.710000038146973,PSZ2
ComPACT_G2.183+51.286,225.46667,4.08333,0.9637629389762878,48,1,,,,0.48,0.1475558065631725,1.0295751560367663,,,,,,
ComPACT_G345.320-62.288,346.45,-45.18333,0.9749625325202942,29,2,0.125,spec,MCXC2,0.15,0.114654849694357,1.169758063308331,0.1393,0.0367784743380594,0.999,0.981,2.702783010616156,PSZ-MCMF
ComPACT_G225.601+65.902,167.83333,19.66667,0.9997997879981996,68,1,0.579,spec,ACT-MCMF,0.55,0.1545347974141334,7.522332556990005,0.5738,0.0508048476373545,1.0,0.995,7.059677766783621,ACTDR6
ComPACT_G315.679-58.452,0.475,-57.43333,0.9560315608978271,21,3,,,,0.66,0.1655017830370719,1.3125154439205795,,,,,,
ComPACT_G255.619-46.163,62.81667,-48.31667,0.998855710029602,73,1,0.424,spec,SPT-MCMF,0.41,0.1405768157122116,17.055230834939593,0.4182,0.0457818241957657,1.0,0.998,6.320000171661377,PSZ2
ComPACT_G45.715-33.837,318.43333,-5.18333,0.9801914691925048,24,3,,,,0.51,0.1505468026421557,2.57637325694791,,,,,,
ComPACT_G211.930+49.371,148.69167,20.86667,0.9897444844245912,33,1,0.584,spec,RASS-MCMF,0.53,0.1525408000281445,7.366185547911751,0.5764,0.0508887799056587,1.0,0.992,4.5204,RASS-MCMF
ComPACT_G1.942-44.917,320.14167,-40.275,0.9836877584457396,31,1,0.262,phot,ACTDR5,0.25,0.1246248366243011,13.104436259816602,0.2782,0.0412623943640021,0.998,0.974,3.926536225972813,PSZ-MCMF
ComPACT_G5.925+36.733,238.5,-2.93333,0.9869660139083862,47,1,,,,,,,,,,,,
ComPACT_G56.577-62.349,346.9,-13.78333,0.8914071917533875,22,3,,,,0.45,0.1445648104841893,0.9395516033488964,,,,,,
ComPACT_G40.027+25.770,262.24167,17.29167,0.980951189994812,35,1,,,,0.52,0.1515438013351501,0.7337683742530376,,,,,,
ComPACT_G280.877-70.077,23.325,-45.21667,0.9902520179748536,28,2,0.165,spec,ACT-MCMF,0.16,0.1156518483873514,4.141101052836039,0.1826,0.0381762694217406,1.0,0.97,2.825880778080521,PSZ-MCMF
ComPACT_G230.744-30.965,80.35,-27.90833,0.9985332489013672,62,1,0.317,spec,SPTECS,0.34,0.1335978248612508,6.664638484990354,0.3105,0.0423050913894733,0.995,0.961,4.7847341148343245,PSZ-MCMF
ComPACT_G114.482-45.306,6.65,17.15833,0.9473798274993896,22,3,0.396,spec,ACT-MCMF,0.4,0.1395798170192172,16.12104978153842,0.392,0.0449360451843928,1.0,0.999,4.2959904408602165,ACTDR6
ComPACT_G244.615+50.192,159.8,2.925,0.9877430200576782,41,1,1.01,phot,MaDCoWS_II,0.18,0.1176458457733402,0.2832389153835328,,,,,4.950764475879711,yplanck
ComPACT_G311.741+67.667,196.20833,5.025,0.9770645499229432,35,1,,,,0.5700000000000001,0.1565287948001222,0.8587565557599119,,,,,,
ComPACT_G343.310+54.914,214.725,-0.95,0.9641810059547424,22,3,0.545,phot,MaDCoWS_II,0.55,0.1545347974141334,0.997152260710976,,,,,,
ComPACT_G340.255+57.356,211.95,0.125,0.960507333278656,21,3,,,,0.7000000000000001,0.1694897778090495,0.8310957823088307,,,,,,
ComPACT_G354.743-73.795,357.075,-36.25833,0.955925464630127,57,1,0.195,phot,RASS-MCMF,,,,,,,,2.334193276040633,ACTDR6
ComPACT_G209.437-18.168,85.09167,-5.2,0.9094897508621216,23,3,,,,,,,,,,,,
ComPACT_G229.004+25.039,132.28333,-1.73333,0.9024478197097778,28,2,0.62,phot,MaDCoWS_II,0.51,0.1505468026421557,1.334297271173616,,,,,1.1316504429883736,yact
ComPACT_G183.567-76.541,25.325,-19.99167,0.9009921550750732,29,2,1.29,phot,zCluster,1.29,0.2283127006957196,3.618628912972066,,,,,,
ComPACT_G229.956+33.857,140.24167,2.15833,0.9687143564224244,30,2,0.309,spec,REDMAPPER-DES-SDSS,0.16,0.1156518483873514,0.4348782272434843,,,,,,
ComPACT_G89.487-58.096,355.925,0.30833,0.9840040802955629,82,1,0.27,spec,ACTDR6,0.29,0.1286128313962787,8.443051394622723,0.2782,0.0412623943640021,0.999,0.998,5.179999828338623,PSZ2
ComPACT_G238.609-71.009,33.53333,-33.825,0.9989022016525269,82,1,0.238,spec,SPTECS,0.24,0.1236278379313067,7.1241839682961885,0.228,0.0396418559528983,0.999,0.854,4.055441675221869,PSZ-MCMF
ComPACT_G356.487-29.662,299.20833,-43.24167,0.982218325138092,26,2,0.256,phot,ACT-MCMF,,,,,,,,4.219514914022983,ACTDR6
ComPACT_G63.912-21.556,317.225,14.98333,0.9645254611968994,31,1,,,,0.16,0.1156518483873514,0.4296615197074249,,,,,,
ComPACT_G313.897+66.567,197.20833,4.06667,0.9824658632278442,31,1,0.36,spec,ACTDR5,0.36,0.1355918222472396,6.066474787394324,0.3638,0.044025702889709,0.997,0.989,3.1437626140897192,ACTDR6
ComPACT_G323.990+57.512,204.00833,-3.525,0.9793967008590698,38,1,0.173,spec,RASS-MCMF,0.17,0.1166488470803458,1.4157422000737516,,,,,2.530698012638483,ACTDR6
ComPACT_G229.577+33.406,139.69167,2.19167,0.9952883720397948,41,1,0.282,spec,ACT-MCMF,0.28,0.1276158327032843,5.718228194798966,0.2906,0.0416626867205297,0.998,0.986,3.9651518701716433,ACTDR6
ComPACT_G104.118-73.674,7.55,-11.58333,0.9812286496162416,25,3,0.3394,phot,zaznobin,0.34,0.1335978248612508,3.417827610180732,0.3394,0.0432380308333159,0.997,0.978,3.855601576613939,yact
ComPACT_G336.676-55.430,341.525,-52.69167,0.974394917488098,27,2,0.097,spec,PSZ1,0.14,0.1136578510013626,0.266399019331778,0.1129,0.0359262389983554,0.997,0.95,4.28000020980835,PSZ2
ComPACT_G12.177+68.785,213.71667,18.11667,0.9996851682662964,67,1,0.581,phot,ACTDR5,0.5800000000000001,0.1575257934931166,3.134321078651019,0.5589,0.0503238511766882,1.0,0.995,7.39923666865713,ACTDR6
ComPACT_G243.316-50.905,57.79167,-39.625,0.9992690682411194,56,1,0.237,phot,ComPRASS,0.24,0.1236278379313067,4.936461967704874,0.2887,0.0416013516013844,0.998,0.977,4.110000133514404,PSZ2
ComPACT_G176.211-77.166,23.71667,-19.05,0.9584230184555054,34,1,,,,0.22,0.1216338405453179,1.4567658910319323,,,,,,
ComPACT_G256.052-37.436,76.0,-49.48333,0.9910064339637756,47,1,0.207,phot,SPT-MCMF,0.2,0.119639843159329,4.823029340791959,0.2226,0.0394675350879588,0.999,0.981,3.5451820204337707,PSZ-MCMF
ComPACT_G9.841+69.385,212.73333,17.69167,0.9972795844078064,53,1,0.32,spec,ACTDR6,0.32,0.131603827475262,5.945743687386231,0.3294,0.0429152144167614,0.992,0.952,2.3946272691937414,ACTDR6
ComPACT_G27.328-45.329,323.55,-22.66667,0.9934914708137512,25,3,0.347,phot,ACT-MCMF,,,,,,,,3.2768121491207345,ACTDR6
ComPACT_G292.208-73.599,16.99167,-43.18333,0.9686766266822816,22,3,0.234,phot,PSZ-MCMF,0.21,0.1206368418523234,2.4294330933256023,0.2496,0.0403391394126561,0.997,0.984,3.452898437702598,PSZ-MCMF
ComPACT_G354.554-33.819,304.63333,-45.46667,0.9417965412139891,24,3,0.389,phot,ACTDR6,,,,,,,,3.5526715283987995,ACTDR6
ComPACT_G77.205-65.457,355.33333,-9.01667,0.9996711015701294,64,1,0.251,spec,PSZ2,0.26,0.1256218353172955,15.036143855114217,0.2617,0.0407297472766871,0.998,0.992,4.110000133514404,PSZ2
ComPACT_G5.700-43.826,318.84167,-37.55833,0.8383424282073975,33,1,,,,,,,,,,,,
ComPACT_G266.087-32.092,85.0,-57.74167,0.9984694123268129,45,1,0.761,spec,ACTDR6,0.75,0.1744747712740215,3.435495248318128,0.766,0.0570093791635329,0.999,0.943,4.689938164586282,ACTDR6
ComPACT_G22.971-48.926,326.59167,-26.41667,0.9988622665405272,48,1,0.255,phot,ACTDR6,,,,,,,,4.150131006021855,ACTDR6
ComPACT_G243.867-33.536,80.35,-39.29167,0.9941650032997132,43,1,0.429,phot,ACTDR5,0.43,0.1425708130982004,28.76762729486563,0.442,0.0465501272671656,0.999,0.987,4.409768909107738,PSZ-MCMF
ComPACT_G336.772-68.027,355.90833,-44.38333,0.9897105097770692,30,2,0.7733,phot,zaznobin,0.77,0.1764687686600104,3.0861479026008984,0.7733,0.0572450351476177,0.991,0.991,6.056239816736547,yact
ComPACT_G252.779-60.307,44.04167,-42.73333,0.9980748891830444,48,1,0.629,phot,ACTDR5,0.59,0.158522792186111,3.205218556135045,0.6335,0.0527320616441851,1.0,0.999,2.932802,PSZSPT
ComPACT_G153.043-58.236,28.175,1.00833,0.9998821020126344,80,1,0.23,spec,REDMAPPER-DES-SDSS,0.23,0.1226308392383123,7.680361292973014,0.242,0.0400937989360746,0.999,0.982,5.039999961853027,PSZ2
ComPACT_G238.914+39.755,149.14167,-0.46667,0.8826742768287659,29,2,,,,,,,,,,,,
ComPACT_G348.193+53.229,218.025,-0.55833,0.978559672832489,28,2,0.995,phot,MaDCoWS_II,0.46,0.1455618091771837,0.6592794578300902,,,,,,
ComPACT_G262.117-30.846,86.94167,-54.3,0.9938191771507264,28,2,0.107,spec,ACTDR6,0.13,0.1126608523083682,0.2208204469088814,,,,,2.5801274789462845,ACTDR6
ComPACT_G258.800+51.878,167.38333,-2.04167,0.9941427111625672,28,2,0.504,spec,ACTDR6,0.48,0.1475558065631725,1.927512907804476,0.5102,0.0487517352280676,1.0,0.997,2.672653725205784,ACTDR6
ComPACT_G24.508+41.997,241.59167,12.01667,0.963329553604126,23,3,,,,0.61,0.1605167895720998,1.5175560361137603,,,,,,
ComPACT_G123.693-57.811,13.26667,5.05833,0.9814120531082152,36,1,,,,0.21,0.1206368418523234,0.8096897366698721,,,,,,
ComPACT_G162.468-72.009,24.49167,-12.80833,0.9207686185836792,51,1,0.208,spec,MCXC2,0.2,0.119639843159329,6.578675694062924,0.2137,0.0391802284772253,1.0,0.992,4.639999866485596,PSZ2
ComPACT_G194.936-20.260,76.59167,5.74167,0.9691649079322816,32,1,,,,,,,,,,,,
ComPACT_G205.813+31.050,128.64167,19.25,0.9073982238769532,27,2,,,,0.5800000000000001,0.1575257934931166,1.101288707499926,,,,,,
ComPACT_G350.788-26.291,293.08333,-47.50833,0.989543318748474,26,2,0.326,phot,ACT-MCMF,,,,,,,,2.4498,ACT-MCMF
ComPACT_G13.634+66.548,216.05833,17.53333,0.9538632035255432,36,1,0.105,phot,GALWEIGHT,0.13,0.1126608523083682,0.1759541155778057,0.1103,0.0358423067300513,0.98,0.983,0.2775186,GALWEIGHT
ComPACT_G193.558-45.434,54.66667,-6.75833,0.9875438213348388,31,1,,,,0.16,0.1156518483873514,0.2929829034524402,,,,,,
ComPACT_G155.197-37.372,39.475,18.74167,0.8863810896873474,22,3,1.03,phot,zCluster,1.03,0.202390734677865,3.367914214886921,,,,,,
ComPACT_G251.216+56.847,167.35,4.6,0.996096670627594,35,1,0.931,spec,ACTDR6,0.76,0.175471769967016,3.892206092504214,,,,,3.156820767645053,ACTDR6
ComPACT_G178.032-36.692,54.45,7.80833,0.9959502220153807,39,1,,,,,,,,,,,,
ComPACT_G356.920-68.341,350.56667,-38.09167,0.9996683597564696,84,1,0.362,phot,ACT-MCMF,,,,,,,,7.819686083637173,ACTDR6
ComPACT_G239.283-26.004,88.35833,-33.70833,0.9999276399612428,80,1,0.427,spec,ACT-MCMF,0.41,0.1405768157122116,19.43420467283674,0.4199,0.04583670298658,1.0,0.995,8.770000457763672,PSZ2
ComPACT_G202.046-20.406,79.84167,-0.08333,0.932647466659546,31,1,,,,,,,,,,,,
ComPACT_G322.149+65.857,200.61667,4.15,0.9989676475524902,68,1,0.265,spec,ACT-MCMF,0.27,0.1266188340102899,6.739256112103007,0.2691,0.0409686314249374,0.998,0.979,3.274062,ComPRASS
ComPACT_G110.774-55.927,6.04167,6.3,0.9960753321647644,31,1,,,,0.17,0.1166488470803458,0.3090296144484361,,,,,,
ComPACT_G4.101-66.654,347.425,-36.06667,0.968636155128479,22,3,,,,,,,,,,,,
ComPACT_G195.076-32.358,66.38333,-0.775,0.9939194917678832,42,1,0.224,spec,ACTDR6,0.2,0.119639843159329,4.971667526167256,0.2276,0.0396289432962361,0.999,0.96,5.762037197684085,ACTDR6
ComPACT_G235.394-60.060,46.84167,-34.39167,0.999626874923706,58,1,0.748,phot,ACTDR5,0.73,0.1724807738880327,7.596570072595687,0.7366,0.0560602988988625,1.0,0.986,6.640062905504501,PSZ-MCMF
ComPACT_G356.229+62.828,214.64167,9.36667,0.9876154661178588,34,1,0.544,spec,ACTDR6,0.54,0.1535377987211389,3.454938856717418,0.3446,0.0434058953699243,0.987,0.926,3.61956071205574,ACTDR6
ComPACT_G35.497+36.353,250.43333,17.6,0.8718165159225464,43,1,,,,0.51,0.1505468026421557,0.5604906285838622,,,,,,
ComPACT_G189.616-28.696,66.84167,5.16667,0.9743966460227966,24,3,,,,,,,,,,,,
ComPACT_G208.188-23.949,79.375,-6.76667,0.9935100674629213,28,2,,,,,,,,,,,,
ComPACT_G212.284-39.914,66.0,-16.55,0.9014343023300172,25,3,,,,0.48,0.1475558065631725,1.6077748673992651,,,,,,
ComPACT_G37.843-20.828,303.61667,-5.21667,0.9740654826164246,26,2,,,,,,,,,,,,
ComPACT_G221.672-58.188,48.75833,-27.30833,0.9996846914291382,65,1,0.628,phot,ACTDR5,0.6,0.1595197908791054,7.732760401419814,0.6682,0.0538522346096294,1.0,0.997,6.992180863132818,PSZ-MCMF
ComPACT_G31.839-63.652,343.65,-24.59167,0.993767023086548,30,2,0.758,phot,ACTDR6,,,,,,,,5.72236765935022,ACTDR6
ComPACT_G9.786+39.816,237.80833,1.33333,0.9958958625793456,47,1,0.4,phot,zCluster,0.4,0.1395798170192172,3.6591421837667832,,,,,3.592452000267763,yplanck
ComPACT_G96.991-60.364,0.36667,-0.03333,0.992340087890625,27,2,0.247,spec,ACTDR6,0.24,0.1236278379313067,5.376716026230032,0.2459,0.0402196973385309,0.999,0.969,3.288150560642852,ACTDR6
ComPACT_G23.134-58.707,337.45833,-27.925,0.983263373374939,25,3,0.324,spec,ACT-MCMF,,,,,,,,7.789945,ComPRASS
ComPACT_G25.160-78.643,0.08333,-28.08333,0.97880882024765,42,1,0.283,spec,ACTDR5,,,,,,,,4.989999771118164,PSZ2
ComPACT_G196.611-31.517,67.78333,-1.44167,0.932454228401184,24,3,,,,0.23,0.1226308392383123,1.7906989024018856,,,,,,
ComPACT_G236.785-48.304,61.16667,-35.44167,0.9991068243980408,55,1,0.572,phot,ACTDR5,0.55,0.1545347974141334,5.690111098756039,0.5538,0.0501592148042454,0.998,0.977,6.464424763620197,PSZ-MCMF
ComPACT_G243.238+57.467,164.88333,8.21667,0.9865649938583374,52,1,0.94,phot,ACTDR6,0.76,0.175471769967016,2.660833144710027,0.7729,0.0572321224909555,1.0,0.92,3.819954639140122,ACTDR6
ComPACT_G146.368-49.415,28.125,10.65833,0.9596630930900574,23,3,,,,0.18,0.1176458457733402,1.0163596169821068,,,,,,
ComPACT_G76.176-33.449,333.88333,14.91667,0.9294288158416748,27,2,,,,0.16,0.1156518483873514,0.2403623070357856,,,,,,
ComPACT_G2.348+59.590,219.075,9.44167,0.8686707019805908,43,1,,,,0.6,0.1595197908791054,1.009302580468915,,,,,,
ComPACT_G228.388+38.607,143.66667,5.69167,0.999893307685852,87,1,0.559,spec,ACTDR6,0.54,0.1535377987211389,9.862177459518534,0.5543,0.0501753556250731,1.0,0.995,6.210000038146973,PSZ2
ComPACT_G10.813+38.684,239.19167,1.34167,0.9523362517356871,25,3,,,,0.5,0.1495498039491613,0.7169615913546326,,,,,,
ComPACT_G23.230+58.129,226.025,17.94167,0.8249819874763489,31,1,,,,0.15,0.114654849694357,0.5249267288050425,,,,,,
ComPACT_G190.678-32.574,64.16667,2.20833,0.892082154750824,21,3,,,,,,,,,,,,
ComPACT_G210.644-44.623,60.95833,-17.15833,0.9891674518585204,25,3,0.142,spec,PSZ2,0.15,0.114654849694357,0.880633861130504,0.1494,0.0371045189187795,0.999,0.971,3.440000057220459,PSZ2
ComPACT_G192.682-28.568,68.45833,3.00833,0.9931561350822448,29,2,,,,0.49,0.1485528052561669,1.4042441028788215,,,,,,
ComPACT_G221.003-22.274,85.975,-16.76667,0.9639330506324768,29,2,,,,,,,,,,,,
ComPACT_G115.480-74.244,10.8,-11.49167,0.9992412328720092,50,1,0.713,phot,ACTDR6,0.65,0.1645047843440774,9.79215272074536,0.7314,0.0558924343622541,1.0,0.961,8.355880092981193,ACTDR6
ComPACT_G9.992+54.499,225.725,9.775,0.9355376958847046,39,1,,,,0.59,0.158522792186111,1.251491470697184,,,,,,
ComPACT_G324.567+64.975,201.85,3.625,0.993488907814026,60,1,0.225,spec,ACTDR6,0.23,0.1226308392383123,6.251810674854005,0.22,0.0393836028196546,0.999,0.982,5.169771489346308,ACTDR6
ComPACT_G150.794-59.815,26.45,0.08333,0.8663467168807983,42,1,,,,0.43,0.1425708130982004,1.532841043777239,,,,,,
ComPACT_G217.111+15.657,118.68333,3.475,0.9884536862373352,22,3,0.7,phot,ACTDR6,0.66,0.1655017830370719,1.497338894130551,0.722,0.0555889869306929,0.997,0.927,3.399015423930888,ACTDR6
ComPACT_G29.776+32.159,252.50833,11.60833,0.9152360558509828,24,3,,,,0.61,0.1605167895720998,0.8588376881723747,,,,,,
ComPACT_G14.772-62.561,341.70833,-32.175,0.9957006573677064,62,1,0.5,phot,SPTECS,,,,,,,,5.980000019073486,PSZ2
ComPACT_G251.075-78.159,24.08333,-33.99167,0.9963536262512208,41,1,0.302,spec,ACTDR5,0.31,0.1306068287822676,18.45225880289661,0.3224,0.0426892429251732,0.999,0.987,4.179999828338623,PSZ2
ComPACT_G66.547-32.428,327.34167,9.86667,0.9945921301841736,33,1,0.391,phot,ACTDR6,0.36,0.1355918222472396,2.466800291771861,,,,,4.490195254208952,ACTDR6
ComPACT_G140.521-40.891,26.93333,20.05,0.99334055185318,42,1,0.276,phot,ComPRASS,0.3,0.1296098300892731,5.106620454933788,0.2007,0.0387605671357043,0.991,0.881,3.603482,ComPRASS
ComPACT_G116.528-44.508,8.05833,18.125,0.9999359846115112,74,1,0.374,spec,RASS-MCMF,0.39,0.1385828183262228,31.49157907427869,0.4,0.0451942983176365,1.0,0.997,7.429999828338623,PSZ2
ComPACT_G19.739+61.894,221.66667,17.85,0.9402294754981996,22,3,0.2,spec,ACT-MCMF,0.19,0.1186428444663346,1.9042009131861888,0.2078,0.0389897667914581,0.994,0.928,4.654433038693033,ACTDR6
ComPACT_G227.179+54.793,157.65,14.25833,0.9996178150177002,64,1,0.317,spec,REDMAPPER-DES-SDSS,0.33,0.1326008261682564,5.126413193126569,0.3241,0.0427441217159875,0.999,0.99,4.800000190734863,PSZ2
ComPACT_G179.723-16.344,71.45833,19.84167,0.9212519526481628,40,1,,,,,,,,,,,,
ComPACT_G337.065-66.011,353.78333,-45.73333,0.9996505975723268,80,1,0.547,spec,ACTDR6,0.53,0.1525408000281445,8.255142679236515,0.5509,0.0500655980434446,1.0,0.996,7.119999885559082,PSZ2
ComPACT_G343.660-63.228,348.15833,-45.30833,0.9813288450241088,60,1,0.427,phot,ACTDR6,0.44,0.1435678117911948,8.613416314391635,0.4407,0.0465081611330135,0.989,0.962,5.488969730584809,PSZ-MCMF
ComPACT_G229.018-46.026,63.21667,-29.95833,0.835639476776123,23,3,,,,0.5700000000000001,0.1565287948001222,1.6045409316833976,,,,,,
ComPACT_G231.777+31.488,139.05,-0.4,0.9993225336074828,56,1,0.318,spec,ACT-MCMF,0.33,0.1326008261682564,12.74314565272852,0.3325,0.0430152875058933,1.0,0.998,4.840000152587891,PSZ2
ComPACT_G136.450-45.051,22.79167,16.775,0.9784711003303528,30,2,0.37,spec,ACT-MCMF,0.36,0.1355918222472396,8.021154566907327,0.3937,0.0449909239752071,0.985,0.936,2.11339,ACT-MCMF
ComPACT_G84.806-58.679,354.13333,-1.46667,0.9778653383255004,77,1,0.185,spec,MaDCoWS_II,0.18,0.1176458457733402,1.198376731672226,0.1889,0.03837964376417,0.996,0.924,3.763303872151551,PSZ-MCMF
ComPACT_G12.347+34.189,243.60833,-0.15,0.9956464171409608,49,1,0.397,spec,ACTDR6,0.39,0.1385828183262228,8.57341737315529,0.3909,0.0449005353785718,0.985,0.952,4.61281881680029,ACTDR6
ComPACT_G203.606+22.613,119.6,17.96667,0.9976146221160888,46,1,0.312,spec,ACTDR6,0.31,0.1306068287822676,8.164900778938097,0.3199,0.0426085388210345,0.996,0.966,3.926986478874697,ACTDR6
ComPACT_G353.346-26.464,294.05,-45.30833,0.9991924166679382,68,1,0.279,phot,ACTDR6,,,,,,,,4.739999771118164,PSZ2
ComPACT_G326.351-67.341,359.8,-47.34167,0.9320087432861328,30,2,0.287,phot,PSZ-MCMF,0.15,0.114654849694357,0.3858360631892048,0.3118,0.0423470575236254,0.99,0.908,4.185516750286392,PSZ-MCMF
ComPACT_G231.738-70.561,34.59167,-31.7,0.9987963438034058,70,1,0.27,spec,ACTDR6,0.27,0.1266188340102899,20.02359646449366,0.2871,0.0415497009747356,1.0,0.996,5.130000114440918,PSZ2
ComPACT_G140.936-52.540,23.825,8.79167,0.9976716637611388,65,1,0.619,spec,ACT-MCMF,0.6,0.1595197908791054,9.23726373057288,0.6201,0.052299487646002,1.0,0.996,7.739999771118164,PSZ2
ComPACT_G263.994-42.554,66.51667,-54.91667,0.9992685914039612,50,1,0.642,spec,ACTDR6,0.56,0.1555317961071278,9.503071041821508,0.635,0.0527804841066683,1.0,0.999,3.738385,PSZSPT
ComPACT_G323.316+63.680,201.75,2.225,0.9987949132919312,91,1,0.26,spec,ACTDR6,0.27,0.1266188340102899,15.76826639378513,0.2694,0.0409783159174341,0.999,0.99,6.420000076293945,PSZ2
ComPACT_G167.635-31.985,51.5,17.15833,0.997500479221344,29,2,0.318,phot,ACTDR5,,,,,,,,3.185299805109495,ACTDR6
ComPACT_G355.412-25.385,293.19167,-43.25,0.988243043422699,28,2,0.379,phot,ACTDR6,,,,,,,,4.178901226817602,ACTDR6
ComPACT_G180.679-74.118,26.94167,-17.975,0.9518244862556458,27,2,,,,0.17,0.1166488470803458,0.1549412676670452,,,,,,
ComPACT_G48.929-67.120,349.58333,-18.95,0.997646152973175,55,1,0.211,phot,ACTDR5,,,,,,,,6.819984354198257,ACTDR6
ComPACT_G17.870+36.840,243.74167,5.06667,0.999451220035553,53,1,0.53,spec,ACT-MCMF,0.52,0.1515438013351501,3.608508832883711,0.5326,0.0494748440011497,1.0,0.985,6.085250039418508,ACTDR6
ComPACT_G201.723-38.899,63.425,-8.725,0.9619104266166688,24,3,0.611,spec,ACTDR6,0.56,0.1555317961071278,0.923997518563578,,,,,3.569893544810425,ACTDR6
ComPACT_G208.390-20.225,82.8,-5.25,0.9544960856437684,24,3,,,,,,,,,,,,
ComPACT_G239.408+47.960,155.91667,4.18333,0.9999923706054688,70,1,0.285,spec,MaDCoWS_II,0.3,0.1296098300892731,12.621969138196834,0.2914,0.0416885120338541,0.996,0.933,6.53000020980835,PSZ2
ComPACT_G7.825+62.897,217.96667,13.525,0.9879531860351562,41,1,0.16,spec,ACTDR5,0.16,0.1156518483873514,3.9985313431955145,0.1691,0.037740467259392,0.997,0.94,2.183925,ComPRASS
ComPACT_G309.143-72.527,10.25,-44.475,0.9991818070411682,64,1,0.349,spec,ACT-MCMF,0.35,0.1345948235542452,14.998257980751234,0.3672,0.0441354604713375,1.0,0.998,4.421127,PSZSPT
ComPACT_G244.657-62.906,42.41667,-38.25,0.9410879611968994,65,1,0.463,phot,PSZ-MCMF,0.45,0.1445648104841893,3.6420801692607294,0.453,0.0469052253253756,0.99,0.983,5.267002005927882,PSZ-MCMF
ComPACT_G225.321+48.321,151.19167,12.33333,0.987038791179657,32,1,0.28,phot,zCluster,0.28,0.1276158327032843,5.448350113857955,,,,,,
ComPACT_G27.668+61.125,223.88333,21.09167,0.9343191385269164,21,3,,,,0.56,0.1555317961071278,1.0638490044555136,,,,,,
ComPACT_G178.071-42.365,50.28333,3.93333,0.964918315410614,41,1,0.177,phot,RASS-MCMF,,,,0.1801,0.038095565317602,0.989,0.98,3.2926969029345514,ACTDR6
ComPACT_G239.061-63.459,42.45,-35.66667,0.9409306049346924,36,1,0.3409,phot,zaznobin,0.32,0.131603827475262,4.816551617121154,0.3409,0.0432864532957991,0.997,0.984,3.5483077662018467,yact
ComPACT_G348.072-26.594,292.775,-49.95,0.8923392295837402,22,3,,,,,,,,,,,,
ComPACT_G280.261-53.827,38.68333,-58.51667,0.9989840388298036,69,1,0.415,spec,ACT-MCMF,0.41,0.1405768157122116,6.355123783931239,0.4168,0.0457366298974481,0.999,0.993,4.789999961853027,PSZ2
ComPACT_G352.840-49.307,326.95833,-46.00833,0.9076430797576904,25,3,0.059,spec,MCXC2,0.16,0.1156518483873514,0.2205840728872719,0.0666,0.0344315989897079,0.995,0.931,1.5450560939306222,PSZ-MCMF
ComPACT_G229.000+58.859,161.85833,15.24167,0.9773359298706056,37,1,0.21,spec,REDMAPPER-DES-SDSS,0.19,0.1186428444663346,7.347935518427947,0.2153,0.039231879103874,0.999,0.997,2.774800062179565,MCXC2
ComPACT_G2.248-77.448,359.99167,-32.94167,0.989400327205658,27,2,0.686,phot,ACTDR5,,,,,,,,3.3779472650745324,ACTDR6
ComPACT_G212.654+26.904,127.05833,12.13333,0.965691328048706,39,1,,,,0.13,0.1126608523083682,0.1847281339093054,,,,,,
ComPACT_G245.488-53.822,53.8,-40.6,0.9827925562858582,80,1,0.576,phot,ACTDR6,0.51,0.1505468026421557,7.131313467275895,0.5343,0.049529722791964,1.0,0.999,4.090356641242355,ACTDR6
ComPACT_G288.668+59.720,185.71667,-2.35833,0.9898561239242554,42,1,0.82,phot,MaDCoWS_II,0.64,0.1635077856510831,0.8309514794715018,0.8187,0.0587106216787753,0.989,0.816,5.988708908336971,yact
ComPACT_G69.514-29.056,326.51667,14.01667,0.9816837310791016,32,1,0.393,spec,ACTDR6,0.4,0.1395798170192172,8.681505137450198,0.3934,0.0449812394827105,0.991,0.965,5.829999923706055,PSZ2
ComPACT_G96.041-71.233,4.35833,-10.15833,0.9454750418663024,24,3,0.557,spec,ACTDR6,0.51,0.1505468026421557,9.463240307144543,0.5572,0.0502689723858739,1.0,0.998,3.3269954369198325,ACTDR6
ComPACT_G10.538-56.935,335.09167,-34.55,0.9874452352523804,25,3,,,,,,,,,,,,
ComPACT_G341.811+51.905,215.7,-3.93333,0.9855207800865172,34,1,0.273,spec,ACTDR6,0.26,0.1256218353172955,4.929621110883414,0.2669,0.0408976118132955,0.995,0.99,3.2340816118081657,ACTDR6
ComPACT_G328.136-67.797,359.31667,-46.59167,0.9183160066604614,22,3,,,,0.14,0.1136578510013626,0.1331203397766458,,,,,,
ComPACT_G255.762+53.239,166.825,0.18333,0.9635695219039916,28,2,0.528,spec,MaDCoWS_II,0.51,0.1505468026421557,6.46663275781205,0.5337,0.0495103538069707,0.986,0.983,2.7323960847671818,ACTDR6
ComPACT_G242.948-35.066,78.25,-38.78333,0.9978931546211244,61,1,0.329,phot,MARD-Y3,0.34,0.1335978248612508,14.866320343580115,0.3363,0.043137957744184,1.0,0.999,4.593911966413656,PSZ-MCMF
ComPACT_G204.023-60.662,43.70833,-19.26667,0.8943712711334229,22,3,,,,0.11,0.1106668549223794,0.1423029027673479,,,,,,
ComPACT_G181.875-15.511,73.48333,18.69167,0.8736391663551331,22,3,,,,,,,,,,,,
ComPACT_G227.528+60.970,163.475,16.85,0.9899120926856996,35,1,0.085,spec,ACTDR5,0.3,0.1296098300892731,0.9816602958393889,,,,,3.530650961031633,ACTDR6
ComPACT_G31.496+44.509,241.3,17.68333,0.9657471179962158,55,1,0.037,spec,RASS-MCMF,0.51,0.1505468026421557,1.2186516809757495,,,,,0.258724,RASS-MCMF
ComPACT_G39.785+17.099,270.4,13.625,0.9873045086860656,36,1,,,,,,,,,,,,
ComPACT_G227.959+53.862,157.01667,13.425,0.8215224742889404,22,3,0.414,spec,ACTDR6,0.42,0.141573814405206,24.491216116308227,0.4038,0.0453169685559272,0.999,0.998,2.623263304627603,ACTDR6
ComPACT_G208.827-20.024,83.16667,-5.525,0.9448537230491638,34,1,,,,,,,,,,,,
ComPACT_G337.267-36.053,308.55,-59.6,0.991664469242096,41,1,0.894,phot,ACTDR5,0.8300000000000001,0.1824507608179768,9.743690741413202,,,,,3.681915,PSZSPT
ComPACT_G214.321-53.125,53.24167,-22.19167,0.9899532198905944,29,2,,,,0.67,0.1664987817300663,1.1352229513639522,,,,,,
ComPACT_G274.437-87.998,13.95,-28.88333,0.9970332384109496,50,1,0.601,spec,ACTDR6,0.59,0.158522792186111,6.012012079555413,0.6049,0.0518088066928391,1.0,0.992,6.23650589592874,PSZ-MCMF
ComPACT_G350.682+65.141,211.24167,9.33333,0.9733526110649108,54,1,,,,0.5700000000000001,0.1565287948001222,0.9928215202230224,,,,,,
ComPACT_G230.737+27.722,135.38333,-1.65,0.9915788173675536,58,1,0.294,spec,ACTDR6,0.33,0.1326008261682564,4.603019951020872,0.3262,0.0428119131634639,0.999,0.995,5.150000095367432,PSZ2
ComPACT_G254.883-20.781,100.325,-45.89167,0.8717541098594666,26,2,0.094,spec,RASS-MCMF,,,,,,,,0.974105,RASS-MCMF
ComPACT_G126.833-59.086,14.86667,3.725,0.9927181005477904,48,1,0.272,spec,ACTDR5,0.28,0.1276158327032843,7.89622859671373,0.2782,0.0412623943640021,0.996,0.985,4.12520872621052,PSZ-MCMF
ComPACT_G276.492+59.695,179.875,-0.48333,0.9833984375,34,1,1.22,phot,MaDCoWS_II,0.24,0.1236278379313067,0.8631898962677353,,,,,,
ComPACT_G318.922-66.819,3.325,-49.10833,0.9999080896377563,68,1,0.407,spec,ACTDR6,0.39,0.1385828183262228,35.066833586823286,0.4079,0.0454493232867145,0.999,0.992,5.171308,PSZSPT
ComPACT_G220.064+42.529,144.2,13.10833,0.8044455051422119,31,1,,,,0.32,0.131603827475262,0.5081768390740242,,,,,,
ComPACT_G282.376+65.182,184.36667,3.675,0.913718581199646,26,2,0.077,spec,PSZ1,0.14,0.1136578510013626,0.206951316485251,0.0842,0.0349997558828439,0.999,0.961,4.808041380999943,ACTDR6
ComPACT_G213.485-34.315,71.76667,-15.31667,0.9992371797561646,51,1,0.397,phot,ACTDR6,,,,,,,,9.58071982077255,ACTDR6
ComPACT_G261.542+74.255,182.15833,14.93333,0.9993984699249268,53,1,0.879,phot,ACT-MCMF,0.8400000000000001,0.1834477595109712,5.081448560473968,,,,,5.878640843281196,ACTDR6
ComPACT_G228.714-24.483,86.56667,-24.15833,0.9879077076911926,24,3,0.34,phot,ACTDR6,0.32,0.131603827475262,4.929135774190647,0.3369,0.0431573267291773,1.0,0.986,4.105472423471514,PSZ-MCMF
ComPACT_G15.987-44.071,320.15833,-30.23333,0.948082447052002,23,3,,,,,,,,,,,,
ComPACT_G287.936-64.595,23.09167,-51.325,0.9809488654136658,21,3,,,,0.15,0.114654849694357,0.784065771523617,,,,,,
ComPACT_G251.867+64.899,173.275,10.11667,0.9984275102615356,56,1,0.523,spec,ACT-MCMF,0.52,0.1515438013351501,10.075355238520114,0.5231,0.0491681684054229,1.0,0.994,5.524261487105357,ACTDR6
ComPACT_G150.506-38.158,35.61667,19.79167,0.986506462097168,25,3,,,,0.18,0.1176458457733402,0.4297536416843615,,,,,,
ComPACT_G230.490-46.723,62.59167,-31.06667,0.991762399673462,33,1,1.14,phot,ACTDR6,0.6900000000000001,0.1684927791160551,1.8155788629696703,,,,,3.749362192225894,ACTDR6
ComPACT_G148.635-53.916,27.74167,5.95833,0.9928638339042664,36,1,0.6469,phot,zaznobin,0.59,0.158522792186111,1.1904607167235222,0.6469,0.0531646356423682,0.997,0.977,4.9913150015583385,yact
ComPACT_G238.438-50.167,58.89167,-36.55833,0.9991886019706726,66,1,0.32,spec,ACTDR5,0.32,0.131603827475262,11.030226737283254,0.3323,0.0430088311775622,1.0,0.99,3.9204098845926505,PSZ-MCMF
ComPACT_G316.705+65.701,198.49167,3.43333,0.9780152440071106,30,2,,,,0.33,0.1326008261682564,1.0988468415762007,,,,,,
ComPACT_G357.340-33.489,304.55,-43.125,0.9886828064918518,24,3,,,,0.41,0.1405768157122116,1.2976811428557022,,,,,,
ComPACT_G209.466-27.242,76.90833,-9.25833,0.976586103439331,44,1,0.04,spec,ACTDR5,,,,,,,,1.182037,ComPRASS
ComPACT_G202.328-33.691,68.29167,-6.7,0.8681703805923462,21,3,,,,0.24,0.1236278379313067,0.3907735701574766,,,,,,
ComPACT_G18.884+28.655,251.25,1.66667,0.9990829229354858,55,1,0.341,spec,ACTDR6,0.36,0.1355918222472396,10.031422606053216,0.3485,0.0435317937723805,1.0,0.993,4.789055,ComPRASS
ComPACT_G169.110-29.740,54.05833,17.99167,0.8611024022102356,24,3,0.289,phot,ACTDR6,,,,,,,,3.2768121491207345,ACTDR6
ComPACT_G179.096-68.551,31.10833,-14.075,0.9814017415046692,22,3,0.5,phot,zCluster,0.5,0.1495498039491613,5.248736592332708,,,,,3.475626307988353,yact
ComPACT_G250.669-27.270,90.05833,-43.875,0.9962738752365112,35,1,0.327,phot,ACT-MCMF,0.34,0.1335978248612508,20.80758328786887,0.316,0.0424826404185783,1.0,0.994,3.487044,PSZSPT
ComPACT_G294.703-74.098,15.925,-42.83333,0.99730384349823,60,1,0.053,spec,RASS-MCMF,0.73,0.1724807738880327,2.786118685713914,,,,,2.462999,PSZSPT
ComPACT_G56.947-55.088,340.84167,-9.59167,0.9999610185623168,65,1,0.439,spec,ACT-MCMF,0.43,0.1425708130982004,12.598506700180376,0.4502,0.0468148367287403,1.0,0.998,9.960000038146973,PSZ2
ComPACT_G12.513+63.644,218.46667,15.70833,0.878401517868042,23,3,,,,0.63,0.1625107869580886,2.862035037163173,,,,,,
ComPACT_G219.157-24.968,82.7,-16.25833,0.9735615253448486,24,3,,,,,,,,,,,,
ComPACT_G223.065+57.330,159.01667,17.41667,0.94375479221344,21,3,0.78,phot,zCluster,0.78,0.1774657673530048,4.597394650205203,,,,,3.459176970532573,yact
ComPACT_G2.356-69.446,350.95833,-35.86667,0.9839558005332948,28,2,,,,,,,,,,,,
ComPACT_G47.722-60.141,342.74167,-16.4,0.9888063669204712,35,1,0.123,spec,ACTDR6,,,,,,,,3.359999895095825,PSZ2
ComPACT_G27.789+35.984,248.25833,11.73333,0.9499314427375792,35,1,0.052,spec,RASS-MCMF,0.12,0.1116638536153738,0.1682011433669861,,,,,1.2446000576019287,MCXC2
ComPACT_G248.184+77.508,182.05833,19.51667,0.9526109099388124,32,1,,,,0.16,0.1156518483873514,0.2741156170474386,,,,,,
ComPACT_G190.978-65.869,36.125,-16.26667,0.9972731471061708,66,1,0.632,phot,ACT-MCMF,0.59,0.158522792186111,6.09634909236618,0.6459,0.0531323540007128,1.0,0.997,7.606556908840938,ACTDR6
ComPACT_G286.103+57.071,183.775,-4.60833,0.9902140498161316,22,3,0.3,phot,MaDCoWS_II,0.29,0.1286128313962787,4.325394905769055,0.3004,0.0419790468087532,0.994,0.992,4.470963558954448,yplanck
ComPACT_G91.247-74.108,4.35833,-13.36667,0.8720576763153076,22,3,,,,0.6900000000000001,0.1684927791160551,0.825267484051778,,,,,,
ComPACT_G352.185-77.670,1.50833,-34.71667,0.9957380294799804,47,1,0.115,spec,MCXC2,0.15,0.114654849694357,0.5977523816078829,0.1293,0.0364556579215049,1.0,0.985,4.0,PSZ2
ComPACT_G228.726+56.861,159.95833,14.44167,0.9925031661987304,30,2,0.65,phot,ACTDR6,0.59,0.158522792186111,2.132067767576098,0.5655,0.0505369100116142,0.986,0.928,3.0729023168311675,ACTDR6
ComPACT_G248.515+42.591,155.96667,-4.16667,0.9691784977912904,22,3,,,,0.72,0.1714837751950383,2.1572788166022745,,,,,,
ComPACT_G102.066-43.909,357.34167,16.43333,0.973861038684845,26,2,0.291,spec,ACTDR6,0.29,0.1286128313962787,7.479355164243385,0.2967,0.041859604734628,0.998,0.982,2.7361740163578268,ACTDR6
ComPACT_G210.349+21.051,120.725,11.60833,0.982965648174286,28,2,0.412,spec,ACT-MCMF,0.43,0.1425708130982004,11.37875815474283,,,,,5.457627,ComPRASS
ComPACT_G115.219-70.080,10.21667,-7.36667,0.904434084892273,29,2,,,,0.5800000000000001,0.1575257934931166,1.3768858919523788,,,,,,
ComPACT_G212.958-32.789,73.04167,-14.31667,0.981346845626831,30,2,,,,,,,,,,,,
ComPACT_G203.502-67.165,37.125,-21.325,0.933651864528656,56,1,,,,0.18,0.1176458457733402,0.2934395075392217,,,,,,
ComPACT_G151.448-64.450,24.775,-4.25,0.994111716747284,35,1,0.314,spec,MaDCoWS_II,0.31,0.1306068287822676,5.637619123848252,0.3162,0.0424890967469094,0.997,0.987,2.8500040984635944,ACTDR6
ComPACT_G207.091+32.087,130.075,18.6,0.9726721048355104,44,1,,,,0.29,0.1286128313962787,1.8228451528176883,,,,,,
ComPACT_G270.331+69.420,181.79167,9.4,0.9989534616470336,68,1,0.284,spec,REDMAPPER-DES-SDSS,0.29,0.1286128313962787,10.651405351494192,0.2935,0.0417563034813305,0.996,0.907,4.480000019073486,PSZ2
ComPACT_G57.189-73.799,357.19167,-19.625,0.9998958110809326,75,1,0.805,phot,ACT-MCMF,,,,,,,,8.935011370402902,ACTDR6
ComPACT_G275.093+58.400,178.69167,-1.375,0.9089722037315368,34,1,0.163,spec,REDMAPPER-DES-SDSS,0.15,0.114654849694357,0.6393143138732187,,,,,2.609580215792773,yact
ComPACT_G32.760-45.743,325.225,-19.175,0.9993895292282104,77,1,0.499,phot,ACTDR6,,,,,,,,8.11130830789689,ACTDR6
ComPACT_G207.548-41.795,62.75833,-13.98333,0.969882071018219,21,3,,,,0.5800000000000001,0.1575257934931166,0.6671111953381992,,,,,,
ComPACT_G19.706-57.876,336.30833,-29.63333,0.9797357320785522,25,3,,,,,,,,,,,,
ComPACT_G232.628-71.959,32.91667,-31.76667,0.9624543786048888,23,3,,,,0.18,0.1176458457733402,0.4570464756573467,,,,,,
ComPACT_G233.090+42.241,148.65833,4.55833,0.9831111431121826,34,1,,,,0.22,0.1216338405453179,0.7775503601776641,,,,,,
ComPACT_G53.663-34.476,322.41667,0.09167,0.9986989498138428,67,1,0.234,spec,RASS-MCMF,0.25,0.1246248366243011,5.84128870925287,0.2381,0.0399679005336184,0.996,0.967,4.340000152587891,PSZ2
ComPACT_G0.588-75.942,358.54167,-33.91667,0.9314144253730774,25,3,,,,,,,,,,,,
ComPACT_G72.968-33.669,332.03333,12.925,0.9888076186180116,36,1,,,,0.15,0.114654849694357,0.2491781303413325,,,,,,
ComPACT_G252.229-50.617,57.075,-45.24167,0.999461829662323,80,1,0.359,spec,ACT-MCMF,0.36,0.1355918222472396,12.75003530129962,0.3644,0.0440450718747023,1.0,0.994,4.559999942779541,PSZ2
ComPACT_G245.552-84.333,18.375,-30.075,0.8847159147262573,22,3,0.219,spec,RASS-MCMF,0.2,0.119639843159329,5.205290074148044,0.2297,0.0396967347437125,0.999,0.942,3.4797989715046445,ACTDR6
ComPACT_G340.039-28.444,293.96667,-57.275,0.9807610511779784,22,3,,,,,,,,,,,,
ComPACT_G146.897-64.315,23.01667,-3.35,0.9277481436729432,31,1,,,,0.55,0.1545347974141334,1.0347891550589785,,,,,,
ComPACT_G228.775+47.724,151.775,10.01667,0.9784351587295532,26,2,,,,0.54,0.1535377987211389,1.5093654024386725,,,,,,
ComPACT_G219.396+59.424,160.325,19.975,0.9960075616836548,40,1,0.413,spec,ACT-MCMF,0.42,0.141573814405206,10.03741310105471,0.431,0.0461950292089556,0.994,0.989,5.547068,ComPRASS
ComPACT_G129.478-52.684,16.88333,9.98333,0.9953725934028624,30,2,0.941,spec,ACTDR6,0.78,0.1774657673530048,1.58158796836931,,,,,4.014767187614125,ACTDR6
ComPACT_G222.963+52.820,154.69167,15.64167,0.8899252414703369,30,2,,,,0.14,0.1136578510013626,0.2098598603392993,,,,,,
ComPACT_G53.147-23.379,312.88333,5.81667,0.977106511592865,21,3,,,,0.16,0.1156518483873514,0.2583325503299594,,,,,,
ComPACT_G356.104+70.996,208.50833,14.91667,0.9682193398475648,33,1,0.127,spec,ACTDR6,0.15,0.114654849694357,1.2666606339849356,0.1297,0.0364685705781671,0.994,0.955,2.950000047683716,PSZ2
ComPACT_G166.035-49.585,39.23333,4.25,0.9648261666297911,44,1,,,,0.15,0.114654849694357,0.1457241775202771,,,,,,
ComPACT_G292.002+75.679,190.1,13.04167,0.8792153596878052,35,1,0.36,spec,REDMAPPER-DES-SDSS,0.37,0.136588820940234,0.7503405145263855,,,,,3.4024582746732324,yact
ComPACT_G111.028-63.440,7.56667,-1.05833,0.9160861372947692,21,3,0.2,phot,MaDCoWS_II,0.21,0.1206368418523234,0.3027478751536017,,,,,2.80901934352164,yact
ComPACT_G252.936+81.876,186.16667,21.75,0.931267261505127,24,3,,,,0.15,0.114654849694357,0.3829521067252761,,,,,,
ComPACT_G222.772-33.710,75.225,-22.30833,0.8623279929161072,21,3,0.45,phot,zCluster,0.45,0.1445648104841893,4.582184759322925,,,,,4.166719302593558,yplanck
ComPACT_G38.872-46.947,328.00833,-15.68333,0.9889074563980104,29,2,0.064,spec,RASS-MCMF,,,,,,,,1.9600000381469729,PSZ2
ComPACT_G333.240+56.626,208.99167,-2.4,0.9504967331886292,28,2,0.194,spec,ACTDR6,0.17,0.1166488470803458,2.425226033844478,0.1907,0.0384377507191498,0.985,0.92,2.556788,ComPRASS
ComPACT_G208.346-46.392,58.61667,-16.325,0.8528927564620972,40,1,0.5662,phot,zaznobin,0.55,0.1545347974141334,3.5691625766823307,0.5662,0.050559507160773,0.986,0.997,,
ComPACT_G0.223+60.255,217.86667,9.05,0.970101237297058,21,3,,,,0.16,0.1156518483873514,0.2870231582380527,,,,,,
ComPACT_G254.985+52.143,165.75,-0.33333,0.8370910286903381,24,3,0.68,phot,MaDCoWS_II,0.53,0.1525408000281445,0.8408058771974749,,,,,2.914489474383948,yplanck
ComPACT_G350.953-36.078,307.65833,-48.55833,0.98721444606781,34,1,,,,0.87,0.1864387555899544,2.061277086103308,,,,,,
ComPACT_G27.036+26.991,256.16667,7.20833,0.9975905418395996,49,1,0.562,spec,ACTDR6,0.54,0.1535377987211389,7.806363118111625,0.5659,0.0505498226682764,1.0,0.989,3.7467728600716783,ACTDR6
ComPACT_G109.138-43.854,2.45,17.9,0.9375625252723694,28,2,0.5289,phot,zaznobin,0.51,0.1505468026421557,8.806127601386589,0.5289,0.0493554019270246,0.984,0.976,5.199824576974793,yact
ComPACT_G157.852-85.497,15.66667,-23.40833,0.9970898032188416,43,1,0.512,phot,RASS-MCMF,0.5,0.1495498039491613,16.14915066511114,0.5142,0.0488808617946894,1.0,0.997,4.854769522709857,ACTDR6
ComPACT_G259.065+82.182,187.05,21.375,0.9804584980010986,21,3,0.433,spec,REDMAPPER-DES-SDSS,0.39,0.1385828183262228,0.943211049972274,,,,,2.8929039836873187,yplanck
ComPACT_G174.011-45.520,45.975,3.80833,0.9727349877357484,23,3,0.1764,phot,zaznobin,0.16,0.1156518483873514,0.3595531038134807,0.1764,0.0379761232434768,0.994,0.984,,
ComPACT_G332.157-63.023,352.98333,-49.35,0.976909637451172,68,1,,,,0.72,0.1714837751950383,1.7575793787517575,,,,,,
ComPACT_G252.889+49.765,163.175,-1.20833,0.8570787906646729,22,3,0.344,phot,CODEX,0.41,0.1405768157122116,2.212111618825645,,,,,1.6178093155427946,yact
ComPACT_G58.979-47.004,334.975,-3.84167,0.9989919066429138,63,1,0.413,spec,ACTDR6,0.43,0.1425708130982004,18.1607742228148,0.4385,0.0464371415213715,1.0,0.994,5.210046,ComPRASS
ComPACT_G197.847-32.573,67.41667,-2.88333,0.9902756214141846,43,1,0.399,spec,ACT-MCMF,0.4,0.1395798170192172,11.453788617874574,0.4371,0.0463919472230538,0.985,0.969,6.21697839225439,ACTDR6
ComPACT_G175.405-21.442,64.51667,19.75,0.9074225425720216,32,1,,,,,,,,,,,,
ComPACT_G228.213+55.103,158.21667,13.875,0.9992237091064452,73,1,0.318,spec,ACT-MCMF,0.32,0.131603827475262,8.578408981686527,0.3181,0.0425504318660547,0.999,0.993,4.510000228881836,PSZ2
ComPACT_G144.402-63.166,22.375,-1.89167,0.9348257184028624,26,2,0.495,phot,MaDCoWS_II,0.17,0.1166488470803458,0.2501152365398986,,,,,5.187102363872375,yact
ComPACT_G341.306+56.314,213.0,-0.43333,0.9588934779167176,22,3,0.55,phot,zCluster,0.55,0.1545347974141334,3.148484077268379,,,,,5.449951388678007,yplanck
ComPACT_G295.713+61.311,189.4,-1.36667,0.9812140464782716,30,2,0.155,spec,REDMAPPER-DES-SDSS,0.15,0.114654849694357,1.277161645530231,0.1606,0.0374660733053206,0.992,0.973,,
ComPACT_G205.313+18.173,116.01667,14.73333,0.888173520565033,44,1,0.134,spec,REDMAPPER-DES-SDSS,0.15,0.114654849694357,1.1811980692358253,0.1378,0.0367300518755763,0.999,0.935,3.552532170479546,yact
ComPACT_G1.990-55.511,333.90833,-39.41667,0.9562861323356628,25,3,,,,,,,,,,,,
ComPACT_G342.872+82.592,197.95833,21.35833,0.9960278272628784,31,1,0.97,phot,MaDCoWS,0.29,0.1286128313962787,1.908217657590478,,,,,,
ComPACT_G325.354+56.440,205.06667,-4.29167,0.9993059635162354,49,1,0.495,spec,ACTDR6,0.48,0.1475558065631725,7.3573256633790205,0.4895,0.0480835052457997,1.0,0.992,6.684709031242641,ACTDR6
ComPACT_G223.771+58.571,160.36667,17.56667,0.9996790885925292,60,1,0.88,phot,ACTDR6,0.8,0.1794597647389936,11.581241239000631,,,,,6.957997180449084,ACTDR6
ComPACT_G221.638-65.577,40.45833,-28.09167,0.9977050423622132,46,1,0.338,phot,ACTDR5,0.37,0.136588820940234,32.12709068146896,0.3914,0.0449166761993996,1.0,0.997,5.96041023271309,PSZ-MCMF
ComPACT_G357.301+77.893,203.29167,19.7,0.9349598288536072,22,3,,,,0.18,0.1176458457733402,0.5442289350164247,,,,,,
ComPACT_G154.982-62.763,26.94167,-3.45,0.9184499979019164,26,2,,,,0.72,0.1714837751950383,1.4915810389381434,,,,,,
ComPACT_G22.232+42.610,240.26667,10.78333,0.981336772441864,23,3,,,,0.16,0.1156518483873514,0.2586723371787696,,,,,,
ComPACT_G183.360-72.641,28.66667,-17.70833,0.8471760749816895,23,3,,,,0.16,0.1156518483873514,0.1671880177043958,,,,,,
ComPACT_G359.880+52.764,223.41667,3.975,0.9052654504776,43,1,0.37,spec,RASS-MCMF,0.36,0.1355918222472396,3.58861634680016,0.365,0.0440644408596955,0.988,0.953,4.52567,RASS-MCMF
ComPACT_G123.931-63.827,13.3,-0.95833,0.9843150973320008,34,1,,,,0.16,0.1156518483873514,0.3552555729973048,,,,,,
ComPACT_G186.434-44.677,52.41667,-2.19167,0.9996492862701416,53,1,0.45,spec,ACT-MCMF,0.44,0.1435678117911948,16.98165032671528,0.4597,0.0471215123244671,1.0,0.995,5.798119,ComPRASS
ComPACT_G314.666+59.590,198.775,-2.74167,0.9674091339111328,22,3,,,,,,,,,,,,
ComPACT_G337.775-38.488,313.125,-58.81667,0.9618554711341858,21,3,,,,0.7100000000000001,0.1704867765020439,1.1579155197382596,,,,,,
ComPACT_G19.942+56.185,227.10833,15.51667,0.9404636025428772,33,1,,,,0.17,0.1166488470803458,0.2725481978805653,,,,,,
ComPACT_G201.703-25.941,74.85,-2.5,0.9701134562492372,33,1,,,,0.6,0.1595197908791054,0.8606431711130109,,,,,,
ComPACT_G27.094-20.887,299.28333,-14.30833,0.9751272201538086,27,2,,,,,,,,,,,,
ComPACT_G351.087-30.348,299.09167,-47.96667,0.9531226754188538,28,2,0.519,phot,ACT-MCMF,,,,,,,,3.775354137530041,ACTDR6
ComPACT_G218.192-48.334,58.95833,-23.25833,0.9753115773200988,26,2,,,,0.62,0.1615137882650942,0.7243003804157848,,,,,,
ComPACT_G263.077-20.276,104.75833,-53.025,0.9789075255393982,34,1,0.48,phot,ACTDR5,,,,,,,,3.838472343622806,ACTDR6
ComPACT_G104.107-58.302,3.08333,3.13333,0.9423195719718932,26,2,,,,0.16,0.1156518483873514,0.6518194617893407,,,,,,
ComPACT_G359.988+61.934,216.5,10.05833,0.9798254370689392,46,1,0.449,spec,ACTDR6,0.51,0.1505468026421557,4.032906816030792,0.5501,0.0500397727301202,0.998,0.989,3.0814056524267524,ACTDR6
ComPACT_G51.452-61.122,344.525,-15.23333,0.9983441829681396,59,1,0.403,phot,ACT-MCMF,0.39,0.1385828183262228,8.23724545221134,0.4014,0.0452394926159541,1.0,0.988,4.196259004936024,ACTDR6
ComPACT_G334.723-73.538,1.50833,-40.66667,0.9896915555000304,52,1,,,,0.19,0.1186428444663346,0.7423950811128077,,,,,,
ComPACT_G0.724-58.654,338.075,-39.50833,0.9797223210334778,27,2,,,,0.54,0.1535377987211389,0.7773879031250939,,,,,,
ComPACT_G162.256-60.410,31.125,-3.24167,0.992236077785492,44,1,,,,0.7100000000000001,0.1704867765020439,1.5118854264555224,,,,,,
ComPACT_G279.590+75.704,187.075,13.89167,0.9741945266723632,36,1,0.254,phot,REDMAPPER-DES-SDSS,0.16,0.1156518483873514,0.2138998831777772,,,,,,
ComPACT_G29.336-40.001,318.6,-19.625,0.9685993790626526,29,2,,,,,,,,,,,,
ComPACT_G354.281+48.910,223.75,-1.24167,0.9926005005836488,34,1,0.314,spec,MaDCoWS_II,0.33,0.1326008261682564,12.720011318592665,0.3215,0.0426601894476833,0.985,0.98,,
ComPACT_G191.076-61.960,39.61667,-14.28333,0.9971725344657898,40,1,0.856,phot,ACTDR5,0.79,0.1784627660459992,10.820747554851236,0.7733,0.0572450351476177,1.0,0.808,6.180403384255664,PSZ-MCMF
ComPACT_G260.852+68.726,178.53333,10.675,0.990216851234436,35,1,,,,0.17,0.1166488470803458,0.1837444341222072,,,,,,
ComPACT_G237.352+39.513,148.23333,0.35833,0.9695284962654114,33,1,0.255,spec,REDMAPPER-DES-SDSS,0.25,0.1246248366243011,6.1786574140612815,0.2697,0.0409880004099307,0.988,0.816,2.919563141326701,yact
ComPACT_G350.761+69.896,208.00833,12.875,0.9953489899635316,41,1,0.402,spec,ACT-MCMF,0.42,0.141573814405206,6.198611460987639,0.3943,0.0450102929602004,1.0,0.997,3.5355325950947125,ACTDR6
ComPACT_G20.072+37.498,244.04167,6.91667,0.9925262928009032,41,1,0.339,spec,ACTDR5,0.35,0.1345948235542452,5.580383947746936,0.3451,0.043422036190752,1.0,0.997,5.53000020980835,PSZ2
ComPACT_G234.869+55.092,160.175,10.58333,0.8587185740470886,43,1,,,,0.16,0.1156518483873514,0.214282766803973,,,,,,
ComPACT_G161.003-35.616,44.60833,17.7,0.9893084764480592,52,1,,,,,,,,,,,,
ComPACT_G314.204+59.607,198.54167,-2.76667,0.9245179295539856,26,2,,,,,,,,,,,,
ComPACT_G174.642-29.801,57.59167,14.59167,0.994303584098816,27,2,,,,,,,,,,,,
ComPACT_G42.369+17.506,271.06667,16.04167,0.9995457530021667,72,1,0.458,spec,PSZ2,0.45,0.1445648104841893,4.378004244534211,0.462,0.0471957601002746,0.999,0.961,7.03000020980835,PSZ2
ComPACT_G181.238-66.808,33.025,-13.59167,0.9631881713867188,46,1,0.221,phot,PSZ-MCMF,0.22,0.1216338405453179,6.481667946338169,0.2398,0.0400227793244326,0.996,0.946,3.780155152523943,PSZ-MCMF
ComPACT_G111.348-87.505,12.30833,-24.68333,0.9998952150344848,64,1,0.52,spec,PSZ1,0.51,0.1505468026421557,26.09172647757203,0.5337,0.0495103538069707,1.0,0.994,7.170000076293945,PSZ2
ComPACT_G340.589+76.415,201.45,16.125,0.8416787981987,28,2,,,,0.55,0.1545347974141334,0.6381503215356974,,,,,,
ComPACT_G52.573-47.895,333.25,-7.91667,0.9938637018203736,24,3,,,,0.7000000000000001,0.1694897778090495,1.342391992440828,,,,,,
ComPACT_G67.702-24.222,321.65833,16.00833,0.9985467791557312,42,1,1.134,phot,ACT-MCMF,1.09,0.2083727268358314,9.210115509863662,,,,,5.162633404228456,ACTDR6
ComPACT_G140.759-67.056,19.74167,-5.14167,0.955452799797058,46,1,,,,0.74,0.1734777725810271,0.8552148627751819,,,,,,
ComPACT_G223.743+56.576,158.45,16.775,0.9940469264984132,52,1,,,,0.48,0.1475558065631725,2.0036836545869083,,,,,,
ComPACT_G11.284-72.894,354.01667,-32.16667,0.9329087138175964,28,2,0.613,spec,ACT-MCMF,,,,,,,,7.179999828338623,PSZ2
ComPACT_G344.422+67.389,207.825,9.475,0.939495325088501,53,1,,,,0.32,0.131603827475262,0.723565109505488,,,,,,
ComPACT_G144.102-48.267,27.1,12.25,0.959087371826172,23,3,,,,0.17,0.1166488470803458,0.2123180214935078,,,,,,
ComPACT_G191.586-36.390,61.43333,-0.55833,0.9463996291160583,28,2,,,,,,,,,,,,
ComPACT_G10.145+47.477,231.65,5.91667,0.978546679019928,47,1,,,,0.5800000000000001,0.1575257934931166,2.398017155103932,,,,,,
ComPACT_G33.240+20.406,264.66667,9.40833,0.9755268692970276,28,2,,,,,,,,,,,,
ComPACT_G333.087-56.639,345.175,-53.51667,0.9929471015930176,44,1,0.262,spec,SPT2500D,0.27,0.1266188340102899,6.617420419684864,0.2867,0.0415367883180734,0.996,0.986,2.755152,PSZSPT
ComPACT_G61.860-23.908,317.95833,12.05,0.9961716532707214,35,1,0.408,spec,ACTDR6,0.4,0.1395798170192172,4.77317715198404,0.4178,0.0457689115391036,0.999,0.994,4.167369282127215,ACTDR6
ComPACT_G237.538+57.829,163.325,10.875,0.999311089515686,61,1,0.99,spec,ACTDR6,0.87,0.1864387555899544,15.7495951626065,0.7788,0.0574225841767227,1.0,0.958,4.670000076293945,PSZ2
ComPACT_G255.091+66.993,175.70833,10.73333,0.8041669726371765,33,1,0.127,phot,CODEX,0.21,0.1206368418523234,0.472182532222382,,,,,,
ComPACT_G213.889-65.611,39.94167,-24.925,0.9139547944068908,39,1,0.678,spec,ACTDR6,0.61,0.1605167895720998,7.919833326228536,0.6562,0.0534648549097639,0.993,0.988,4.141538626158211,ACTDR6
ComPACT_G209.594+43.336,142.025,20.525,0.9992715716362,71,1,0.192,spec,RASS-MCMF,0.2,0.119639843159329,11.183595038951236,0.1972,0.0386475813899103,1.0,0.993,3.819999933242798,PSZ2
ComPACT_G269.272-49.885,52.175,-55.69167,0.9953253269195556,60,1,0.084,spec,ACT-MCMF,0.16,0.1156518483873514,0.5251128229154516,0.0984,0.0354581551943513,1.0,0.983,3.259999990463257,PSZ2
ComPACT_G234.634+35.760,143.925,-0.03333,0.9148077964782716,37,1,0.339,spec,MaDCoWS_II,0.33,0.1326008261682564,7.931297629499188,0.3386,0.0432122055199915,0.997,0.986,2.470240705666254,ACTDR6
ComPACT_G349.524-24.044,289.43333,-48.1,0.9119881987571716,32,1,,,,,,,,,,,,
ComPACT_G300.025-65.994,14.74167,-51.09167,0.9837852716445924,60,1,0.602,phot,ACT-MCMF,0.5800000000000001,0.1575257934931166,3.2753360856319063,0.5946,0.0514763057837879,1.0,0.993,2.991282,PSZSPT
ComPACT_G222.579+20.596,125.48333,1.19167,0.9942359328269958,39,1,0.082,spec,ACTDR6,0.56,0.1555317961071278,5.317725929706798,0.0941,0.0353193441352329,0.995,0.98,2.289999961853028,PSZ2
ComPACT_G212.602+15.667,116.73333,7.35833,0.8922411799430847,21,3,,,,0.65,0.1645047843440774,1.631369844427601,,,,,,
ComPACT_G230.725+42.773,148.175,6.31667,0.9874029159545898,35,1,0.427,spec,ACTDR5,0.42,0.141573814405206,13.526054434167072,0.4226,0.0459238634190497,0.997,0.984,4.334746417748765,ACTDR6
ComPACT_G109.274-62.063,6.50833,0.13333,0.8726504445075989,21,3,0.307,spec,ACTDR6,0.32,0.131603827475262,8.225981458373816,0.3008,0.0419919594654154,0.982,0.854,5.116094186840005,PSZ-MCMF
ComPACT_G211.096-16.040,87.71667,-5.65833,0.8960740566253662,21,3,,,,,,,,,,,,
ComPACT_G355.559-15.202,280.34167,-39.85833,0.987617552280426,29,2,,,,,,,,,,,,
ComPACT_G263.907-68.491,31.15833,-42.66667,0.9704993367195128,29,2,,,,0.68,0.1674957804230607,0.8182583395630503,,,,,,
ComPACT_G26.671+38.404,245.63333,11.95833,0.9630053639411926,21,3,,,,0.51,0.1505468026421557,0.9896750097879112,,,,,,
ComPACT_G279.477+63.374,182.575,2.39167,0.9970220923423768,54,1,0.383,spec,ACTDR5,0.4,0.1395798170192172,9.665834114237702,0.3976,0.0451168223776634,0.997,0.97,4.882605,ComPRASS
ComPACT_G316.199-58.622,0.125,-57.175,0.924141526222229,27,2,,,,0.18,0.1176458457733402,0.2437252395479208,,,,,,
ComPACT_G41.672-25.041,309.0,-4.04167,0.9553613662719728,21,3,,,,0.5800000000000001,0.1575257934931166,1.150091685165398,,,,,,
ComPACT_G307.359+77.713,193.83333,14.875,0.9681406021118164,25,3,,,,0.5800000000000001,0.1575257934931166,0.8720802647910333,,,,,,
ComPACT_G268.905+54.287,173.75833,-3.45833,0.8689712882041931,24,3,,,,0.27,0.1266188340102899,1.0184127759157469,,,,,,
ComPACT_G283.385+77.435,188.53333,15.225,0.9621399641036988,94,1,0.285,spec,ACTDR6,0.28,0.1276158327032843,2.6783165442896464,0.2783,0.0412656225281676,0.999,0.997,5.28000020980835,PSZ2
ComPACT_G30.974-18.497,298.625,-9.99167,0.9929792284965516,39,1,0.473,phot,ACTDR6,,,,,,,,6.089455454099879,ACTDR6
ComPACT_G281.878+71.318,186.15833,9.55,0.9989112615585328,46,1,0.519,spec,ACTDR6,0.51,0.1505468026421557,12.333896309303022,0.5359,0.0495813734186127,1.0,0.99,5.433422881577108,ACTDR6
ComPACT_G260.695-26.337,94.15,-52.45,0.9994354844093324,70,1,0.684,spec,ACT-MCMF,0.59,0.158522792186111,3.386661262563595,0.6843,0.0543719690402822,0.995,0.984,4.356982,PSZSPT
ComPACT_G259.971-63.447,38.075,-44.35,0.999896764755249,84,1,0.284,spec,ACTDR6,0.28,0.1276158327032843,9.875478036252384,0.3053,0.0421372268528649,0.999,0.996,7.539999961853027,PSZ2
ComPACT_G241.750+50.305,158.71667,4.40833,0.9872856736183168,34,1,0.156,spec,ACT-MCMF,0.16,0.1156518483873514,3.113519811965864,0.1605,0.0374628451411551,0.995,0.939,3.0,PSZ2
ComPACT_G332.376+62.162,206.14167,2.36667,0.9983804225921632,74,1,0.391,spec,MaDCoWS_II,0.38,0.1375858196332284,46.76362733530746,0.3815,0.0445970879470105,1.0,0.977,6.059999942779541,PSZ2
ComPACT_G122.125-59.569,12.45,3.3,0.941515326499939,43,1,0.446,spec,REDMAPPER-DES-SDSS,0.46,0.1455618091771837,6.58083155978012,0.4539,0.0469342788028655,0.988,0.988,5.76600803674721,yact
ComPACT_G222.557+15.954,121.4,-1.01667,0.974191963672638,23,3,0.093,phot,RASS-MCMF,0.14,0.1136578510013626,0.1817137866507798,,,,,2.067158,ComPRASS
ComPACT_G26.430+43.119,241.16667,13.775,0.98642897605896,35,1,,,,0.36,0.1355918222472396,2.735752466274142,,,,,,
ComPACT_G209.569+23.632,122.825,13.33333,0.9916511178016664,37,1,,,,0.7000000000000001,0.1694897778090495,1.308370106935893,,,,,,
ComPACT_G233.937+39.698,146.88333,2.625,0.8764128088951111,25,3,1.09,phot,MaDCoWS_II,0.2,0.119639843159329,0.5162678153398679,,,,,,
ComPACT_G226.353+30.690,135.95833,3.15833,0.9624165892601012,31,1,0.5,phot,MaDCoWS_II,0.26,0.1256218353172955,0.8174927124728819,,,,,,
ComPACT_G134.635-57.619,19.11667,4.68333,0.9919353723526,29,2,,,,0.68,0.1674957804230607,0.664100544817688,,,,,,
ComPACT_G237.012+63.328,167.85833,14.15,0.9929749965667723,45,1,0.221,spec,REDMAPPER-DES-SDSS,0.21,0.1206368418523234,1.7394072114047805,0.2296,0.039693506579547,0.996,0.966,2.8876599838394386,ACTDR6
ComPACT_G1.749-42.467,316.925,-40.375,0.920754075050354,23,3,,,,0.98,0.1974057412128929,1.9055185034602704,,,,,,
ComPACT_G181.077-42.411,51.73333,2.25,0.9952979683876038,33,1,0.629,phot,ACTDR6,0.5800000000000001,0.1575257934931166,2.7499965370737507,0.6252,0.0524641240184448,0.997,0.987,4.048188493154508,ACTDR6
ComPACT_G28.783+44.544,240.51667,15.9,0.8047536015510559,21,3,0.063,phot,CODEX,0.15,0.114654849694357,0.3578580894405674,,,,,5.190513,GALWEIGHT
ComPACT_G81.061-46.975,345.55833,6.825,0.998528242111206,55,1,0.303,spec,RASS-MCMF,0.32,0.131603827475262,14.888114163335391,0.3119,0.0423502856877909,1.0,0.991,7.089001340999044,ACTDR6
ComPACT_G209.014-73.193,31.38333,-24.76667,0.9945796728134156,36,1,0.214,phot,ACT-MCMF,0.2,0.119639843159329,6.214061796155284,0.2147,0.0392125101188807,0.996,0.948,3.383370532029539,PSZ-MCMF
ComPACT_G45.242+24.592,265.25,21.24167,0.8450428247451782,24,3,,,,0.54,0.1535377987211389,0.6842998877515523,,,,,,
ComPACT_G55.485-24.567,315.06667,6.94167,0.9974896907806396,46,1,0.89,spec,ACTDR6,0.81,0.180456763431988,7.000916376044,,,,,5.730279657787808,ACTDR6
ComPACT_G126.176-44.285,15.30833,18.525,0.9987241625785828,64,1,0.656,spec,ACTDR6,0.63,0.1625107869580886,2.8951147472580434,0.6463,0.0531452666573749,1.0,0.996,5.822057732362844,ACTDR6
ComPACT_G271.523-56.574,41.375,-53.03333,0.999835968017578,75,1,0.3,spec,ACT-MCMF,0.3,0.1296098300892731,15.343782374648228,0.3108,0.0423147758819699,0.999,0.994,6.78000020980835,PSZ2
ComPACT_G224.978-52.681,55.225,-28.375,0.9757807850837708,36,1,0.346,spec,MCXC2,0.35,0.1345948235542452,4.902738538575875,,,,,3.900000095367432,SPTECS
ComPACT_G120.549-62.476,11.75833,0.375,0.967365562915802,41,1,0.5,phot,MaDCoWS_II,0.16,0.1156518483873514,0.5622480146336242,,,,,5.5756947604706415,yact
ComPACT_G230.187+40.629,146.125,5.54167,0.9670186042785645,21,3,0.795,spec,ACTDR6,0.76,0.175471769967016,1.9688264716099635,,,,,3.283610495645675,ACTDR6
ComPACT_G359.157-31.646,302.4,-41.33333,0.988107979297638,30,2,,,,,,,,,,,,
ComPACT_G342.027-25.374,289.03333,-55.03333,0.8768916726112366,21,3,,,,,,,,,,,,
ComPACT_G343.361-24.548,288.09167,-53.675,0.9877243041992188,25,3,,,,,,,,,,,,
ComPACT_G164.276-36.514,46.275,15.40833,0.9535473585128784,25,3,,,,,,,,,,,,
ComPACT_G205.014-48.411,55.76667,-15.05,0.8999741673469543,28,2,,,,0.17,0.1166488470803458,0.1953405296540005,,,,,,
ComPACT_G108.925-43.254,2.15,18.45,0.9398335218429564,25,3,,,,0.49,0.1485528052561669,0.9372738642709484,,,,,,
ComPACT_G24.547-57.258,335.95833,-26.98333,0.9959580302238464,35,1,0.257,phot,ACTDR6,,,,,,,,4.025876851773456,ACTDR6
ComPACT_G346.541-47.407,325.625,-50.51667,0.9539332985877992,25,3,,,,0.16,0.1156518483873514,0.1597837272181941,,,,,,
ComPACT_G320.633+72.623,198.15833,10.48333,0.8320319056510925,36,1,,,,0.16,0.1156518483873514,0.22982817522605,,,,,,
ComPACT_G290.368-69.315,19.35,-47.175,0.8488539457321167,30,2,,,,0.54,0.1535377987211389,0.8769588703973794,,,,,,
ComPACT_G165.873-37.345,46.78333,13.96667,0.9395537376403807,30,2,,,,,,,,,,,,
ComPACT_G18.758-15.504,290.8,-19.38333,0.9986760020256042,54,1,,,,,,,,,,,,
ComPACT_G201.397-21.269,78.79167,0.025,0.9934402108192444,47,1,0.563,phot,ACTDR6,,,,,,,,5.972795120198797,ACTDR6
ComPACT_G338.890-63.156,349.95,-47.06667,0.875056266784668,23,3,,,,0.16,0.1156518483873514,0.5964421066586574,,,,,,
ComPACT_G80.618-57.886,351.875,-2.08333,0.9999943971633912,67,1,0.7,spec,ACTDR6,0.68,0.1674957804230607,7.473449940409127,0.7167,0.0554178942299189,1.0,0.998,10.005595819975508,PSZ-MCMF
ComPACT_G52.191-44.572,330.275,-6.36667,0.8552570939064026,24,3,0.6924,phot,zaznobin,0.6,0.1595197908791054,1.6415013625434591,0.6924,0.0546334503376914,0.984,0.987,3.425540949583637,yact
ComPACT_G22.123-39.308,316.075,-24.70833,0.884373664855957,28,2,,,,,,,,,,,,
ComPACT_G209.413+33.070,131.78333,17.13333,0.9650979042053224,34,1,0.375,spec,ACTDR6,0.39,0.1385828183262228,4.592005012150314,,,,,2.321328340680744,ACTDR6
ComPACT_G146.950-39.392,32.39167,19.80833,0.9694616198539734,22,3,0.065,spec,RASS-MCMF,0.13,0.1126608523083682,0.2295178169623415,,,,,1.562447,ComPRASS
ComPACT_G132.105-45.653,19.54167,16.74167,0.8593710660934448,27,2,,,,0.18,0.1176458457733402,0.2679042235170481,,,,,,
ComPACT_G265.851-19.919,106.775,-55.375,0.9804350137710572,87,1,0.296,spec,ACTDR6,,,,,,,,4.639999866485596,PSZ2
ComPACT_G201.469-60.365,43.49167,-17.99167,0.9510229229927064,30,2,0.44,phot,zCluster,0.44,0.1435678117911948,5.324384206696612,,,,,,
ComPACT_G336.788-24.122,284.9,-59.41667,0.9451854825019836,21,3,,,,,,,,,,,,
ComPACT_G217.404+29.716,131.45833,9.54167,0.894020140171051,26,2,,,,0.51,0.1505468026421557,1.381972762959097,,,,,,
ComPACT_G342.269-64.289,349.89167,-45.19167,0.9505963921546936,21,3,,,,0.66,0.1655017830370719,0.8457192766991528,,,,,,
ComPACT_G318.090+63.514,199.55833,1.43333,0.9845874309539796,42,1,0.885,phot,MaDCoWS_II,0.55,0.1545347974141334,0.6337437852970549,,,,,4.657158342566526,yact
ComPACT_G183.000-25.555,65.85833,11.76667,0.9606002569198608,36,1,,,,,,,,,,,,
ComPACT_G253.101-67.727,34.99167,-39.75833,0.9622879028320312,27,2,0.487,phot,zaznobin,0.47,0.1465588078701781,7.293454547638381,0.487,0.048002801141661,0.994,0.984,,
ComPACT_G191.731-21.752,73.70833,7.46667,0.9995527863502502,54,1,0.582,phot,ACT-MCMF,,,,,,,,7.384327,ComPRASS
ComPACT_G9.245+43.758,234.35,3.275,0.9428765773773192,26,2,,,,0.3,0.1296098300892731,1.3514113275134183,,,,,,
ComPACT_G254.587-32.128,83.95833,-48.025,0.9989110231399536,48,1,0.98,phot,PSZ-MCMF,0.8300000000000001,0.1824507608179768,8.146249110004693,,,,,3.671806,PSZSPT
ComPACT_G318.356+60.869,200.3,-1.10833,0.9807072281837464,23,3,0.765,spec,ACTDR6,0.72,0.1714837751950383,7.320440871829986,0.7233,0.055630953064845,0.992,0.953,4.096012149116234,ACTDR6
ComPACT_G150.924-61.133,25.95833,-1.14167,0.8197416663169861,22,3,,,,0.16,0.1156518483873514,0.4050981924257084,,,,,,
ComPACT_G17.148+47.164,234.45833,9.775,0.8218082785606384,21,3,,,,0.5700000000000001,0.1565287948001222,0.7586783489514699,,,,,,
ComPACT_G293.271+65.075,188.8,2.50833,0.9478424191474916,27,2,,,,0.65,0.1645047843440774,0.7237523526143654,,,,,,
ComPACT_G95.994-48.636,355.13333,10.49167,0.9886537194252014,32,1,0.18,spec,MCXC2,0.18,0.1176458457733402,3.788062239423459,0.1863,0.0382957114958658,0.997,0.986,2.667137,ComPRASS
ComPACT_G269.045-65.721,32.13333,-46.00833,0.906192421913147,23,3,,,,0.64,0.1635077856510831,2.2098415035796526,,,,,,
ComPACT_G250.580-35.788,78.225,-45.04167,0.8573477864265442,23,3,,,,0.5800000000000001,0.1575257934931166,0.4277978953538464,,,,,,
ComPACT_G38.768-65.794,346.70833,-22.25833,0.9990563988685608,52,1,0.863,phot,ACT-MCMF,,,,,,,,7.011074443308598,ACTDR6
ComPACT_G239.657-34.691,78.15,-36.05833,0.9973461627960204,42,1,0.519,phot,ACTDR6,0.5,0.1495498039491613,18.45230438162797,0.5133,0.0488518083171995,1.0,0.992,6.1397063065085575,PSZ-MCMF
ComPACT_G190.554-56.884,43.875,-11.35,0.9852614998817444,26,2,,,,0.16,0.1156518483873514,0.3768329835803485,,,,,,
ComPACT_G81.204-41.945,342.58333,10.90833,0.8634377717971802,25,3,0.08,spec,RASS-MCMF,0.19,0.1186428444663346,0.4027576986568635,0.0829,0.0349577897486918,0.982,0.846,2.240000009536743,PSZ2
ComPACT_G107.898-45.460,1.94167,16.13333,0.9587849378585817,43,1,0.567,spec,PSZ2,0.16,0.1156518483873514,0.2656734308276518,,,,,6.710000038146973,PSZ2
ComPACT_G356.492+61.830,215.45833,8.76667,0.9744070768356324,30,2,0.442,spec,REDMAPPER-DES-SDSS,0.47,0.1465588078701781,4.268339088069959,,,,,4.49299005670167,yact
ComPACT_G229.892+39.650,145.16667,5.225,0.9597738981246948,37,1,,,,,,,,,,,,
ComPACT_G207.016-66.302,38.475,-22.375,0.9804075360298156,25,3,,,,0.16,0.1156518483873514,0.2487992384853734,,,,,,
ComPACT_G227.700-57.849,49.50833,-30.45,0.9912044405937196,41,1,0.731,phot,ACTDR6,0.7100000000000001,0.1704867765020439,1.341230677990465,0.7205,0.0555405644682097,1.0,0.991,4.039807173807638,ACTDR6
ComPACT_G18.914+54.699,228.21667,14.33333,0.9864332675933838,70,1,0.178,spec,ACTDR6,0.18,0.1176458457733402,3.5654938034231227,0.1831,0.0381924102425684,1.0,0.972,2.6911815349720825,ACTDR6
ComPACT_G177.266-78.762,22.575,-20.25,0.9011600613594056,23,3,,,,0.16,0.1156518483873514,0.1744009852260164,,,,,,
ComPACT_G245.667+64.162,170.88333,11.575,0.988454282283783,30,2,,,,0.5700000000000001,0.1565287948001222,1.4927552473984136,,,,,,
ComPACT_G45.236+20.919,268.89167,19.875,0.996227502822876,40,1,0.36,phot,ACTDR6,0.34,0.1335978248612508,8.536698575076656,0.3428,0.0433477884149445,0.999,0.974,5.053245024258888,ACTDR6
ComPACT_G237.664-68.138,36.99167,-34.18333,0.9626730680465698,26,2,,,,0.16,0.1156518483873514,0.2282395875309764,,,,,,
ComPACT_G95.408-58.987,359.08333,0.90833,0.9905923008918762,62,1,,,,0.24,0.1236278379313067,1.2146505119929434,,,,,,
ComPACT_G226.699-65.037,41.16667,-30.18333,0.9939862489700316,28,2,1.37,phot,ACTDR6,0.17,0.1166488470803458,0.4730728390869363,,,,,3.680074287912832,ACTDR6
ComPACT_G265.041-48.922,55.75,-53.63333,0.9960203766822816,39,1,0.06,spec,ACTDR5,0.17,0.1166488470803458,0.3657718426913905,0.0674,0.0344574243030322,1.0,0.979,4.21999979019165,PSZ2
ComPACT_G331.569+59.569,206.90833,-0.14167,0.9906513690948486,29,2,0.78,phot,ACT-MCMF,0.62,0.1615137882650942,1.504287653562772,,,,,1.96166,ACT-MCMF
ComPACT_G208.612-25.997,77.7,-8.025,0.9979137778282166,69,1,0.22,spec,ACTDR6,,,,,,,,7.739999771118164,PSZ2
ComPACT_G176.244-22.703,64.05833,18.33333,0.9644877314567566,24,3,,,,,,,,,,,,
ComPACT_G357.612+57.491,219.03333,6.2,0.8793259859085083,23,3,,,,0.28,0.1276158327032843,1.6796539713492886,,,,,,
ComPACT_G175.629-63.422,34.01667,-9.58333,0.9958553910255432,41,1,0.595,spec,ACT-MCMF,0.5800000000000001,0.1575257934931166,8.288547351860691,0.5928,0.0514181988288081,1.0,0.998,3.624565276670133,ACTDR6
ComPACT_G22.172-38.801,315.55,-24.53333,0.8174659013748169,38,1,0.188,spec,ACT-MCMF,,,,,,,,3.7300000190734863,PSZ2
ComPACT_G24.969-29.367,306.7,-19.33333,0.9960748553276062,48,1,0.669,phot,ACTDR6,,,,,,,,5.679046537189836,ACTDR6
ComPACT_G268.888-81.672,18.46667,-33.91667,0.881912887096405,45,1,,,,0.22,0.1216338405453179,0.3494213112229354,,,,,,
ComPACT_G340.537-29.481,295.95,-56.95,0.9369480013847352,57,1,0.25,phot,ACT-MCMF,,,,,,,,5.911220609412296,ACTDR6
ComPACT_G357.612-67.171,349.06667,-38.30833,0.9889100193977356,65,1,,,,,,,,,,,,
ComPACT_G222.897+28.850,132.88333,4.88333,0.9847069382667542,32,1,0.391,spec,ACT-MCMF,0.41,0.1405768157122116,8.839057909069135,0.3938,0.0449941521393726,0.995,0.959,3.713273820363824,ACTDR6
ComPACT_G347.559-35.261,306.30833,-51.3,0.8240588903427124,21,3,,,,0.19,0.1186428444663346,0.939519998209364,,,,,,
ComPACT_G179.043-25.559,63.54167,14.53333,0.9560967087745668,24,3,,,,,,,,,,,,
ComPACT_G359.434+69.780,210.21667,14.95833,0.9900475144386292,36,1,0.634,spec,ACTDR6,0.62,0.1615137882650942,1.2750817950204385,0.6539,0.0533906071339564,0.991,0.99,3.154640648174145,ACTDR6
ComPACT_G260.908-35.286,79.35833,-53.425,0.9595739841461182,39,1,0.355,phot,ACT-MCMF,0.34,0.1335978248612508,4.909196196032554,0.3459,0.0434478615040764,0.987,0.987,3.5499507390503924,PSZ-MCMF
ComPACT_G52.779-15.938,306.35833,9.51667,0.9861657619476318,29,2,,,,,,,,,,,,
ComPACT_G167.952-59.935,33.68333,-4.55833,0.9603865742683412,67,1,0.14,spec,ACTDR6,0.15,0.114654849694357,1.4193232362276629,0.1503,0.0371335723962694,1.0,0.924,4.309999942779541,PSZ2
ComPACT_G220.617-37.213,71.04167,-21.75,0.9844251871109008,31,1,0.45,phot,zCluster,0.45,0.1445648104841893,4.209793380384954,,,,,3.2393268416774146,yact
ComPACT_G225.849+53.639,156.225,14.43333,0.8541727662086487,26,2,,,,0.16,0.1156518483873514,0.4240050114970659,,,,,,
ComPACT_G324.835+66.694,201.38333,5.28333,0.943245768547058,70,1,,,,0.22,0.1216338405453179,0.8018465896768123,,,,,,
ComPACT_G152.208-38.916,36.51667,18.51667,0.9463436603546144,35,1,,,,0.53,0.1525408000281445,0.7105457624291984,,,,,,
ComPACT_G12.030+35.046,242.75,0.10833,0.9996110796928406,50,1,0.933,phot,ACTDR6,0.95,0.1944147451339097,12.409299723693916,,,,,7.035334133407635,ACTDR6
ComPACT_G256.611+50.064,165.16667,-2.575,0.9991312623023988,55,1,0.396,spec,ACT-MCMF,0.39,0.1385828183262228,16.0317901642202,0.4163,0.0457204890766204,1.0,0.995,5.029263,ComPRASS
ComPACT_G211.860+41.775,141.05,18.43333,0.849695086479187,25,3,,,,0.26,0.1256218353172955,1.4432124675362252,,,,,,
ComPACT_G20.654+38.045,243.78333,7.58333,0.9991812109947203,73,1,0.338,spec,ACT-MCMF,0.34,0.1335978248612508,13.55082563331806,0.3325,0.0430152875058933,0.997,0.985,5.610000133514404,PSZ2
ComPACT_G104.380-44.683,359.23333,16.21667,0.9818649291992188,33,1,0.422,spec,ACT-MCMF,0.43,0.1425708130982004,6.645866038685244,,,,,2.7361740163578268,ACTDR6
ComPACT_G217.332+20.551,123.15,5.51667,0.9705243706703186,23,3,,,,0.53,0.1525408000281445,0.8853190627147725,,,,,,
ComPACT_G359.111+49.859,225.25833,1.675,0.935685932636261,21,3,0.007,spec,MCXC2,0.54,0.1535377987211389,0.573902874584832,,,,,0.2933000028133392,MCXC2
ComPACT_G5.871-28.253,299.775,-34.925,0.9635865688323976,27,2,0.173,spec,MCXC2,,,,,,,,4.289999961853027,PSZ2
ComPACT_G80.811-35.399,338.21667,15.9,0.930166482925415,23,3,,,,,,,,,,,,
ComPACT_G14.487-18.465,292.01667,-24.3,0.9090819954872132,21,3,,,,,,,,,,,,
ComPACT_G244.415-46.594,63.36667,-40.59167,0.9860234260559082,29,2,,,,0.76,0.175471769967016,1.049511988277139,,,,,,
ComPACT_G106.637-62.940,5.525,-1.0,0.9944320321083068,32,1,,,,0.28,0.1276158327032843,0.4244308278446296,,,,,,
ComPACT_G143.918-60.374,23.05833,0.825,0.9522095322608948,35,1,0.293,spec,MaDCoWS_II,0.15,0.114654849694357,0.3073803165601863,0.3281,0.0428732482826093,0.995,0.965,2.834064558306128,yact
ComPACT_G149.920-57.215,27.1,2.64167,0.9888774752616882,35,1,,,,0.6,0.1595197908791054,0.7285463714266096,,,,,,
ComPACT_G21.428-39.427,316.04167,-25.25833,0.994872510433197,38,1,0.185,spec,ACT-MCMF,,,,,,,,3.5477662300083885,ACTDR6
ComPACT_G214.842+17.393,119.25,6.2,0.97806978225708,31,1,0.394,spec,REDMAPPER-DES-SDSS,0.5,0.1495498039491613,1.036313782653787,,,,,4.163061164503985,yact
ComPACT_G252.958+60.872,170.80833,6.875,0.9425063133239746,23,3,,,,0.81,0.180456763431988,2.0150028329999974,,,,,,
ComPACT_G199.212-26.732,73.05833,-0.95,0.9695370197296144,25,3,,,,0.53,0.1525408000281445,1.144634478000108,,,,,,
ComPACT_G212.361-66.202,39.16667,-24.43333,0.9438634514808656,23,3,,,,0.68,0.1674957804230607,2.715443227298773,,,,,,
ComPACT_G336.336-59.124,346.43333,-50.59167,0.9210838079452516,35,1,,,,0.78,0.1774657673530048,2.266076845469588,,,,,,
ComPACT_G126.912-62.841,14.675,-0.025,0.8774816393852234,23,3,,,,0.48,0.1475558065631725,2.527668474795555,,,,,,
ComPACT_G273.521-61.929,33.975,-50.1,0.9834585189819336,31,1,0.537,phot,ACTDR6,0.53,0.1525408000281445,5.284497779667361,0.5354,0.049565232597785,0.998,0.982,5.095679245022252,PSZ-MCMF
ComPACT_G260.018-62.528,39.15833,-44.85,0.9779144525527954,29,2,0.21,phot,ACTDR5,0.19,0.1186428444663346,1.2594720199341445,0.2216,0.0394352534463034,0.994,0.956,2.3913209231960004,ACTDR6
ComPACT_G73.052-24.132,325.025,19.69167,0.9187242984771729,21,3,,,,0.74,0.1734777725810271,2.159891350606334,,,,,,
ComPACT_G107.709-55.698,4.3,6.15833,0.977194845676422,23,3,,,,0.17,0.1166488470803458,0.64218144432273,,,,,,
ComPACT_G263.160+78.621,185.225,18.18333,0.989971399307251,54,1,0.429,spec,MCXC2,0.44,0.1435678117911948,6.015903190465111,,,,,2.608805156199016,ACTDR6
ComPACT_G217.049+33.870,135.14167,11.6,0.8206929564476013,40,1,,,,0.48,0.1475558065631725,1.44012736316028,,,,,,
ComPACT_G142.202-53.250,24.35833,7.89167,0.989354133605957,44,1,0.257,spec,ACTDR6,0.38,0.1375858196332284,7.464440964730642,0.3853,0.0447197581853013,1.0,0.995,6.050000190734863,PSZ2
ComPACT_G316.672+66.070,198.4,3.79167,0.8442792296409607,34,1,1.795,phot,MaDCoWS_II,0.6,0.1595197908791054,3.3359539130104734,,,,,,
ComPACT_G141.895-62.755,21.41667,-1.15,0.9321949481964112,33,1,0.63,phot,MaDCoWS_II,0.5700000000000001,0.1565287948001222,1.935352624350854,,,,,,
ComPACT_G18.693-67.782,347.73333,-30.325,0.9973614811897278,34,1,0.369,spec,ACTDR5,,,,,,,,3.726122474712513,ACTDR6
ComPACT_G238.270-43.292,67.41667,-36.15,0.9613072276115416,33,1,,,,0.18,0.1176458457733402,0.4455001624216548,,,,,,
ComPACT_G25.034-41.458,319.00833,-23.175,0.9981006979942322,82,1,0.337,phot,ACTDR6,,,,,,,,6.21999979019165,PSZ2
ComPACT_G221.675+64.404,165.70833,20.65833,0.969742238521576,23,3,,,,0.64,0.1635077856510831,0.8177800945789759,,,,,,
ComPACT_G16.934-46.350,322.88333,-29.95,0.9869672656059264,22,3,0.66,phot,ACTDR6,,,,,,,,4.42858134677754,ACTDR6
ComPACT_G70.736-23.181,322.75833,18.78333,0.9668452143669128,50,1,0.549,phot,ACTDR6,0.55,0.1545347974141334,0.4922767888111801,,,,,3.439170012709916,ACTDR6
ComPACT_G256.643-58.977,44.68333,-45.05,0.9643634557724,24,3,0.155,phot,ACTDR6,0.16,0.1156518483873514,1.4785015769400882,0.1881,0.0383538184508456,0.985,0.874,2.4873653146045105,ACTDR6
ComPACT_G20.551+35.534,245.95833,6.3,0.9841731786727904,39,1,0.224,spec,ACTDR6,0.22,0.1216338405453179,6.96898039299333,0.2306,0.0397257882212024,0.991,0.88,4.03685,ComPRASS
ComPACT_G218.841+35.524,137.30833,10.975,0.9984536170959472,49,1,0.176,spec,ACT-MCMF,0.17,0.1166488470803458,4.057330622580792,0.1747,0.0379212444526625,1.0,0.997,5.420000076293945,PSZ2
ComPACT_G223.176-58.100,48.975,-28.08333,0.8653317093849182,21,3,,,,0.15,0.114654849694357,0.2013387998618665,,,,,,
ComPACT_G36.340+33.147,253.825,17.075,0.9843028783798218,28,2,0.323,spec,ACTDR6,0.32,0.131603827475262,5.222669709354773,0.3207,0.0426343641343589,0.994,0.983,3.274549162877732,ACTDR6
ComPACT_G237.883+60.312,165.51667,12.13333,0.8941023945808411,25,3,,,,0.14,0.1136578510013626,0.1637960038983188,,,,,,
ComPACT_G82.452-49.559,347.84167,5.28333,0.998551070690155,71,1,0.409,spec,ACT-MCMF,0.39,0.1385828183262228,10.026015552058384,0.399,0.045162016675981,1.0,0.996,4.830074,ComPRASS
ComPACT_G269.973-57.223,41.41667,-51.96667,0.927195131778717,28,2,,,,0.17,0.1166488470803458,0.2430970869542967,,,,,,
ComPACT_G29.459+52.710,232.7,19.275,0.9947174191474916,38,1,0.32,spec,ACTDR6,0.31,0.1306068287822676,5.2439869826633245,0.3126,0.0423728828369497,0.999,0.979,3.959677045682238,ACTDR6
ComPACT_G11.993-69.021,349.45833,-32.65833,0.9999837875366212,59,1,1.053,phot,ACTDR5,,,,,,,,8.321316089074978,ACTDR6
ComPACT_G23.040+31.213,250.775,6.05833,0.9636952877044678,35,1,0.52,phot,zCluster,0.52,0.1515438013351501,3.508779217872976,,,,,2.7764438402833576,yact
ComPACT_G215.109-63.020,42.85833,-24.94167,0.9903761744499208,29,2,0.113,spec,RASS-MCMF,0.15,0.114654849694357,0.8357868771365617,0.1155,0.0360101712666596,1.0,0.995,2.7927399460767472,PSZ-MCMF
ComPACT_G115.228-72.036,10.45833,-9.30833,0.9879448413848876,68,1,0.055,spec,ACT-MCMF,0.53,0.1525408000281445,0.6155984756428443,0.0512,0.0339344617082139,0.993,0.906,4.920000076293945,PSZ2
ComPACT_G247.145-23.308,94.125,-39.79167,0.9721280932426452,41,1,0.152,spec,ACT-MCMF,0.15,0.114654849694357,3.140311923645929,0.1644,0.0375887435436113,0.997,0.983,4.079999923706055,PSZ2
ComPACT_G14.135-61.098,339.99167,-32.53333,0.9977723956108092,43,1,0.447,phot,ACTDR5,,,,,,,,4.266414103250991,ACTDR6
ComPACT_G183.145-21.009,69.64167,14.43333,0.9868969321250916,51,1,,,,,,,,,,,,
ComPACT_G210.430-50.886,54.73333,-19.225,0.9178434014320374,26,2,0.54,phot,ACTDR6,0.56,0.1555317961071278,2.800646887424223,0.5783,0.050950115024804,1.0,0.997,3.361651243216601,ACTDR6
ComPACT_G225.097+45.378,148.45,11.11667,0.8277234435081482,33,1,,,,0.15,0.114654849694357,0.6112583738356456,,,,,,
ComPACT_G267.394-46.232,59.025,-56.125,0.9949764013290404,34,1,0.425,phot,RASS-MCMF,0.41,0.1405768157122116,6.924279269871473,0.4078,0.045446095122549,0.999,0.992,4.659999847412109,PSZ2
ComPACT_G72.208-69.462,356.65833,-13.25833,0.929223895072937,32,1,,,,0.7100000000000001,0.1704867765020439,2.899753811804672,,,,,,
ComPACT_G193.009-58.729,42.975,-13.43333,0.9673223495483398,21,3,0.296,spec,ACTDR6,0.3,0.1296098300892731,6.497977888159891,0.3067,0.0421824211511825,0.999,0.979,4.597196343648489,PSZ-MCMF
ComPACT_G180.635-74.529,26.59167,-18.21667,0.9988197684288024,64,1,0.25,spec,ACT-MCMF,0.24,0.1236278379313067,11.108373135146495,0.2535,0.0404650378151124,0.999,0.993,4.922312895304953,ACTDR6
ComPACT_G181.092-28.665,62.3,11.14167,0.998817503452301,48,1,0.245,phot,ACTDR6,,,,,,,,7.611813673294644,ACTDR6
ComPACT_G133.143-68.896,16.54167,-6.31667,0.9992135763168336,57,1,0.635,spec,ACTDR6,0.63,0.1625107869580886,6.877091045998515,0.6254,0.0524705803467759,1.0,0.986,5.976922819163441,ACTDR6
ComPACT_G268.436-43.620,63.03333,-57.73333,0.9830312728881836,33,1,0.315,phot,PSZ-MCMF,0.32,0.131603827475262,2.9111838651715303,0.3392,0.0432315745049848,1.0,0.979,4.400000095367432,PSZ2
ComPACT_G244.976-39.152,73.2,-40.85,0.8704143762588501,21,3,,,,0.17,0.1166488470803458,0.2021783078872021,,,,,,
ComPACT_G34.757+36.051,250.5,16.93333,0.9465751051902772,21,3,0.242,spec,ACT-MCMF,0.24,0.1236278379313067,3.555771603751359,0.2475,0.0402713479651796,0.988,0.986,1.638175536061181,ACTDR5
ComPACT_G246.695+72.103,177.41667,16.375,0.9900836944580078,39,1,0.835,spec,ACTDR6,0.78,0.1774657673530048,3.4045332851186147,0.8136,0.0585459853063325,1.0,0.951,3.604588439931422,ACTDR6
ComPACT_G276.987-51.599,44.4,-58.7,0.9837709665298462,41,1,0.424,phot,ACTDR6,0.42,0.141573814405206,12.086153626525244,0.3466,0.0434704586532352,0.991,0.976,3.248094,PSZSPT
ComPACT_G295.200-57.000,21.19167,-59.625,0.912775218486786,27,2,0.217,phot,PSZ1,0.2,0.119639843159329,5.773456271154609,0.2183,0.0393287240288404,0.999,0.933,3.849999904632568,PSZ2
ComPACT_G152.315-78.388,18.78333,-16.89167,0.9929950833320618,42,1,,,,0.17,0.1166488470803458,0.4978073727265908,,,,,,
ComPACT_G220.933+20.991,125.1,2.73333,0.962369441986084,30,2,,,,0.32,0.131603827475262,0.4677758479415603,,,,,,
ComPACT_G3.165+45.962,229.98333,1.18333,0.8476846814155579,21,3,,,,0.29,0.1286128313962787,1.0951959756727452,,,,,,
ComPACT_G84.150-35.398,340.48333,17.54167,0.99946790933609,74,1,0.313,spec,ACT-MCMF,0.3,0.1296098300892731,12.746553111852718,0.3203,0.0426214514776967,1.0,0.995,5.5,PSZ2
ComPACT_G15.773-28.734,303.15833,-26.70833,0.9785848259925842,35,1,0.149,spec,PSZ2,,,,,,,,3.259999990463257,PSZ2
ComPACT_G157.371-78.633,19.575,-17.6,0.9624093174934388,23,3,,,,0.18,0.1176458457733402,0.4181889632183957,,,,,,
ComPACT_G5.319+36.558,238.34167,-3.425,0.8117371797561646,34,1,,,,,,,,,,,,
ComPACT_G350.705-27.327,294.56667,-47.79167,0.9885812401771544,29,2,0.267,spec,MCXC2,,,,,,,,3.841125047758765,ACTDR6
ComPACT_G162.491-44.042,40.575,10.15,0.990031123161316,42,1,0.3976,phot,zaznobin,0.43,0.1425708130982004,2.530099509278844,0.3976,0.0451168223776634,0.985,0.985,2.2209147886401004,yact
ComPACT_G249.255+51.545,162.775,1.675,0.9723575115203856,26,2,1.1,phot,MaDCoWS_II,0.65,0.1645047843440774,0.7120963338548059,,,,,,
ComPACT_G214.818+51.933,151.9,19.93333,0.9944674968719482,47,1,0.308,spec,ACTDR5,0.31,0.1306068287822676,4.525629781160474,0.2981,0.0419047990329456,0.99,0.919,3.448686884309825,ACTDR6
ComPACT_G175.492-47.863,45.05833,1.425,0.998984158039093,50,1,1.245,phot,ACT-MCMF,0.16,0.1156518483873514,0.3120178650530667,,,,,4.898566485950721,ACTDR6
ComPACT_G345.783-22.357,285.53333,-50.975,0.9467551708221436,23,3,,,,,,,,,,,,
ComPACT_G263.559+65.878,177.69167,7.75833,0.942284107208252,29,2,,,,0.76,0.175471769967016,1.9841511130585467,,,,,,
ComPACT_G38.408-39.323,320.675,-12.9,0.989086389541626,30,2,0.606,phot,ACT-MCMF,0.63,0.1625107869580886,2.611274894121391,0.6589,0.0535520153422337,0.994,0.968,3.4721786330027213,ACTDR5
ComPACT_G333.418-56.976,345.4,-53.15833,0.9668794870376588,24,3,0.367,phot,SPTDEEP,0.16,0.1156518483873514,0.4090390475720646,,,,,1.996410456606008,SPTDEEP
ComPACT_G207.610+16.535,115.425,12.05833,0.975191295146942,27,2,0.281,phot,ACTDR6,0.26,0.1256218353172955,7.185621479166809,0.2744,0.0411397241257114,0.983,0.947,3.2858797440244336,ACTDR6
ComPACT_G51.374-49.324,334.05833,-9.34167,0.9946585297584534,40,1,0.084,spec,ACTDR6,0.14,0.1136578510013626,0.2771179023214467,,,,,3.917392,ComPRASS
ComPACT_G72.593-43.246,338.55,5.81667,0.9789522886276244,31,1,0.162,spec,RASS-MCMF,0.15,0.114654849694357,3.3657921947161435,0.162,0.0375112676036383,1.0,0.991,4.289999961853027,PSZ2
ComPACT_G220.435+42.563,144.35,12.875,0.9891317486763,46,1,0.18,spec,ACT-MCMF,0.17,0.1166488470803458,5.742500173159907,0.1853,0.0382634298542104,1.0,0.993,2.148654,ComPRASS
ComPACT_G104.041-51.090,0.94167,10.025,0.9989521503448486,55,1,0.369,spec,ACTDR5,0.38,0.1375858196332284,27.198154788996785,0.3927,0.0449586423335516,1.0,0.994,5.034956,ComPRASS
ComPACT_G192.227-34.924,62.94167,-0.175,0.994870662689209,50,1,0.387,phot,ACTDR5,0.42,0.141573814405206,19.222236328592828,0.4154,0.0456914355991305,1.0,0.996,5.148692,ComPRASS
ComPACT_G163.670-63.496,29.89167,-6.15,0.9157066345214844,22,3,,,,0.15,0.114654849694357,0.8121329419291254,,,,,,
ComPACT_G34.013-76.599,357.90833,-26.08333,0.9993621706962584,71,1,0.226,spec,PSZ1,,,,,,,,7.559999942779541,PSZ2
ComPACT_G266.711-34.072,81.25,-58.23333,0.973308801651001,42,1,0.294,phot,MARD-Y3,0.31,0.1306068287822676,13.394942411385234,0.3063,0.0421695084945204,0.996,0.966,3.3475815432781246,PSZ-MCMF
ComPACT_G246.567+45.569,157.2,-1.11667,0.9760625958442688,28,2,0.724,spec,ACTDR6,0.64,0.1635077856510831,3.743267046633701,,,,,3.350059381929698,ACTDR6
ComPACT_G342.759-26.081,290.45833,-54.525,0.968394935131073,22,3,0.316,phot,ACT-MCMF,,,,,,,,4.401131616874802,ACTDR6
ComPACT_G332.720+71.232,202.21667,10.55833,0.8265420794487,36,1,,,,0.64,0.1635077856510831,1.151312449176677,,,,,,
ComPACT_G161.930-48.166,37.875,6.98333,0.9985693693161012,67,1,0.22,spec,PSZ2,0.24,0.1236278379313067,9.688284332781766,0.233,0.0398032641611755,0.999,0.99,6.539999961853027,PSZ2
ComPACT_G18.688-18.442,293.64167,-20.60833,0.9401960968971252,22,3,,,,,,,,,,,,
ComPACT_G356.062-71.507,354.33333,-37.0,0.9711396098136902,45,1,,,,,,,,,,,,
ComPACT_G89.690-56.828,355.4,1.46667,0.98845636844635,31,1,0.806,phot,zaznobin,0.68,0.1674957804230607,0.6900039378674936,0.806,0.0583006448297511,0.998,0.984,3.642571330291191,yact
ComPACT_G302.623-60.169,13.14167,-56.95833,0.9919122457504272,28,2,0.313,phot,ACTDR5,0.31,0.1306068287822676,6.578255844380895,0.3327,0.0430217438342244,0.995,0.926,4.086249817421071,PSZ-MCMF
ComPACT_G31.218-56.655,336.11667,-23.3,0.8854273557662964,26,2,,,,,,,,,,,,
ComPACT_G236.687-63.363,42.775,-34.63333,0.8711328506469727,22,3,0.32,phot,zCluster,0.32,0.131603827475262,3.459157088627601,,,,,1.969609129445896,yact
ComPACT_G70.049-26.636,325.0,16.0,0.9686288833618164,37,1,0.365,phot,ACT-MCMF,0.37,0.136588820940234,9.907233150574468,,,,,3.6020990894041294,ACTDR6
ComPACT_G219.493+46.649,147.9,15.175,0.9508049488067628,22,3,,,,0.14,0.1136578510013626,0.2055696635976784,,,,,,
ComPACT_G22.060+21.051,259.28333,0.40833,0.9525560736656188,22,3,,,,,,,,,,,,
ComPACT_G233.949+43.427,150.0,4.68333,0.9737866520881652,26,2,,,,0.18,0.1176458457733402,0.4110960113203166,,,,,,
ComPACT_G251.990-34.045,80.84167,-46.05,0.9551196694374084,28,2,0.217,phot,ACT-MCMF,0.21,0.1206368418523234,5.453438635242069,0.2286,0.0396612249378915,0.999,0.986,3.093799288767573,PSZ-MCMF
ComPACT_G195.237-54.001,47.8,-12.11667,0.9753226637840272,36,1,0.079,phot,PSZ-MCMF,0.15,0.114654849694357,0.1891202799588558,0.0743,0.0346801676304549,0.983,0.947,1.8767739129162413,PSZ-MCMF
ComPACT_G215.106+37.417,137.8,14.49167,0.9143078327178956,24,3,,,,0.25,0.1246248366243011,0.9480119858039148,,,,,,
ComPACT_G55.732-67.518,351.25,-16.825,0.8810803890228271,27,2,,,,,,,,,,,,
ComPACT_G32.654-74.840,355.91667,-26.18333,0.9546132683753968,22,3,,,,,,,,,,,,
ComPACT_G193.055-15.400,79.80833,9.825,0.9906004667282104,24,3,,,,,,,,,,,,
ComPACT_G345.612-36.766,308.8,-52.85,0.997747004032135,64,1,0.528,spec,SPT-MCMF,0.51,0.1505468026421557,6.261181013518784,0.5184,0.0490164446896423,1.0,0.996,6.918759142838952,PSZ-MCMF
ComPACT_G345.809+62.620,211.2,6.025,0.8645336627960205,32,1,,,,0.59,0.158522792186111,0.6292281166555707,,,,,,
ComPACT_G115.019-48.263,7.43333,14.275,0.8998064994812012,26,2,0.207,spec,REDMAPPER-DES-SDSS,0.26,0.1256218353172955,1.7737669994284095,,,,,2.399674,ComPRASS
ComPACT_G256.182-47.373,60.91667,-48.45833,0.9871188402175904,32,1,0.37,phot,ACTDR6,0.34,0.1335978248612508,4.058746729181433,0.36,0.0439030326514183,0.995,0.981,2.7513380503451645,ACTDR6
ComPACT_G23.512-62.186,341.4,-28.11667,0.987643837928772,24,3,,,,,,,,,,,,
ComPACT_G156.199-57.250,30.125,1.09167,0.9818853735923768,31,1,0.341,spec,MaDCoWS_II,0.15,0.114654849694357,0.351221981237384,0.3422,0.0433284194299512,0.995,0.96,,
ComPACT_G107.380-49.298,2.55,12.325,0.98464834690094,22,3,0.175,spec,ACTDR6,0.18,0.1176458457733402,2.03454637217317,0.1811,0.0381278469592574,0.999,0.921,3.5355325950947125,ACTDR6
ComPACT_G192.734-27.037,69.76667,3.80833,0.9912125468254088,21,3,0.2,phot,ACT-MCMF,,,,,,,,4.891802863108912,ACTDR6
ComPACT_G358.257+57.226,219.46667,6.275,0.9997411370277404,78,1,0.54,spec,RASS-MCMF,0.54,0.1535377987211389,4.952675105726789,0.5436,0.0498299420593598,1.0,0.994,6.835572,ComPRASS
ComPACT_G256.681-68.862,32.84167,-40.33333,0.9427163600921632,24,3,0.101,spec,MCXC2,0.15,0.114654849694357,0.2596534518169415,,,,,2.0470539588721266,PSZ-MCMF
ComPACT_G183.313-86.677,16.05833,-25.45,0.986424684524536,21,3,,,,0.76,0.175471769967016,1.0551926010783008,,,,,,
ComPACT_G38.147-38.102,319.45,-12.575,0.9860230684280396,22,3,,,,0.16,0.1156518483873514,0.3604094000492479,,,,,,
ComPACT_G286.472+74.311,188.36667,12.01667,0.9818492531776428,32,1,,,,0.51,0.1505468026421557,0.5536902458381494,,,,,,
ComPACT_G38.528-39.066,320.475,-12.70833,0.975407600402832,21,3,0.177,phot,RASS-MCMF,0.16,0.1156518483873514,2.304108320184979,0.1858,0.0382795706750381,1.0,0.991,2.059,RASS-MCMF
ComPACT_G58.389-30.319,321.29167,5.74167,0.9838159680366516,22,3,0.59,spec,ACT-MCMF,0.5800000000000001,0.1575257934931166,1.905133605655976,0.5744,0.0508242166223478,1.0,0.991,6.114749044662863,ACTDR6
ComPACT_G44.170-15.335,301.60833,2.675,0.995858371257782,47,1,,,,,,,,,,,,
ComPACT_G319.088-64.860,2.05833,-50.89167,0.9184383153915404,25,3,,,,0.16,0.1156518483873514,0.3025602805980552,,,,,,
ComPACT_G208.001+25.235,123.75,15.28333,0.8583052158355713,35,1,0.339,spec,REDMAPPER-DES-SDSS,0.34,0.1335978248612508,5.383459784454272,0.3355,0.0431121324308596,0.993,0.987,4.048319913938638,yact
ComPACT_G255.948-52.531,53.55833,-46.99167,0.9986203908920288,65,1,0.485,spec,ACTDR5,0.47,0.1465588078701781,11.361036019677046,0.4811,0.0478123394558938,1.0,0.994,4.080546,PSZSPT
ComPACT_G245.531-46.765,63.1,-41.35,0.9801619052886964,25,3,,,,0.12,0.1116638536153738,0.2346091147065834,,,,,,
ComPACT_G351.706-54.746,334.74167,-45.30833,0.9988123178482056,56,1,0.637,spec,ACTDR5,0.6,0.1595197908791054,6.804546139485224,0.6605,0.0536036659688824,1.0,0.997,6.320000171661377,PSZ2
ComPACT_G43.182-47.673,329.94167,-13.325,0.9885085225105286,22,3,,,,0.35,0.1345948235542452,0.6584436090221859,,,,,,
ComPACT_G53.983-60.556,344.65833,-13.88333,0.99957674741745,69,1,0.535,phot,ACT-MCMF,0.53,0.1525408000281445,8.8121764167308,0.5317,0.0494457905236598,1.0,0.994,8.92267448630225,ACTDR6
ComPACT_G47.120-41.600,325.79167,-8.025,0.9649348258972168,21,3,0.3,phot,zCluster,0.3,0.1296098300892731,4.817929743510504,,,,,4.244467020794711,yplanck
ComPACT_G94.531-69.660,3.225,-8.94167,0.9891716837882996,81,1,0.338,spec,ACT-MCMF,0.33,0.1326008261682564,4.04294632265923,0.3431,0.0433574729074411,1.0,0.996,5.349999904632568,PSZ2
ComPACT_G286.507+70.978,187.50833,8.79167,0.901588261127472,26,2,,,,0.27,0.1266188340102899,0.6753258927542962,,,,,,
ComPACT_G229.170-43.563,66.03333,-29.64167,0.9918346405029296,40,1,0.295,phot,MARD-Y3,0.16,0.1156518483873514,0.2086314781016245,0.3038,0.0420888043903817,0.986,0.94,,
ComPACT_G24.313-17.823,295.28333,-15.45833,0.9831472039222716,26,2,,,,,,,,,,,,
ComPACT_G268.701-67.416,30.55833,-44.71667,0.9787091612815856,31,1,0.065,spec,RASS-MCMF,,,,,,,,0.7560999989509583,MCXC2
ComPACT_G166.509-44.740,42.48333,7.875,0.97124844789505,27,2,,,,0.64,0.1635077856510831,1.00300224694617,,,,,,
ComPACT_G108.875-69.577,7.95833,-7.24167,0.972507894039154,31,1,,,,0.19,0.1186428444663346,0.2733440019006254,,,,,,
ComPACT_G227.656-48.562,60.16667,-29.44167,0.9996753931045532,63,1,0.783,phot,ACTDR5,0.78,0.1774657673530048,9.04922719753131,,,,,8.355880092981193,ACTDR6
ComPACT_G294.005+62.133,188.7,-0.45,0.9719823598861694,23,3,,,,0.16,0.1156518483873514,0.424043165084351,,,,,,
ComPACT_G227.307-37.714,72.16667,-26.98333,0.8816072940826416,21,3,,,,0.32,0.131603827475262,0.4496022643414101,,,,,,
ComPACT_G242.906+38.122,149.775,-3.91667,0.9840422868728638,32,1,,,,0.5700000000000001,0.1565287948001222,1.0689504413635325,,,,,,
ComPACT_G312.990+60.047,197.86667,-2.43333,0.9594119787216188,33,1,,,,0.18,0.1176458457733402,0.2780624368367663,,,,,,
ComPACT_G249.867+78.300,182.94167,19.75833,0.936778485774994,31,1,,,,0.15,0.114654849694357,0.2861299740774714,,,,,,
ComPACT_G30.324+37.393,247.8,14.16667,0.9846125841140748,25,3,0.28,spec,ACTDR6,0.29,0.1286128313962787,4.542552876619975,0.2862,0.0415206474972457,0.988,0.972,2.946096205232798,ACTDR6
ComPACT_G247.726+61.752,169.66667,9.28333,0.9843997955322266,36,1,,,,0.16,0.1156518483873514,0.3750734436845202,,,,,,
ComPACT_G69.317-54.802,345.14167,-3.91667,0.95612370967865,26,2,,,,0.59,0.158522792186111,0.949471237466416,,,,,,
ComPACT_G295.492+63.455,189.54167,0.775,0.8830375671386719,29,2,,,,0.16,0.1156518483873514,0.3658453440045055,,,,,,
ComPACT_G353.842-59.951,341.04167,-42.50833,0.9563982486724854,28,2,,,,0.59,0.158522792186111,0.7661264013819054,,,,,,
ComPACT_G204.423+33.804,130.975,21.29167,0.9683946371078492,34,1,,,,0.66,0.1655017830370719,1.3818102611837992,,,,,,
ComPACT_G186.607-61.896,38.48333,-12.49167,0.8989093899726868,24,3,0.448,phot,ACTDR6,0.43,0.1425708130982004,9.96185974602482,0.4427,0.0465727244163244,0.992,0.951,5.66815251049572,PSZ-MCMF
ComPACT_G144.152-59.085,23.58333,2.00833,0.9768944382667542,39,1,,,,0.65,0.1645047843440774,1.6695124940835455,,,,,,
ComPACT_G87.020-57.360,354.41667,0.275,0.9996932744979858,86,1,0.278,spec,MCXC2,0.29,0.1286128313962787,7.291270646481015,0.2861,0.0415174193330802,0.998,0.995,7.329999923706055,PSZ2
ComPACT_G160.819-70.631,24.85,-11.375,0.997928500175476,56,1,0.265,phot,ACT-MCMF,0.27,0.1266188340102899,21.028340197596904,0.2793,0.0412979041698231,0.998,0.993,4.960000038146973,PSZ2
ComPACT_G347.757+64.108,210.95833,7.73333,0.9501692056655884,26,2,,,,0.59,0.158522792186111,1.9485228629628133,,,,,,
ComPACT_G234.887-49.967,59.075,-34.275,0.998571753501892,55,1,0.325,phot,ACT-MCMF,0.33,0.1326008261682564,14.123433496404106,0.3428,0.0433477884149445,1.0,0.989,4.9621842523367485,PSZ-MCMF
ComPACT_G41.533-66.767,348.075,-21.5,0.9991639852523804,49,1,0.109,spec,ACTDR5,,,,,,,,2.7100000381469727,PSZ2
ComPACT_G240.851-38.531,73.59167,-37.59167,0.9990894794464112,69,1,0.518,phot,ACT-MCMF,0.51,0.1505468026421557,3.5878450069736605,0.516,0.0489389687496692,0.998,0.987,5.819178396893515,PSZ-MCMF
ComPACT_G177.209-42.107,50.03333,4.575,0.9715365767478944,28,2,,,,,,,,,,,,
ComPACT_G351.318+56.516,217.25833,3.10833,0.9986953139305116,59,1,0.588,spec,ACTDR5,0.5800000000000001,0.1575257934931166,4.364755901468558,0.5868,0.0512245089788754,0.992,0.98,3.672455107659896,ACTDR6
ComPACT_G304.806+69.896,193.50833,7.03333,0.9954841136932372,46,1,0.346,spec,RASS-MCMF,0.35,0.1345948235542452,10.561738429645928,0.3529,0.0436738329956645,0.986,0.972,4.820000171661377,PSZ2
ComPACT_G89.797-39.541,346.775,16.525,0.9971197843551636,80,1,0.247,spec,ACT-MCMF,0.23,0.1226308392383123,11.049579760290417,0.2467,0.0402455226518553,0.999,0.986,6.059999942779541,PSZ2
ComPACT_G241.015-30.444,83.59167,-36.31667,0.9191648364067078,24,3,0.4984,phot,zaznobin,0.48,0.1475558065631725,3.61539425089025,0.4984,0.0483708118565332,0.998,0.965,5.017510610767618,yact
ComPACT_G223.131-22.453,86.6,-18.65,0.9869758486747742,25,3,,,,0.21,0.1206368418523234,0.5867405140063664,,,,,,
ComPACT_G203.413-24.824,76.575,-3.31667,0.9596382975578308,44,1,,,,,,,,,,,,
ComPACT_G10.521-36.818,310.9,-33.01667,0.9881779551506042,23,3,,,,,,,,,,,,
ComPACT_G203.124+20.839,117.7,17.69167,0.9948818683624268,42,1,0.184,spec,PSZ2,0.18,0.1176458457733402,4.413408588037088,0.1857,0.0382763425108725,1.0,0.992,3.5199999809265137,PSZ2
ComPACT_G143.346-43.044,28.35,17.35833,0.9997958540916444,73,1,0.547,spec,RASS-MCMF,0.54,0.1535377987211389,4.873780452096151,0.5474,0.0499526122976505,0.998,0.989,9.808422387222594,ACTDR6
ComPACT_G75.484-39.635,337.69167,9.94167,0.948894202709198,23,3,,,,0.16,0.1156518483873514,0.2701689532126561,,,,,,
ComPACT_G246.289+58.477,166.71667,7.63333,0.9650405049324036,22,3,0.299,spec,NEURALENS,0.7100000000000001,0.1704867765020439,2.5911064148233613,,,,,4.155869160574328,ACTDR6
ComPACT_G152.101-48.244,32.11667,10.21667,0.9062893390655518,24,3,,,,0.51,0.1505468026421557,1.3992058583257188,,,,,,
ComPACT_G25.074+27.126,255.24167,5.71667,0.9676057696342468,28,2,,,,0.32,0.131603827475262,0.5629175363091199,,,,,,
ComPACT_G127.503-59.706,15.16667,3.08333,0.9771389365196228,29,2,0.998,phot,ACTDR6,0.59,0.158522792186111,1.036047761954726,,,,,2.678198634507354,ACTDR6
ComPACT_G29.941+43.950,241.41667,16.44167,0.9960577487945556,58,1,0.135,spec,REDMAPPER-DES-SDSS,0.15,0.114654849694357,1.294628903095413,0.1397,0.0367913869947216,0.999,0.944,3.301808454130577,ACTDR6
ComPACT_G350.068+60.058,214.41667,5.33333,0.9755936861038208,36,1,,,,0.24,0.1236278379313067,0.5161483757531844,,,,,,
ComPACT_G250.724-37.161,76.29167,-45.24167,0.9750269055366516,36,1,0.2042,phot,zaznobin,0.16,0.1156518483873514,0.6728860829464289,0.2042,0.0388735528814984,0.985,0.984,,
ComPACT_G68.518-28.515,325.5,13.73333,0.8540211915969849,26,2,,,,0.14,0.1136578510013626,0.3068946059206696,,,,,,
ComPACT_G86.312-32.968,340.55,20.55833,0.966955542564392,37,1,,,,0.17,0.1166488470803458,0.6118505201951294,,,,,,
ComPACT_G15.036+31.894,246.75833,0.5,0.9983311295509338,51,1,0.494,spec,ACT-MCMF,0.49,0.1485528052561669,10.087318113383098,0.5087,0.0487033127655844,0.998,0.981,4.735518490918653,ACTDR6
ComPACT_G89.550-49.082,351.50833,8.175,0.9998717308044434,59,1,0.804,spec,ACTDR5,0.81,0.180456763431988,8.615058884516412,0.7692,0.0571126804168303,1.0,0.962,8.75173601853465,ACTDR6
ComPACT_G158.016-61.858,28.61667,-3.35833,0.99980491399765,62,1,0.442,spec,ACTDR5,0.44,0.1435678117911948,8.462100366950834,0.4423,0.0465598117596622,1.0,0.988,6.3879345516091135,PSZ-MCMF
ComPACT_G255.469+69.099,177.25833,12.2,0.9839723110198976,25,3,,,,,,,,,,,,
ComPACT_G178.923-62.995,35.35833,-10.38333,0.9817211627960204,22,3,0.8,phot,MaDCoWS_II,0.15,0.114654849694357,0.7290657830347846,0.1618,0.0375048112753072,0.996,0.991,,
ComPACT_G263.760+80.781,186.68333,19.85,0.9956086277961732,47,1,0.221,spec,RASS-MCMF,0.22,0.1216338405453179,5.248663659751508,0.2276,0.0396289432962361,0.999,0.983,4.199158969458743,ACTDR6
ComPACT_G205.539+18.731,116.63333,14.76667,0.9987680315971376,54,1,0.422,spec,ACTDR6,0.42,0.141573814405206,10.911085704821168,0.4316,0.0462143981939488,0.995,0.993,5.829999923706055,PSZ2
ComPACT_G206.652+20.735,118.96667,14.625,0.949527382850647,23,3,,,,0.56,0.1555317961071278,0.5568513937541364,,,,,,
ComPACT_G355.945+56.785,218.91667,5.05833,0.9534780979156494,27,2,,,,0.64,0.1635077856510831,1.11913193637925,,,,,,
ComPACT_G204.119+19.718,117.00833,16.39167,0.962174117565155,22,3,0.78,phot,zCluster,0.78,0.1774657673530048,5.078811307130468,,,,,4.473194116040469,yplanck
ComPACT_G357.290-34.675,306.15833,-43.30833,0.966812014579773,22,3,0.25,phot,SPT-MCMF,0.24,0.1236278379313067,3.883714889790429,0.2705,0.0410138257232551,0.998,0.981,4.42466117371387,PSZ-MCMF
ComPACT_G63.667-63.816,350.04167,-12.03333,0.9923909306526184,41,1,0.408,phot,ACTDR5,0.41,0.1405768157122116,20.69643936192385,0.4047,0.0453460220334171,0.995,0.981,7.312845677630017,ACTDR6
ComPACT_G165.651-46.295,41.04167,7.01667,0.8446441888809204,21,3,,,,0.67,0.1664987817300663,2.6873348435469944,,,,,,
ComPACT_G162.529-55.762,33.875,0.50833,0.999586284160614,64,1,0.862,spec,ACTDR6,0.78,0.1774657673530048,4.472993319469068,0.8455,0.0595757696751415,1.0,0.984,6.102089143930487,ACTDR6
ComPACT_G258.467+68.170,177.48333,10.78333,0.9975382089614868,53,1,0.308,spec,ACTDR5,0.3,0.1296098300892731,6.752212086300644,0.3126,0.0423728828369497,0.999,0.987,4.207870893270229,ACTDR6
ComPACT_G266.243+70.059,180.89167,10.675,0.928715705871582,31,1,0.317,spec,ACTDR6,0.32,0.131603827475262,2.5498644662422123,0.3191,0.0425827135077102,0.993,0.939,3.2452721673060245,ACTDR6
ComPACT_G38.656-31.129,313.225,-9.19167,0.976571559906006,21,3,,,,0.21,0.1206368418523234,0.5203104515602297,,,,,,
ComPACT_G83.541-32.785,338.425,19.35,0.9759337306022644,37,1,0.662,spec,ACTDR6,0.55,0.1545347974141334,3.3001103345430582,0.6712,0.0539490795345958,0.995,0.975,3.913445192392193,ACTDR6
ComPACT_G285.108+67.559,186.11667,5.625,0.954245626926422,22,3,,,,0.14,0.1136578510013626,0.2894253293894007,,,,,,
ComPACT_G196.649-23.329,74.8,2.78333,0.8708086013793945,24,3,,,,,,,,,,,,
ComPACT_G142.432-56.962,23.375,4.30833,0.9686527252197266,39,1,0.695,phot,MaDCoWS_II,0.7000000000000001,0.1694897778090495,1.853392511213312,0.7324,0.0559247160039096,0.985,0.971,,
ComPACT_G273.371+75.337,185.45833,14.19167,0.8542030453681946,45,1,,,,0.17,0.1166488470803458,0.2707040890846937,,,,,,
ComPACT_G2.166-68.271,349.60833,-36.30833,0.9980756044387816,48,1,0.14,spec,ACTDR5,,,,,,,,2.8399999141693115,PSZ2
ComPACT_G149.688-47.951,30.75833,11.16667,0.924360454082489,21,3,,,,0.5800000000000001,0.1575257934931166,1.275302270868071,,,,,,
ComPACT_G131.385-45.978,18.975,16.49167,0.8150027394294739,26,2,,,,0.16,0.1156518483873514,0.4157074159481038,,,,,,
ComPACT_G352.306+67.431,210.15,11.45833,0.9108485579490662,62,1,,,,0.22,0.1216338405453179,0.4325036190794014,,,,,,
ComPACT_G37.996-54.517,335.15833,-19.00833,0.8874495625495911,41,1,,,,,,,,,,,,
ComPACT_G120.041-48.853,10.9,13.975,0.982453465461731,41,1,,,,1.04,0.2033877333708594,2.6337094244286146,,,,,,
ComPACT_G254.461+61.688,171.9,6.98333,0.9777818918228148,25,3,,,,0.16,0.1156518483873514,1.4375600991202884,,,,,,
ComPACT_G330.322-48.161,334.875,-60.09167,0.9940025210380554,36,1,0.204,phot,zaznobin,0.24,0.1236278379313067,0.4410279673716479,0.204,0.0388670965531674,0.991,0.959,2.434644005882041,yplanck
ComPACT_G98.340-43.176,354.44167,16.15,0.8572648763656616,21,3,,,,0.6900000000000001,0.1684927791160551,0.8827929305366173,,,,,,
ComPACT_G15.070+62.608,219.99167,16.21667,0.963926374912262,27,2,,,,0.54,0.1535377987211389,0.521296746245342,,,,,,
ComPACT_G15.910+65.675,217.31667,17.95,0.863862156867981,31,1,,,,0.73,0.1724807738880327,1.888777269076678,,,,,,
ComPACT_G25.300+50.178,234.16667,15.93333,0.91157329082489,24,3,,,,0.14,0.1136578510013626,0.6032881018747658,,,,,,
ComPACT_G208.812-30.658,73.53333,-10.225,0.99886155128479,68,1,0.253,spec,ACTDR6,0.23,0.1226308392383123,5.913997657310527,0.2546,0.0405005476209334,0.998,0.994,7.260000228881836,PSZ2
ComPACT_G289.925+71.723,188.75833,9.26667,0.9989823698997498,44,1,1.26,spec,ACTDR6,1.22,0.2213337098447587,6.414385443292566,,,,,3.20959803212189,ACTDR6
ComPACT_G233.559-36.931,74.35,-31.64167,0.9952796697616576,30,2,0.129,spec,ACTDR6,0.15,0.114654849694357,0.1947414177273763,,,,,2.4413990085839146,ACTDR6
ComPACT_G158.150-73.945,22.30833,-13.71667,0.9987930059432985,46,1,0.364,phot,ACTDR5,0.36,0.1355918222472396,15.226373896777233,0.3682,0.044167742112993,0.999,0.992,4.407216815965326,ACTDR6
ComPACT_G162.736-48.403,38.18333,6.48333,0.8250027894973755,26,2,,,,0.19,0.1186428444663346,1.3673495316289117,,,,,,
ComPACT_G248.794+57.726,167.05833,6.15,0.9535890817642212,28,2,,,,0.52,0.1515438013351501,1.6651421457181763,,,,,,
ComPACT_G203.143-47.546,56.03333,-13.55,0.9982682466506958,51,1,0.537,phot,ACTDR5,0.51,0.1505468026421557,9.336198555693166,0.5363,0.0495942860752749,1.0,0.989,6.856637855871522,PSZ-MCMF
ComPACT_G233.201-51.490,57.18333,-33.28333,0.8763106465339661,24,3,,,,0.72,0.1714837751950383,1.5107391978373743,,,,,,
ComPACT_G129.880-60.672,16.25833,2.01667,0.9964326620101928,42,1,0.197,spec,ACTDR5,,,,,,,,4.812740433447217,PSZ-MCMF
ComPACT_G248.317+61.663,169.79167,9.01667,0.9949847459793092,40,1,0.332,spec,RASS-MCMF,0.32,0.131603827475262,7.60718817487068,0.3446,0.0434058953699243,1.0,0.999,2.4012536820103034,ACTDR6
ComPACT_G225.358+34.743,139.08333,5.88333,0.9635543823242188,41,1,0.133,spec,ACTDR5,0.15,0.114654849694357,2.2638008047682185,0.1371,0.0367074547264174,0.992,0.968,1.628869,ComPRASS
ComPACT_G220.286-30.683,77.51667,-19.30833,0.9279507398605348,36,1,,,,0.18,0.1176458457733402,0.2250223113668221,,,,,,
ComPACT_G107.377-66.105,6.60833,-3.99167,0.9749703407287598,36,1,0.68,phot,MaDCoWS_II,0.76,0.175471769967016,1.118525422403423,,,,,,
ComPACT_G325.406+81.321,196.35833,19.06667,0.9997121691703796,53,1,0.916,phot,ACT-MCMF,0.87,0.1864387555899544,10.67262082903478,,,,,4.47780427377891,ACTDR6
ComPACT_G359.033+58.882,218.50833,7.69167,0.9765601754188538,21,3,,,,0.23,0.1226308392383123,0.486260255552722,,,,,,
ComPACT_G265.677-59.210,41.025,-48.96667,0.99282044172287,43,1,0.453,phot,ACT-MCMF,0.44,0.1435678117911948,13.969934401406029,0.4498,0.0468019240720781,1.0,0.995,3.057875,PSZSPT
ComPACT_G22.786+25.102,256.05833,2.95,0.930800437927246,29,2,,,,,,,,,,,,
ComPACT_G48.906-43.079,327.75,-7.61667,0.9955536723136902,36,1,0.282,spec,ACTDR6,0.3,0.1296098300892731,9.213857940102717,0.2929,0.0417369344963373,0.997,0.986,5.248944819613364,ACTDR6
ComPACT_G27.154-61.015,340.34167,-26.25,0.9278693795204164,25,3,0.705,phot,ACTDR6,,,,,,,,3.849094164672378,ACTDR6
ComPACT_G336.288-64.326,352.35833,-47.14167,0.9722301959991456,21,3,,,,0.5800000000000001,0.1575257934931166,1.0704042897643165,,,,,,
ComPACT_G287.382-58.373,27.78333,-56.91667,0.991549015045166,22,3,0.3,phot,RASS-MCMF,0.3,0.1296098300892731,6.679357951155578,0.2548,0.0405070039492644,0.982,0.914,3.674993080056492,ACTDR6
ComPACT_G233.104-35.655,75.71667,-31.00833,0.9852773547172546,30,2,0.749,phot,ACT-MCMF,0.74,0.1734777725810271,4.923893807685214,0.7515,0.0565412953595288,1.0,0.995,3.5551267203640986,ACTDR6
ComPACT_G250.938+60.221,169.63333,7.1,0.9835991859436036,41,1,,,,0.22,0.1216338405453179,0.7040104999107797,,,,,,
ComPACT_G328.024+65.776,202.91667,4.88333,0.9944372177124025,45,1,0.172,spec,ACT-MCMF,0.17,0.1166488470803458,6.183899904552617,0.1775,0.0380116330492978,0.996,0.944,3.4202149842813223,ACTDR6
ComPACT_G263.246+57.561,172.825,1.0,0.9900383949279784,26,2,0.579,spec,ACTDR6,0.55,0.1545347974141334,2.950978748003981,0.5548,0.0501914964459008,0.986,0.972,2.5046086375735968,ACTDR6
ComPACT_G253.748-49.947,57.71667,-46.33333,0.9994869232177734,55,1,0.79,phot,PSZSPT,0.79,0.1784627660459992,20.165504942648724,0.7901,0.0577873667274293,1.0,0.983,3.51188,PSZSPT
ComPACT_G219.457-42.976,64.81667,-22.63333,0.9952065348625184,38,1,0.548,phot,ACT-MCMF,0.53,0.1525408000281445,15.599247673790977,0.5575,0.0502786568783706,1.0,0.994,5.585662712153199,ACTDR6
ComPACT_G349.887-70.164,354.13333,-39.425,0.984044909477234,63,1,,,,0.27,0.1266188340102899,0.4904720274923551,,,,,,
ComPACT_G98.181-43.950,354.64167,15.39167,0.9545063972473145,29,2,,,,0.59,0.158522792186111,0.7907972538374872,,,,,,
ComPACT_G231.619-60.461,46.48333,-32.5,0.9985628724098206,64,1,0.529,spec,ACT-MCMF,0.51,0.1505468026421557,8.908452271119353,0.5236,0.0491843092262507,1.0,0.99,5.479632607113746,PSZ-MCMF
ComPACT_G290.322-79.401,15.75833,-37.44167,0.9734899997711182,27,2,0.668,phot,PSZ-MCMF,0.29,0.1286128313962787,1.9555597414218733,,,,,5.15910058458894,PSZ-MCMF
ComPACT_G241.813-72.301,31.68333,-34.40833,0.9693205952644348,24,3,1.09,phot,ACTDR6,1.14,0.2133577203008035,9.917857899074024,,,,,3.0454281996177026,ACTDR6
ComPACT_G253.280+73.358,179.75,15.775,0.953096568584442,21,3,,,,0.51,0.1505468026421557,1.4313810055936758,,,,,,
ComPACT_G16.221-57.878,336.19167,-31.48333,0.971498429775238,33,1,,,,,,,,,,,,
ComPACT_G251.688+50.841,163.35833,0.1,0.896794319152832,23,3,0.8,phot,zCluster,0.8,0.1794597647389936,4.2529667420798205,,,,,3.650351838113836,yplanck
ComPACT_G57.179-40.112,328.64167,-0.81667,0.9985294342041016,44,1,0.488,spec,REDMAPPER-DES-SDSS,0.47,0.1465588078701781,12.035799582155578,0.4882,0.0480415391116476,1.0,0.994,6.113296524832911,PSZ-MCMF
ComPACT_G357.262-62.391,343.35833,-40.13333,0.9585763216018676,36,1,,,,0.11,0.1106668549223794,0.3404291909688279,,,,,,
ComPACT_G359.347-31.222,301.88333,-41.1,0.9931573271751404,33,1,0.404,phot,ACTDR6,,,,,,,,4.269362550790599,ACTDR6
ComPACT_G3.505+44.683,231.125,0.55833,0.98867267370224,38,1,0.316,spec,REDMAPPER-DES-SDSS,0.34,0.1335978248612508,5.67235565034636,0.3232,0.0427150682384975,0.996,0.986,4.107346634341083,ACTDR6
ComPACT_G323.697+62.501,202.28333,1.15833,0.9235896468162536,53,1,0.675,phot,MaDCoWS_II,0.15,0.114654849694357,0.5424284698520911,,,,,4.349845295852516,yact
ComPACT_G309.791+63.165,195.95,0.45833,0.9762563705444336,24,3,,,,0.2,0.119639843159329,0.5628257993747419,,,,,,
ComPACT_G158.392-47.490,36.23333,8.84167,0.9573767781257628,31,1,0.311,spec,PSZ2,0.32,0.131603827475262,6.607081776535766,0.3187,0.042569800851048,0.996,0.991,5.710000038146973,PSZ2
ComPACT_G246.138+55.578,164.475,5.775,0.9796776175498962,50,1,0.936,phot,ACTDR6,0.8400000000000001,0.1834477595109712,8.125619584694242,,,,,3.622062130018845,ACTDR6
ComPACT_G66.939-43.729,336.01667,2.55,0.9850635528564452,22,3,0.72,phot,MaDCoWS_II,0.26,0.1256218353172955,1.140917502531531,,,,,4.220893968554797,yact
ComPACT_G222.182+22.901,127.33333,2.61667,0.9908431768417358,30,2,,,,0.48,0.1475558065631725,1.6184710053011724,,,,,,
ComPACT_G156.177-69.225,24.225,-9.34167,0.9902400970458984,29,2,,,,0.4,0.1395798170192172,0.957650707274692,,,,,,
ComPACT_G222.029-35.627,73.05,-22.33333,0.9745908975601196,24,3,,,,0.17,0.1166488470803458,0.4388489332523719,,,,,,
ComPACT_G164.184-38.865,44.74167,13.58333,0.9983900785446168,88,1,0.074,spec,ACTDR6,,,,,,,,6.75,PSZ2
ComPACT_G226.924+60.705,163.09167,17.0,0.9864018559455872,25,3,,,,0.16,0.1156518483873514,0.3349588067560127,,,,,,
ComPACT_G348.527+47.315,221.95,-4.99167,0.9696210622787476,24,3,,,,0.17,0.1166488470803458,0.3930373542855152,,,,,,
ComPACT_G89.140-41.094,347.15,14.93333,0.9841676354408264,24,3,,,,0.19,0.1186428444663346,0.2283077471396797,,,,,,
ComPACT_G150.042-40.049,34.40833,18.24167,0.873599112033844,49,1,,,,0.15,0.114654849694357,0.255726932475653,,,,,,
ComPACT_G58.806-56.746,342.825,-9.69167,0.9897569417953492,22,3,0.486,spec,ACT-MCMF,0.47,0.1465588078701781,7.108451468746278,0.4765,0.0476638439042787,0.998,0.993,3.4178529631750414,ACTDR6
ComPACT_G186.428-17.853,74.15,13.78333,0.9979730248451232,42,1,,,,,,,,,,,,
ComPACT_G231.613+70.699,173.44167,19.64167,0.9875866174697876,31,1,,,,0.3,0.1296098300892731,0.7400804976496957,,,,,,
ComPACT_G11.792+41.413,237.35,3.49167,0.9571123123168944,29,2,,,,0.2,0.119639843159329,1.0230806902685003,,,,,,
ComPACT_G145.584-42.177,30.28333,17.60833,0.9996590614318848,63,1,0.95,phot,ACTDR6,0.61,0.1605167895720998,1.4016985711967238,,,,,6.647866174025403,ACTDR6
ComPACT_G219.002+21.617,124.81667,4.61667,0.9391481280326844,36,1,0.251,phot,CODEX,0.23,0.1226308392383123,4.908545776499588,0.2602,0.0406813248142039,0.993,0.978,3.463011592765149,ACTDR6
ComPACT_G267.319+52.458,172.00833,-4.55,0.9712530970573424,24,3,0.62,phot,MaDCoWS_II,0.53,0.1525408000281445,3.558908554105156,,,,,,
ComPACT_G189.624-23.581,71.08333,8.06667,0.9911651015281676,29,2,,,,,,,,,,,,
ComPACT_G69.401-28.194,325.79167,14.525,0.9794061779975892,29,2,0.404,phot,ACT-MCMF,0.41,0.1405768157122116,7.460389825585024,,,,,3.236316631602414,ACTDR6
ComPACT_G341.889-75.606,1.44167,-37.85833,0.999624490737915,65,1,0.503,spec,ACT-MCMF,0.47,0.1465588078701781,15.559734907578598,0.494,0.0482287726332492,1.0,0.995,7.1777048921870135,ACTDR6
ComPACT_G291.234-83.416,14.45833,-33.56667,0.8326444625854492,32,1,0.34,phot,zCluster,0.34,0.1335978248612508,4.05828887247644,,,,,3.775011832315296,yact
ComPACT_G9.012-62.694,342.15,-34.8,0.9822182059288024,39,1,,,,,,,,,,,,
ComPACT_G93.837-38.792,349.275,18.69167,0.9639098644256592,28,2,0.042,spec,MCXC2,0.49,0.1485528052561669,0.9314389766887324,,,,,1.7484,ComPRASS
ComPACT_G254.352-33.498,81.89167,-47.95833,0.9438436031341552,26,2,,,,0.53,0.1525408000281445,0.587476890841117,,,,,,
ComPACT_G281.108+56.222,180.89167,-4.60833,0.972072422504425,48,1,0.86,phot,MaDCoWS_II,0.16,0.1156518483873514,0.1934898600121231,,,,,6.301787183899328,yplanck
ComPACT_G328.724-52.387,342.55833,-58.24167,0.9479920268058776,27,2,0.172,phot,PSZ-MCMF,0.15,0.114654849694357,0.7687027250357807,,,,,2.704050437174155,PSZ-MCMF
ComPACT_G213.940+41.615,141.475,16.925,0.94110369682312,21,3,,,,0.25,0.1246248366243011,0.5612425172619167,,,,,,
ComPACT_G254.356-40.892,70.83333,-48.04167,0.976942777633667,26,2,0.803,phot,REDMAPPER-DES-SVA,0.5,0.1495498039491613,1.1487933632941787,,,,,5.515819910351371,yact
ComPACT_G186.133-37.311,58.14167,2.45,0.9858515858650208,36,1,0.237,phot,ACTDR6,,,,,,,,4.581061230619872,ACTDR6
ComPACT_G33.897+30.266,255.75833,14.05,0.924496054649353,22,3,,,,,,,,,,,,
ComPACT_G72.463-61.196,350.85833,-7.275,0.9846436977386476,32,1,0.471,phot,CODEX,0.25,0.1246248366243011,1.3620265192726313,,,,,,
ComPACT_G227.027+33.049,138.29167,3.84167,0.9892292022705078,58,1,0.456,spec,MaDCoWS_II,0.46,0.1455618091771837,9.601733549794703,0.4608,0.0471570221302881,1.0,0.999,3.956942468821152,ACTDR6
ComPACT_G338.117-61.893,348.85,-48.15,0.8931267261505127,24,3,0.59,phot,zCluster,0.59,0.158522792186111,3.271014089133647,,,,,4.885384831735094,yact
ComPACT_G212.207+26.629,126.63333,12.38333,0.9699364900588988,27,2,,,,0.23,0.1226308392383123,0.4198917795392645,,,,,,
ComPACT_G310.430-75.052,10.26667,-41.925,0.9991262555122375,50,1,0.766,phot,ACTDR6,0.74,0.1734777725810271,0.9524208566268002,0.7454,0.0563443773454305,0.99,0.972,3.154640648174145,ACTDR6
ComPACT_G206.342-43.018,61.23333,-13.675,0.9929977655410768,24,3,,,,0.44,0.1435678117911948,2.189097387442821,,,,,,
ComPACT_G193.484-69.794,33.00833,-19.0,0.9496707320213318,44,1,,,,0.51,0.1505468026421557,2.850433391062446,,,,,,
ComPACT_G223.741-51.199,56.74167,-27.38333,0.9818342328071594,23,3,0.448,phot,ACTDR6,0.45,0.1445648104841893,17.004076773947993,0.485,0.0479382378583501,0.987,0.985,3.4107766827070107,ACTDR6
ComPACT_G78.546-58.815,351.58333,-3.48333,0.965534508228302,26,2,,,,0.5700000000000001,0.1565287948001222,1.5935457370114414,,,,,,
ComPACT_G298.539-64.229,16.01667,-52.79167,0.9828073978424072,35,1,,,,0.77,0.1764687686600104,1.588279987834366,,,,,,
ComPACT_G64.146-29.706,323.88333,10.05833,0.9790079593658448,23,3,,,,0.33,0.1326008261682564,1.2710065116276663,,,,,,
ComPACT_G172.287-27.445,57.84167,17.71667,0.9649794697761536,22,3,,,,,,,,,,,,
ComPACT_G11.345+49.339,230.54167,7.61667,0.9113816022872924,33,1,,,,0.56,0.1555317961071278,0.6175238162721588,,,,,,
ComPACT_G217.023+22.830,125.06667,6.8,0.8549696207046509,23,3,,,,0.17,0.1166488470803458,0.247074666894461,,,,,,
ComPACT_G9.841+54.944,225.3,9.95,0.9988827109336852,57,1,0.41,spec,ACTDR6,0.41,0.1405768157122116,12.63625995467186,0.4035,0.0453072840634306,1.0,0.992,5.558716145346369,ACTDR6
ComPACT_G43.256-39.747,322.73333,-9.725,0.9358973503112792,37,1,,,,0.15,0.114654849694357,0.2417800389774005,,,,,,
ComPACT_G13.628+69.970,212.86667,19.125,0.9068390130996704,26,2,,,,0.5800000000000001,0.1575257934931166,0.6344018832201694,,,,,,
ComPACT_G278.680+58.795,180.56667,-1.74167,0.943548321723938,32,1,0.32,phot,zCluster,0.32,0.131603827475262,3.801115936634624,,,,,,
ComPACT_G174.722-49.350,43.65,0.725,0.9311184287071228,31,1,,,,0.17,0.1166488470803458,0.2075244061211536,,,,,,
ComPACT_G335.910+62.005,207.68333,2.99167,0.91639643907547,31,1,1.14,phot,MaDCoWS_II,0.53,0.1525408000281445,1.8819527804495888,,,,,,
ComPACT_G249.661-61.589,43.14167,-40.86667,0.9896267652511596,52,1,,,,0.59,0.158522792186111,0.869248380899992,,,,,,
ComPACT_G4.296+40.698,234.59167,-1.49167,0.9050790071487428,27,2,0.402,spec,REDMAPPER-DES-SDSS,0.42,0.141573814405206,6.638797209389876,0.4155,0.045694663763296,1.0,0.997,3.218479632114384,ACTDR6
ComPACT_G71.930-46.300,340.325,3.28333,0.923638105392456,23,3,0.469,spec,MaDCoWS_II,0.45,0.1445648104841893,2.0018748989367925,,,,,3.0776366379777924,yact
ComPACT_G98.802-51.308,357.875,8.73333,0.9818056225776672,25,3,0.6894,phot,zaznobin,0.64,0.1635077856510831,1.3052887633277708,0.6894,0.054536605412725,0.996,0.996,6.282301238875657,yact
ComPACT_G350.435-47.987,325.54167,-47.83333,0.9664701223373412,26,2,,,,0.8200000000000001,0.1814537621249824,2.3706971505883803,,,,,,
ComPACT_G349.726+51.066,220.13333,-1.61667,0.9968565702438354,74,1,0.322,spec,REDMAPPER-DES-SDSS,0.34,0.1335978248612508,10.464256563974777,0.3301,0.0429378115659202,1.0,0.992,4.616006658852633,ACTDR6
ComPACT_G211.593-72.709,32.06667,-25.41667,0.9874322414398192,22,3,,,,0.8400000000000001,0.1834477595109712,1.3550131769731897,,,,,,
ComPACT_G187.894-48.259,50.13333,-5.13333,0.940984547138214,32,1,0.68,phot,ACTDR6,0.68,0.1674957804230607,7.789825923134735,,,,,3.604588439931422,ACTDR6
ComPACT_G188.589-68.852,32.96667,-17.03333,0.9955050349235536,35,1,0.174,spec,PSZ2,0.16,0.1156518483873514,2.5620310137483373,0.1849,0.0382505171975482,1.0,0.883,3.3399999141693115,PSZ2
ComPACT_G269.551+75.195,184.50833,14.53333,0.9676368236541748,43,1,,,,0.72,0.1714837751950383,1.9690656776003417,,,,,,
ComPACT_G250.687-74.627,27.825,-35.74167,0.9997151494026184,53,1,0.537,phot,ACTDR5,0.52,0.1515438013351501,13.727482081849672,0.5401,0.0497169563135657,1.0,0.993,5.594137458969314,PSZ-MCMF
ComPACT_G118.312-66.405,11.00833,-3.6,0.994633674621582,32,1,1.64,phot,ACTDR6,1.29,0.2283127006957196,3.8090116115785406,,,,,2.379784621715914,ACTDR6
ComPACT_G278.510+59.245,180.65,-1.29167,0.9916203022003174,36,1,,,,0.16,0.1156518483873514,0.3030287563113847,,,,,,
ComPACT_G213.581-28.943,76.89167,-13.26667,0.9170356392860411,21,3,,,,,,,,,,,,
ComPACT_G260.231-62.593,39.00833,-44.9,0.946045994758606,34,1,0.206,phot,RASS-MCMF,0.16,0.1156518483873514,1.1850929454453096,0.2113,0.0391027525372522,0.985,0.942,2.09376,RASS-MCMF
ComPACT_G162.498-76.466,21.8,-16.425,0.9969780445098876,50,1,0.258,spec,ACTDR6,0.25,0.1246248366243011,11.809146843614844,0.2555,0.0405296010984233,1.0,0.992,4.4820430393232,PSZ-MCMF
ComPACT_G26.593-55.116,333.83333,-25.48333,0.9692249298095704,35,1,,,,,,,,,,,,
ComPACT_G223.672+18.888,124.48333,-0.53333,0.9605712294578552,36,1,,,,0.5,0.1495498039491613,2.0401107410320654,,,,,,
ComPACT_G40.092-42.573,324.25,-13.10833,0.8730055093765259,24,3,0.202,spec,PSZ2,0.18,0.1176458457733402,5.306700724976831,0.2072,0.0389703978064648,0.999,0.992,3.849999904632568,PSZ2
ComPACT_G244.263+39.710,151.675,-3.70833,0.9210543036460876,22,3,,,,0.19,0.1186428444663346,0.2447042685454232,,,,,,
ComPACT_G89.249-40.988,347.16667,15.06667,0.952967405319214,26,2,,,,0.17,0.1166488470803458,0.3368708023166531,,,,,,
ComPACT_G314.540-76.517,9.33333,-40.29167,0.831777036190033,23,3,,,,0.5,0.1495498039491613,2.610660887576828,,,,,,
ComPACT_G212.291-45.069,60.95833,-18.40833,0.9958761930465698,42,1,,,,0.62,0.1615137882650942,2.2220883180784416,,,,,,
ComPACT_G250.149-31.088,84.725,-44.14167,0.8241621851921082,53,1,,,,0.61,0.1605167895720998,0.7463294891325056,,,,,,
ComPACT_G251.148+61.253,170.44167,7.75833,0.8608993887901306,31,1,0.51,phot,zCluster,0.51,0.1505468026421557,3.9897364675116247,,,,,,
ComPACT_G251.205-40.086,72.13333,-45.675,0.9770867228507996,27,2,0.295,phot,ACT-MCMF,0.28,0.1276158327032843,3.864701922174573,0.3102,0.0422954068969766,0.996,0.997,2.3568787118632586,ACTDR6
ComPACT_G138.876-42.434,25.23333,18.9,0.992997407913208,39,1,0.167,spec,ACT-MCMF,0.19,0.1186428444663346,3.3580880615113475,0.1746,0.037918016288497,0.989,0.92,1.970155248822284,ACTDR5
ComPACT_G343.478+50.982,217.08333,-4.1,0.9938879609107972,32,1,0.876,spec,ACTDR6,0.94,0.1934177464409153,4.715351908657501,,,,,6.195540608875728,ACTDR6
ComPACT_G228.367+62.168,164.78333,17.01667,0.9987974166870116,87,1,0.419,spec,ACTDR5,0.4,0.1395798170192172,8.075023793645077,0.4181,0.0457785960316002,1.0,0.993,6.093663775073107,ACTDR6
ComPACT_G228.010+38.118,143.09167,5.7,0.9959626793861388,42,1,0.778,spec,ACTDR5,0.79,0.1784627660459992,7.537043584041349,0.7677,0.0570642579543471,1.0,0.956,3.9297003536513833,ACTDR6
ComPACT_G91.956-65.807,0.61667,-5.925,0.9855688214302064,29,2,,,,,,,,,,,,
ComPACT_G318.324+73.192,197.34167,10.85833,0.9996722936630248,63,1,0.426,spec,ACTDR6,0.43,0.1425708130982004,19.52890578988052,0.4314,0.0462079418656177,1.0,0.994,6.130000114440918,PSZ2
ComPACT_G205.276+33.413,130.83333,20.49167,0.9914802312850952,30,2,,,,0.7000000000000001,0.1694897778090495,1.5797695579461446,,,,,,
ComPACT_G229.587-38.004,72.34167,-28.8,0.9775390625,24,3,0.339,phot,MARD-Y3,0.34,0.1335978248612508,12.355289931495465,0.3232,0.0427150682384975,0.981,0.896,4.630338486038602,PSZ-MCMF
ComPACT_G341.877-46.865,326.3,-53.70833,0.9765062928199768,30,2,,,,0.53,0.1525408000281445,2.0429327474977383,,,,,,
ComPACT_G67.549-26.707,323.51667,14.28333,0.9950763583183287,46,1,0.37,phot,ACT-MCMF,0.39,0.1385828183262228,12.619665959752162,0.3901,0.0448747100652475,1.0,0.998,4.048188493154508,ACTDR6
ComPACT_G359.131-39.287,312.58333,-42.21667,0.9828061461448668,33,1,0.489,phot,ACT-MCMF,0.47,0.1465588078701781,4.354567413360874,0.4866,0.0479898884849988,0.998,0.989,3.803851,PSZSPT
ComPACT_G258.401+66.985,176.7,9.88333,0.999357521533966,60,1,0.221,spec,ACT-MCMF,0.24,0.1236278379313067,6.4121202626767975,0.241,0.0400615172944192,0.991,0.827,5.698697149968841,ACTDR6
ComPACT_G280.760-80.095,17.475,-36.225,0.9663798213005066,32,1,1.159,spec,ACTDR6,0.16,0.1156518483873514,0.7676479891618524,,,,,2.8303828528942123,ACTDR6
ComPACT_G236.742-37.766,73.94167,-34.28333,0.998967170715332,49,1,0.619,phot,ACTDR6,0.5700000000000001,0.1565287948001222,5.432611314389248,0.5849,0.05116317385973,1.0,0.987,5.53000020980835,PSZ2
ComPACT_G284.179+60.940,183.875,-0.61667,0.9585492610931396,30,2,0.35,phot,MaDCoWS_II,0.36,0.1355918222472396,11.349875982040636,,,,,,
ComPACT_G81.118-32.940,336.825,17.98333,0.8622316718101501,25,3,,,,0.29,0.1286128313962787,0.5049242181299072,,,,,,
ComPACT_G7.759+32.925,242.45833,-4.00833,0.9970623850822448,40,1,0.347,phot,ACTDR6,,,,,,,,7.267518376864185,ACTDR6
ComPACT_G187.678-60.706,39.78333,-12.23333,0.9267756938934326,29,2,,,,0.39,0.1385828183262228,1.4453378290854104,,,,,,
ComPACT_G223.728-36.027,73.09167,-23.76667,0.9578892588615416,21,3,,,,0.72,0.1714837751950383,2.474015898483698,,,,,,
ComPACT_G113.608-59.597,8.15,2.93333,0.9712253212928772,47,1,0.41,phot,MaDCoWS_II,0.2,0.119639843159329,0.6538050841278158,,,,,,
ComPACT_G143.002-51.390,25.4,9.51667,0.8888565897941589,27,2,,,,0.45,0.1445648104841893,1.4224105976339656,,,,,,
ComPACT_G1.706-55.407,333.80833,-39.59167,0.9857152104377748,24,3,,,,0.68,0.1674957804230607,2.4110544785936474,,,,,,
ComPACT_G24.738-56.088,334.68333,-26.69167,0.950740933418274,25,3,0.277,spec,ACTDR5,,,,,,,,4.286347,ComPRASS
ComPACT_G307.255-78.734,11.78333,-38.35833,0.9787968397140504,45,1,,,,0.22,0.1216338405453179,0.4789896669301146,,,,,,
ComPACT_G21.450+27.511,253.36667,3.06667,0.9799761772155762,36,1,0.335,spec,ACTDR6,0.34,0.1335978248612508,5.6344452852748175,0.3437,0.0433768418924344,1.0,0.998,3.331595487854301,ACTDR6
ComPACT_G87.419-62.526,357.275,-4.03333,0.9868291020393372,33,1,0.89,phot,zCluster,0.89,0.1884327529759433,3.4939960983928184,,,,,5.37892398652866,yact
ComPACT_G246.830-62.736,42.26667,-39.25,0.9992401599884032,72,1,0.67,phot,ACT-MCMF,0.67,0.1664987817300663,4.486308736757392,0.6791,0.0542041045036739,1.0,0.98,5.7899693885409285,ACTDR6
ComPACT_G226.190+26.718,132.44167,1.3,0.8899643421173096,23,3,,,,0.5700000000000001,0.1565287948001222,0.5397508935278237,,,,,,
ComPACT_G154.037-67.735,24.25,-7.65833,0.91837739944458,24,3,0.75,phot,MaDCoWS_II,0.6900000000000001,0.1684927791160551,1.7875835554052566,,,,,,
ComPACT_G230.035+21.082,129.39167,-4.6,0.9949396848678588,37,1,0.3535,phot,zaznobin,0.36,0.1355918222472396,13.110424156068062,0.3535,0.0436932019806578,0.996,0.913,4.754513580508895,yplanck
ComPACT_G205.119-62.963,41.60833,-20.55833,0.9973371624946594,70,1,0.31,spec,PSZ1,0.31,0.1306068287822676,10.640004816960545,0.3313,0.0429765495359067,1.0,0.997,7.639999866485596,PSZ2
ComPACT_G20.129+53.728,229.44167,14.53333,0.9713836908340454,52,1,0.41,phot,CODEX,0.29,0.1286128313962787,7.727247054963408,,,,,,
ComPACT_G333.838-65.235,354.39167,-47.21667,0.9903632998466492,26,2,0.94,phot,ACT-MCMF,0.15,0.114654849694357,0.4344529875743057,,,,,2.28947535848214,ACTDR6
ComPACT_G309.206-69.672,9.65,-47.3,0.9469462037086488,41,1,,,,0.46,0.1455618091771837,1.3978805220927342,,,,,,
ComPACT_G81.028-58.431,352.375,-2.39167,0.9462745189666748,59,1,0.53,phot,zCluster,0.53,0.1525408000281445,3.0632130617768363,,,,,5.445343236388289,yact
ComPACT_G89.111-36.571,344.68333,18.79167,0.9870193004608154,27,2,0.791,phot,ACT-MCMF,0.68,0.1674957804230607,1.3511693822461002,0.7709,0.0571675592076446,0.994,0.957,3.3896356238966114,ACTDR6
ComPACT_G274.588-48.932,50.3,-59.13333,0.9635469317436218,21,3,,,,0.56,0.1555317961071278,0.9394640573772834,,,,,,
ComPACT_G232.484-48.786,60.35833,-32.63333,0.975427269935608,21,3,,,,0.52,0.1515438013351501,1.5302185876634908,,,,,,
ComPACT_G236.179-84.204,18.96667,-29.28333,0.9901697039604188,35,1,0.41,phot,SPTECS,0.42,0.141573814405206,18.987417974465792,0.4338,0.0462854178055908,0.994,0.982,4.737065292155847,PSZ-MCMF
ComPACT_G222.099-47.754,60.275,-25.65,0.9298556447029114,26,2,,,,0.16,0.1156518483873514,0.2945116497175153,,,,,,
ComPACT_G64.587-58.815,346.39167,-8.525,0.8401591181755066,27,2,,,,0.53,0.1525408000281445,0.9439023470014788,,,,,,
ComPACT_G355.036-58.743,339.225,-42.33333,0.9887940287590028,29,2,,,,0.38,0.1375858196332284,2.2857105709947594,,,,,,
ComPACT_G186.620-43.671,53.3,-1.69167,0.9864643812179564,47,1,0.141,spec,ACTDR6,0.15,0.114654849694357,1.4983991893482953,0.142,0.0368656347705292,0.994,0.871,3.951478979340601,ACTDR6
ComPACT_G38.094-37.297,318.68333,-12.275,0.997334361076355,40,1,0.477,phot,ACT-MCMF,0.47,0.1465588078701781,8.788468946178773,0.4803,0.0477865141425695,1.0,0.991,4.761763007135331,ACTDR6
ComPACT_G219.464-22.928,84.76667,-15.71667,0.9940029978752136,31,1,1.195,phot,ACT-MCMF,,,,,,,,5.574098225214504,ACTDR6
ComPACT_G218.913-32.927,74.85833,-19.00833,0.9299007654190063,28,2,,,,,,,,,,,,
ComPACT_G74.431-29.961,330.28333,16.45,0.9305540323257446,24,3,0.388,phot,REDMAPPER-DES-SDSS,0.35,0.1345948235542452,0.349236745975986,0.3477,0.0435059684590562,0.987,0.981,7.164785256808737,yact
ComPACT_G230.214+57.445,160.88333,14.00833,0.982559859752655,28,2,,,,0.17,0.1166488470803458,0.7164186166726476,,,,,,
ComPACT_G39.568-79.949,1.78333,-25.53333,0.982353687286377,32,1,,,,,,,,,,,,
ComPACT_G350.342-20.138,284.24167,-46.25833,0.9937379360198976,24,3,,,,,,,,,,,,
ComPACT_G208.227+43.544,141.90833,21.53333,0.9903085827827454,29,2,1.25,phot,zCluster,1.25,0.224324705923742,11.314466940016189,,,,,5.113478812359035,yplanck
ComPACT_G208.084-38.273,66.23333,-12.90833,0.9610633850097656,27,2,,,,0.5800000000000001,0.1575257934931166,1.358054002994442,,,,,,
ComPACT_G255.365+49.948,164.48333,-2.14167,0.9398167729377748,26,2,0.355,phot,zaznobin,0.34,0.1335978248612508,0.879724731451826,0.355,0.043741624443141,0.982,0.963,6.2565756564596375,yplanck
ComPACT_G146.084-67.893,21.425,-6.575,0.997123658657074,53,1,0.45,spec,ACTDR6,0.45,0.1445648104841893,16.476891440092537,0.4555,0.0469859294295142,1.0,0.999,4.562111722428297,ACTDR6
ComPACT_G265.063-50.975,52.60833,-52.80833,0.9973848462104796,48,1,0.583,phot,ACTDR6,0.5700000000000001,0.1565287948001222,8.820895276718513,0.0605,0.0342346809756096,0.983,0.964,3.0202855496317063,ACTDR6
ComPACT_G42.410+19.930,268.76667,17.05,0.9967892169952391,44,1,0.813,phot,ACTDR6,0.64,0.1635077856510831,3.1772452991350324,,,,,4.709418621680502,ACTDR6
ComPACT_G270.667+74.077,184.2,13.41667,0.9216313362121582,25,3,,,,0.45,0.1445648104841893,1.706490938094463,,,,,,
ComPACT_G20.043+42.559,239.55,9.33333,0.9152715802192688,29,2,0.584,phot,ACT-MCMF,0.59,0.158522792186111,4.158109093106886,,,,,1.48494,ACT-MCMF
ComPACT_G222.569-37.731,71.01667,-23.38333,0.9807412028312684,29,2,0.463,phot,ACTDR6,0.39,0.1385828183262228,14.349932866786071,0.4041,0.0453266530484238,1.0,0.996,3.946023033491918,ACTDR6
ComPACT_G234.297-29.180,83.3,-30.35833,0.9903556108474731,30,2,,,,0.17,0.1166488470803458,0.3952154755826824,,,,,,
ComPACT_G66.180-43.507,335.48333,2.29167,0.8893739581108093,23,3,,,,0.62,0.1615137882650942,0.9686816842571472,,,,,,
ComPACT_G170.366-61.436,33.61667,-6.46667,0.9889709949493408,44,1,0.237,spec,ACT-MCMF,0.23,0.1226308392383123,4.063969167975372,0.2426,0.0401131679210679,0.991,0.979,3.007792172468115,ACTDR6
ComPACT_G246.885-37.391,75.7,-42.20833,0.9786376357078552,22,3,0.277,phot,ACTDR6,0.26,0.1256218353172955,5.140668347045982,0.316,0.0424826404185783,1.0,0.997,3.991740092332433,PSZ-MCMF
ComPACT_G26.086-38.240,315.95,-21.44167,0.9920302629470824,31,1,0.257,phot,ACTDR6,,,,,,,,4.490195254208952,ACTDR6
ComPACT_G15.158+27.064,250.90833,-1.975,0.9828500151634216,32,1,0.75,phot,ACT-MCMF,,,,,,,,4.410262569908351,ACTDR6
ComPACT_G236.329+36.810,145.56667,-0.55833,0.9486446976661682,48,1,,,,0.46,0.1455618091771837,2.268251403212421,,,,,,
ComPACT_G13.942-18.078,291.40833,-24.63333,0.9738682508468628,22,3,,,,,,,,,,,,
ComPACT_G25.258+40.983,242.775,12.08333,0.9867976307868958,31,1,,,,0.51,0.1505468026421557,0.8003124433503406,,,,,,
ComPACT_G194.373-47.689,53.03333,-8.425,0.9701266884803772,29,2,,,,0.15,0.114654849694357,0.6033597255464349,,,,,,
ComPACT_G266.803+77.082,184.95833,16.48333,0.896544873714447,52,1,,,,0.15,0.114654849694357,0.9201692227812528,,,,,,
ComPACT_G226.922+36.119,140.91667,5.45,0.9956562519073486,49,1,0.378,spec,ACTDR5,0.38,0.1375858196332284,15.956104730759076,0.3863,0.0447520398269567,0.997,0.989,4.43164186539103,ACTDR6
ComPACT_G330.900-68.480,358.66667,-45.44167,0.853101909160614,22,3,,,,0.5700000000000001,0.1565287948001222,2.447069730399449,,,,,,
ComPACT_G222.376-52.857,54.74167,-26.85,0.964624285697937,43,1,0.94,phot,zCluster,0.94,0.1934177464409153,5.379307380565394,,,,,1.5166389827225109,yact
ComPACT_G289.479-77.174,16.7,-39.55,0.8797520399093628,47,1,,,,0.54,0.1535377987211389,0.7449026563267156,,,,,,
ComPACT_G270.267-44.839,59.98333,-58.51667,0.9522917866706848,27,2,,,,0.13,0.1126608523083682,0.1067149801006153,,,,,,
ComPACT_G311.266+78.115,194.63333,15.35833,0.9164233207702636,24,3,,,,0.17,0.1166488470803458,0.2937888747292214,,,,,,
ComPACT_G249.901-39.832,72.49167,-44.675,0.996818780899048,53,1,0.15,spec,ACT-MCMF,0.15,0.114654849694357,1.1854035926202018,0.1656,0.0376274815135979,1.0,0.978,3.609999895095825,PSZ2
ComPACT_G274.894+68.707,182.93333,8.025,0.9849045276641846,57,1,0.251,spec,ACT-MCMF,0.26,0.1256218353172955,11.718167882625584,0.2548,0.0405070039492644,0.997,0.98,3.693043,ComPRASS
ComPACT_G150.790-53.381,29.13333,5.93333,0.9499096274375916,42,1,,,,0.64,0.1635077856510831,2.60654128922455,,,,,,
ComPACT_G35.965+35.213,251.69167,17.54167,0.9603258967399596,36,1,0.477,phot,ACT-MCMF,0.48,0.1475558065631725,8.88492937683808,0.4817,0.0478317084408871,1.0,0.997,2.808955470273908,ACTDR6
ComPACT_G347.953-29.273,296.875,-50.50833,0.9982592463493348,51,1,0.545,phot,ACTDR6,,,,,,,,3.88650254021017,ACTDR6
ComPACT_G248.562+58.786,167.75,6.96667,0.9624711871147156,33,1,,,,0.21,0.1206368418523234,0.4175598109492318,,,,,,
ComPACT_G88.588-48.222,350.51667,8.6,0.9868436455726624,31,1,,,,0.5800000000000001,0.1575257934931166,1.7447118606407312,,,,,,
ComPACT_G260.568+67.690,177.80833,9.91667,0.9821484088897704,52,1,,,,0.32,0.131603827475262,0.7268241814814467,,,,,,
ComPACT_G211.304-47.546,58.25833,-18.625,0.9707061648368835,23,3,,,,0.17,0.1166488470803458,0.1978580816877109,,,,,,
ComPACT_G157.587-43.306,37.95833,12.70833,0.8823071122169495,24,3,,,,0.16,0.1156518483873514,0.2454133703671022,,,,,,
ComPACT_G269.123+62.735,178.05833,3.81667,0.9441991448402404,27,2,,,,0.18,0.1176458457733402,0.3963813939283107,,,,,,
ComPACT_G195.704-17.780,79.1,6.41667,0.9439589977264404,25,3,0.028,spec,MCXC2,,,,,,,,1.935519,ComPRASS
ComPACT_G221.576-60.800,45.83333,-27.6,0.9962071180343628,51,1,0.262,spec,ACTDR6,0.26,0.1256218353172955,10.653643154820609,0.2669,0.0408976118132955,0.998,0.993,5.105882391532535,ACTDR6
ComPACT_G172.147-59.560,35.53333,-5.65833,0.9350423216819764,45,1,0.744,spec,XXL365,0.16,0.1156518483873514,0.4550514534226115,,,,,3.8486271845822633,yact
ComPACT_G229.176-52.759,55.48333,-30.90833,0.9537631273269652,30,2,,,,0.76,0.175471769967016,1.250857582641265,,,,,,
ComPACT_G248.838+77.379,182.05,19.325,0.9483080506324768,32,1,,,,0.16,0.1156518483873514,0.3762022268415153,,,,,,
ComPACT_G269.663+60.115,176.99167,1.40833,0.957301139831543,26,2,,,,0.49,0.1485528052561669,0.6070347758190182,,,,,,
ComPACT_G19.610+42.431,239.50833,8.99167,0.9165151119232178,24,3,,,,0.15,0.114654849694357,0.250706215674541,,,,,,
ComPACT_G112.887-61.490,8.08333,1.00833,0.936452865600586,39,1,0.387,spec,MaDCoWS_II,0.4,0.1395798170192172,8.806466613989825,0.3873,0.0447843214686122,0.996,0.994,2.700493549923084,ACTDR6
ComPACT_G218.268+24.795,127.35,6.66667,0.927810788154602,24,3,,,,0.49,0.1485528052561669,0.4755641337525689,,,,,,
ComPACT_G211.306-74.899,29.65833,-25.7,0.9493905305862428,22,3,,,,1.15,0.2143547189937979,1.5756010124264197,,,,,,
ComPACT_G325.530-82.135,9.20833,-34.34167,0.9936396479606628,36,1,,,,0.16,0.1156518483873514,0.2699747432970614,,,,,,
ComPACT_G106.656-61.737,5.23333,0.16667,0.9835030436515808,47,1,0.214,spec,MaDCoWS_II,0.19,0.1186428444663346,5.169809018731919,0.215,0.0392221946113774,0.999,0.988,3.885050860563497,yact
ComPACT_G158.159-70.242,24.3,-10.56667,0.9870961904525756,33,1,0.414,spec,NEURALENS,0.5800000000000001,0.1575257934931166,5.8158862502368365,0.6615,0.0536359476105379,1.0,0.993,6.562798582867947,PSZ-MCMF
ComPACT_G322.621+59.507,202.70833,-1.85,0.910914421081543,27,2,0.088,spec,ACTDR6,0.15,0.114654849694357,0.2216406812075886,0.0874,0.0351030571361413,0.994,0.945,3.2300000190734863,PSZ2
ComPACT_G255.442-66.200,36.18333,-41.29167,0.9583368301391602,36,1,,,,0.21,0.1206368418523234,0.2455678268854422,,,,,,
ComPACT_G358.058-72.169,354.73333,-36.15,0.9998905658721924,60,1,0.586,phot,ACT-MCMF,,,,,,,,6.152886556628096,ACTDR6
ComPACT_G25.923-18.363,296.44167,-14.28333,0.991114616394043,25,3,,,,,,,,,,,,
ComPACT_G201.259-35.125,66.6,-6.60833,0.9921208620071412,36,1,0.794,phot,ACT-MCMF,0.81,0.180456763431988,6.312922607321902,,,,,2.64747,ACT-MCMF
ComPACT_G286.130+61.767,185.0,-0.075,0.8448289036750793,28,2,,,,0.15,0.114654849694357,0.1850408714156619,,,,,,
ComPACT_G273.249+56.602,177.025,-2.575,0.9959936141967772,47,1,0.321,spec,ACTDR6,0.31,0.1306068287822676,13.81346175820698,0.3277,0.0428603356259471,1.0,0.991,5.16620121396052,ACTDR6
ComPACT_G259.492-29.280,89.13333,-51.875,0.959557294845581,27,2,,,,0.54,0.1535377987211389,1.1432563250719303,,,,,,
ComPACT_G240.502+38.363,148.78333,-2.29167,0.9320226311683656,21,3,0.64,phot,MaDCoWS_II,0.53,0.1525408000281445,0.7422038924547836,,,,,,
ComPACT_G194.152-72.232,30.8,-20.29167,0.9999582767486572,75,1,0.435,phot,ACT-MCMF,0.44,0.1435678117911948,15.95227971358864,0.4556,0.0469891575936797,1.0,0.996,6.058182715037397,PSZ-MCMF
ComPACT_G268.433+65.112,178.99167,6.025,0.9565266966819764,36,1,,,,0.14,0.1136578510013626,0.2080640955878014,,,,,,
ComPACT_G337.509-44.346,323.925,-57.43333,0.9933534860610962,53,1,0.427,spec,ACT-MCMF,0.41,0.1405768157122116,31.303769801033923,0.41,0.045517114734191,0.999,0.999,4.196543,PSZSPT
ComPACT_G228.023-40.715,69.025,-28.23333,0.955920398235321,43,1,,,,0.17,0.1166488470803458,0.3151922195935377,,,,,,
ComPACT_G295.013+58.265,188.69167,-4.35,0.9609268307685852,22,3,,,,0.31,0.1306068287822676,0.4626177268863414,,,,,,
ComPACT_G39.660+16.241,271.15,13.15833,0.9833900332450868,23,3,,,,,,,,,,,,
ComPACT_G172.000-54.507,38.89167,-1.875,0.9160656929016112,27,2,0.75,spec,Wen&Han,0.17,0.1166488470803458,0.3475869845844341,,,,,2.470000028610229,Wen&Han
ComPACT_G1.695+41.260,232.90833,-2.65,0.9996045231819152,44,1,0.875,phot,ACT-MCMF,,,,,,,,5.777981907588393,ACTDR6
ComPACT_G201.851+27.792,124.1,21.34167,0.9850611090660096,24,3,,,,0.4,0.1395798170192172,1.812185527903764,,,,,,
ComPACT_G331.318-65.188,355.53333,-47.94167,0.9832640290260316,29,2,,,,0.2,0.119639843159329,0.6328381978580455,,,,,,
ComPACT_G208.918+35.289,133.8,18.31667,0.9423298239707948,35,1,,,,0.44,0.1435678117911948,2.59314974757878,,,,,,
ComPACT_G334.807-40.661,318.4,-60.50833,0.984582245349884,27,2,0.89,phot,zCluster,0.89,0.1884327529759433,11.2430453225162,,,,,4.92705443093503,yplanck
ComPACT_G228.311-49.006,59.73333,-29.93333,0.9999715089797974,73,1,0.425,spec,ACTDR5,0.42,0.141573814405206,13.691819970056835,0.4273,0.0460755871348304,1.0,0.996,7.199999809265137,PSZ2
ComPACT_G234.073-35.040,76.625,-31.64167,0.989857852458954,31,1,,,,0.46,0.1455618091771837,2.1941471714145795,,,,,,
ComPACT_G19.167-66.865,346.66667,-30.16667,0.9739582538604736,25,3,,,,,,,,,,,,
ComPACT_G76.821-28.900,331.10833,18.65,0.9617798328399658,21,3,,,,0.14,0.1136578510013626,0.2431803747172021,,,,,,
ComPACT_G167.192-78.083,21.59167,-18.33333,0.8834244608879089,21,3,,,,0.53,0.1525408000281445,1.0663474120658392,,,,,,
ComPACT_G209.149-24.488,79.28333,-7.79167,0.9397138953208924,31,1,,,,,,,,,,,,
ComPACT_G345.406+75.516,202.98333,16.1,0.9225894808769226,24,3,0.206,spec,ACT-MCMF,0.19,0.1186428444663346,3.164659174588948,0.1884,0.0383635029433423,0.999,0.866,1.4958515260881031,ACTDR5
ComPACT_G228.166-24.389,86.475,-23.65833,0.9651101231575012,21,3,,,,,,,,,,,,
ComPACT_G216.145+59.531,159.875,21.575,0.9884254932403564,36,1,,,,0.22,0.1216338405453179,0.5089603664871081,,,,,,
ComPACT_G256.203+74.305,181.04167,15.9,0.9114055633544922,31,1,,,,0.68,0.1674957804230607,1.1424357083386891,,,,,,
ComPACT_G240.588+75.747,179.45,19.89167,0.9974295496940612,30,2,0.774,phot,ACTDR6,0.55,0.1545347974141334,0.6849122756033246,,,,,3.759737427655691,ACTDR6
ComPACT_G214.614+45.528,145.48333,17.88333,0.9869264960289,37,1,,,,0.59,0.158522792186111,0.7314148050140794,,,,,,
ComPACT_G302.049-76.751,13.125,-40.375,0.955705225467682,35,1,,,,0.17,0.1166488470803458,0.3001072690301021,,,,,,
ComPACT_G7.806-36.791,310.39167,-35.15,0.9986552000045776,54,1,0.43,spec,XCSDR1,,,,,,,,2.640000104904175,PSZ2
ComPACT_G101.526-61.202,2.73333,-0.025,0.8720237612724304,26,2,,,,0.5700000000000001,0.1565287948001222,0.724197633426183,,,,,,
ComPACT_G358.301-37.027,309.46667,-42.71667,0.9932600855827332,24,3,0.484,phot,ACTDR6,0.46,0.1455618091771837,12.03341955146648,0.4717,0.0475088920243326,1.0,0.917,3.5184763440854567,ACTDR6
ComPACT_G177.364-67.072,31.80833,-12.60833,0.9594767093658448,23,3,,,,0.68,0.1674957804230607,2.326130016310146,,,,,,
ComPACT_G63.145-42.842,333.53333,1.05,0.9666001796722412,27,2,0.29,phot,MaDCoWS_II,0.16,0.1156518483873514,0.3302938995883335,,,,,,
ComPACT_G91.385-65.222,0.13333,-5.51667,0.9894575476646424,38,1,,,,0.6900000000000001,0.1684927791160551,0.7274038915030367,,,,,,
ComPACT_G124.790-66.278,13.60833,-3.41667,0.9699923396110536,21,3,,,,0.15,0.114654849694357,0.5184282254392574,,,,,,
ComPACT_G37.179+33.320,253.925,17.79167,0.9883846044540404,59,1,0.658,spec,ACTDR5,0.6,0.1595197908791054,0.6201274332670885,0.6734,0.0540200991462378,0.991,0.988,2.2409648444023613,ACTDR6
ComPACT_G302.904+70.055,192.85,7.18333,0.9663406610488892,32,1,,,,0.16,0.1156518483873514,0.214971903247304,,,,,,
ComPACT_G200.911-28.141,72.58333,-2.95833,0.993844509124756,44,1,0.22,spec,ACTDR6,0.26,0.1256218353172955,5.6340227971181855,0.2776,0.0412430253790088,0.998,0.991,5.300000190734863,PSZ2
ComPACT_G209.030+25.183,124.08333,14.40833,0.939689874649048,36,1,0.177,spec,REDMAPPER-DES-SDSS,0.16,0.1156518483873514,2.239518131813007,0.1819,0.0381536722725818,0.988,0.983,0.2829652416294924,yact
ComPACT_G333.610+78.639,198.9,17.23333,0.8987464308738708,54,1,,,,0.21,0.1206368418523234,0.4423827522375914,,,,,,
ComPACT_G9.356+74.930,207.58333,20.35,0.9593599438667296,23,3,,,,0.15,0.114654849694357,0.400011929653866,,,,,,
ComPACT_G270.189+60.088,177.20833,1.25833,0.9380006194114684,29,2,0.352,spec,MaDCoWS_II,0.34,0.1335978248612508,1.2855132965942038,,,,,3.5422585159318576,yplanck
ComPACT_G237.485+31.721,141.975,-4.29167,0.9769296646118164,29,2,0.85,phot,ACTDR6,0.74,0.1734777725810271,1.0954498934142092,,,,,4.891802863108912,ACTDR6
ComPACT_G215.831-56.622,49.80833,-23.925,0.997554361820221,53,1,0.588,phot,SPTECS,0.56,0.1555317961071278,9.627639215690271,0.5843,0.0511438048747368,1.0,0.994,5.596573819396674,PSZ-MCMF
ComPACT_G131.323-72.026,15.475,-9.325,0.9953128099441528,40,1,0.467,phot,ACTDR5,0.49,0.1485528052561669,4.780221692110252,0.4837,0.047896271724198,1.0,0.996,3.924274478316308,ACTDR6
ComPACT_G69.390-23.825,322.4,17.43333,0.9948368072509766,45,1,0.225,spec,ACTDR6,0.22,0.1216338405453179,9.5263571272568,0.2288,0.0396676812662226,0.999,0.997,3.806782426707757,ACTDR6
ComPACT_G131.004-52.745,17.80833,9.81667,0.9719109535217284,21,3,,,,0.18,0.1176458457733402,0.2572734329260999,,,,,,
ComPACT_G341.441+68.070,206.49167,9.375,0.9062879085540771,21,3,0.202,spec,ACTDR6,0.18,0.1176458457733402,3.2545932363204333,0.2006,0.0387573389715388,0.991,0.962,2.1000625157143182,ACTDR6
ComPACT_G202.921-45.397,57.95,-12.475,0.942140519618988,29,2,,,,0.68,0.1674957804230607,0.976698697870788,,,,,,
ComPACT_G176.184-26.657,60.93333,15.74167,0.9988744854927064,62,1,0.33,phot,ACTDR6,,,,,,,,9.128428949429006,ACTDR6
ComPACT_G247.162+44.090,156.39167,-2.425,0.999014139175415,53,1,0.544,spec,ACT-MCMF,0.53,0.1525408000281445,6.003016861443794,0.5455,0.0498912771785051,1.0,0.996,5.364497,ComPRASS
ComPACT_G1.328+54.174,222.91667,5.55,0.9391301274299622,22,3,,,,0.27,0.1266188340102899,1.4631218861621726,,,,,,
ComPACT_G198.180-36.101,64.50833,-4.90833,0.9714078307151794,30,2,,,,0.43,0.1425708130982004,1.2328693885111228,,,,,,
ComPACT_G317.655-66.193,3.7,-49.875,0.9993813037872314,60,1,0.752,spec,ACT-MCMF,0.74,0.1734777725810271,7.1578222832074445,0.7306,0.0558666090489298,1.0,0.994,4.785435,PSZSPT
ComPACT_G209.554+38.839,137.5,19.075,0.9812001585960388,30,2,,,,0.56,0.1555317961071278,2.437277496695192,,,,,,
ComPACT_G269.871-47.295,56.0,-57.24167,0.9749241471290588,31,1,0.691,phot,zaznobin,0.62,0.1615137882650942,2.694092629072588,0.691,0.0545882560393738,0.999,0.984,7.409549334896988,yact
ComPACT_G235.880+61.654,166.11667,13.68333,0.9769540429115297,31,1,0.112,phot,CODEX,0.53,0.1525408000281445,0.9234073838425236,,,,,1.020290499631236,yplanck
ComPACT_G254.755-48.153,60.075,-47.35833,0.9790759086608888,22,3,0.4177,phot,zaznobin,0.41,0.1405768157122116,5.48006437470746,0.4177,0.045765683374938,0.999,0.994,3.790574699487783,yact
ComPACT_G174.399-34.085,54.29167,11.75,0.9560574889183044,31,1,,,,,,,,,,,,
ComPACT_G227.303+26.341,132.61667,0.25,0.9879004955291748,26,2,0.196,spec,ACTDR6,0.19,0.1186428444663346,2.296378450498117,0.2035,0.0388509557323396,0.999,0.976,3.682617525797664,ACTDR6
ComPACT_G281.950+66.829,184.725,5.29167,0.9517715573310852,27,2,0.077,spec,RASS-MCMF,1.04,0.2033877333708594,5.185160750089172,0.0797,0.0348544884953943,0.983,0.971,1.08126,RASS-MCMF
ComPACT_G260.537+58.927,172.46667,2.94167,0.995375394821167,46,1,0.227,spec,ACTDR6,0.24,0.1236278379313067,5.373832105261493,0.2461,0.040226153666862,0.999,0.995,3.276772,ComPRASS
ComPACT_G245.592+45.241,156.5,-0.825,0.987428605556488,45,1,,,,0.24,0.1236278379313067,0.604211983951946,,,,,,
ComPACT_G173.015-41.439,48.28333,7.25833,0.9294518828392028,29,2,,,,,,,,,,,,
ComPACT_G237.913-63.832,42.10833,-35.1,0.9837889671325684,25,3,,,,0.12,0.1116638536153738,0.0900719533926717,,,,,,
ComPACT_G292.437+62.182,187.98333,-0.29167,0.9890641570091248,57,1,,,,1.0,0.1993997385988818,2.307000706917268,,,,,,
ComPACT_G224.304+19.872,125.63333,-0.575,0.9669838547706604,25,3,,,,0.38,0.1375858196332284,1.617933446647184,,,,,,
ComPACT_G260.392-56.272,47.0,-48.01667,0.9921579360961914,21,3,,,,0.15,0.114654849694357,0.1326433237841648,,,,,,
ComPACT_G245.383+48.178,158.60833,1.225,0.9754330515861512,28,2,1.05,phot,zCluster,1.05,0.2043847320638538,3.3389050236814413,,,,,,
ComPACT_G257.989+56.051,169.61667,1.51667,0.988103449344635,29,2,0.42,phot,zCluster,0.42,0.141573814405206,11.437852389382677,,,,,4.078861240639623,yact
ComPACT_G199.429-21.039,78.08333,1.73333,0.9791964888572692,34,1,0.327,phot,ACT-MCMF,,,,,,,,3.841125047758765,ACTDR6
ComPACT_G335.302+67.154,204.95833,7.375,0.9634724855422974,34,1,0.595,phot,CODEX,0.68,0.1674957804230607,2.4359630518947264,,,,,,
ComPACT_G154.044-50.057,32.43333,8.025,0.9910332560539246,40,1,,,,0.15,0.114654849694357,0.2781273793157954,,,,,,
ComPACT_G55.533-80.685,3.5,-23.24167,0.9831937551498412,31,1,0.28,phot,ACTDR6,,,,,,,,4.5652645216545045,ACTDR6
ComPACT_G200.557-73.732,30.1,-22.6,0.9980132579803468,69,1,0.274,phot,ACT-MCMF,0.27,0.1266188340102899,11.01383591117765,0.2933,0.0417498471529994,0.998,0.993,4.327807235089336,PSZ-MCMF
ComPACT_G260.083+56.623,170.88333,1.25,0.9646044373512268,21,3,,,,0.8,0.1794597647389936,2.149780495522451,,,,,,
ComPACT_G241.617+51.030,159.23333,4.925,0.8910859227180481,37,1,,,,,,,,,,,,
ComPACT_G156.881-66.026,26.06667,-6.7,0.9729044437408448,22,3,0.37,phot,zCluster,0.37,0.136588820940234,3.978076117130533,,,,,,
ComPACT_G226.700+28.381,134.10833,1.74167,0.9907003045082092,97,1,0.706,spec,ACTDR6,0.6900000000000001,0.1684927791160551,2.0717736418303736,0.7363,0.0560506144063659,0.997,0.997,3.6070795108072926,ACTDR6
ComPACT_G329.617+72.238,200.88333,11.05,0.961011290550232,51,1,0.399,spec,REDMAPPER-DES-SDSS,0.39,0.1385828183262228,2.985294191067843,0.4221,0.045907722598222,0.984,0.982,2.700493549923084,ACTDR6
ComPACT_G228.592-43.625,65.875,-29.24167,0.9907346963882446,43,1,,,,0.75,0.1744747712740215,0.7255556629193529,,,,,,
ComPACT_G337.149-53.316,338.34167,-53.64167,0.9975136518478394,54,1,0.44,spec,ACTDR5,0.42,0.141573814405206,13.79675850762737,0.4304,0.0461756602239623,1.0,0.998,4.283842,PSZSPT
ComPACT_G134.385-59.176,18.70833,3.175,0.9932013154029846,50,1,,,,0.3,0.1296098300892731,0.4219207054417042,,,,,,
ComPACT_G99.940-67.845,4.33333,-6.50833,0.808069109916687,29,2,,,,0.53,0.1525408000281445,2.770383823111385,,,,,,
ComPACT_G12.269+37.507,240.80833,1.63333,0.9902939796447754,44,1,,,,0.48,0.1475558065631725,1.4684322774673406,,,,,,
ComPACT_G237.524+34.827,144.51667,-2.5,0.9777117967605592,22,3,1.337,phot,ACT-MCMF,0.16,0.1156518483873514,0.5952578018642485,,,,,1.78978,ACT-MCMF
ComPACT_G94.693-37.275,349.18333,20.35,0.9799853563308716,22,3,,,,0.16,0.1156518483873514,0.2068348621535505,,,,,,
ComPACT_G239.199+39.851,149.35,-0.58333,0.9807759523391724,50,1,,,,0.47,0.1465588078701781,1.7491045951898716,,,,,,
ComPACT_G19.584+55.854,227.325,15.19167,0.9482763409614564,23,3,,,,0.11,0.1106668549223794,0.1493593264026318,,,,,,
ComPACT_G216.899+37.079,138.075,13.05,0.8988246321678162,33,1,0.448,spec,ACTDR6,0.44,0.1435678117911948,4.276756524753475,0.4492,0.0467825550870848,0.998,0.983,2.9237928159364706,ACTDR6
ComPACT_G355.649-80.600,3.99167,-32.54167,0.9873864054679872,34,1,,,,0.35,0.1345948235542452,2.9014434847760846,,,,,,
ComPACT_G26.039-26.785,304.53333,-17.50833,0.9959179759025574,35,1,0.701,phot,ACT-MCMF,,,,,,,,5.79397073969553,ACTDR6
ComPACT_G301.242-70.601,13.675,-46.51667,0.8768208026885986,22,3,0.6943,phot,zaznobin,0.66,0.1655017830370719,2.3299303446972592,0.6943,0.0546947854568368,0.998,0.997,,
ComPACT_G357.923-17.460,284.14167,-38.6,0.9829064011573792,26,2,,,,,,,,,,,,
ComPACT_G41.743+21.726,266.78333,17.18333,0.9998433589935304,64,1,0.478,spec,ACTDR6,0.47,0.1465588078701781,8.570900063427182,0.4789,0.0477413198442518,1.0,0.988,5.829999923706055,PSZ2
ComPACT_G23.551-51.438,329.425,-26.55,0.9677926301956176,30,2,,,,,,,,,,,,
ComPACT_G194.421-60.924,41.375,-15.14167,0.8773906230926514,23,3,,,,0.55,0.1545347974141334,0.8457302768000341,,,,,,
ComPACT_G109.724-51.381,4.51667,10.63333,0.9856809377670288,32,1,,,,0.14,0.1136578510013626,0.2219760651324978,,,,,,
ComPACT_G278.910+55.739,179.56667,-4.63333,0.9845919013023376,22,3,,,,0.65,0.1645047843440774,1.3976580254930495,,,,,,
ComPACT_G218.402-65.899,39.95,-26.8,0.8711335062980652,35,1,,,,0.16,0.1156518483873514,1.2035396658552815,,,,,,
ComPACT_G195.204-38.976,60.81667,-4.36667,0.9825626611709596,24,3,,,,0.21,0.1206368418523234,0.3184278211354869,,,,,,
ComPACT_G355.990-43.390,318.225,-44.58333,0.9989676475524902,48,1,0.516,phot,ACTDR6,0.51,0.1505468026421557,9.537194336197082,0.5111,0.0487807887055575,0.998,0.992,4.224217,PSZSPT
ComPACT_G168.931-46.107,42.94167,5.74167,0.898567259311676,22,3,,,,0.17,0.1166488470803458,0.2855451156325721,,,,,,
ComPACT_G330.627+82.669,196.49167,20.59167,0.9855198264122008,23,3,0.408,spec,REDMAPPER-DES-SDSS,0.41,0.1405768157122116,21.51392603387772,0.4164,0.0457237172407859,0.999,0.996,3.085666140070837,ACTDR6
ComPACT_G178.912-27.201,62.175,13.55833,0.9956865310668944,37,1,0.772,phot,ACTDR6,,,,,,,,4.901951803445359,ACTDR6
ComPACT_G267.375-39.077,71.69167,-58.15833,0.9672765135765076,57,1,0.357,phot,ACTDR6,0.36,0.1355918222472396,4.651378892491755,0.3606,0.0439224016364116,1.0,0.996,3.798900911492681,ACTDR6
ComPACT_G198.685-30.290,69.75,-2.34167,0.975716471672058,38,1,,,,0.28,0.1276158327032843,0.734081729730877,,,,,,
ComPACT_G243.936+38.792,150.80833,-4.10833,0.995678722858429,41,1,0.355,phot,ACTDR6,0.39,0.1385828183262228,23.743484691618296,0.3877,0.0447972341252744,1.0,0.977,5.15194475193254,ACTDR6
ComPACT_G165.324-42.997,42.88333,9.775,0.9714853763580322,21,3,0.697,phot,ACT-MCMF,0.7000000000000001,0.1694897778090495,14.44440811224121,0.7215,0.0555728461098651,0.984,0.935,4.410262569908351,ACTDR6
ComPACT_G158.736-34.412,43.70833,19.74167,0.94983172416687,26,2,,,,,,,,,,,,
ComPACT_G346.313-30.387,298.35833,-52.05833,0.9602231383323668,27,2,0.107,spec,PSZ2,,,,,,,,2.950000047683716,PSZ2
ComPACT_G28.945-37.303,315.8,-19.0,0.9792940020561218,26,2,,,,,,,,,,,,
ComPACT_G122.666-49.788,12.68333,13.08333,0.9789904356002808,36,1,,,,0.61,0.1605167895720998,0.8224406960350128,,,,,,
ComPACT_G277.155-53.032,42.25833,-57.80833,0.9973365664482116,39,1,0.3573,phot,zaznobin,,,,0.3573,0.0438158722189485,0.984,0.999,2.808673046887741,yact
ComPACT_G150.992-39.094,35.54167,18.78333,0.9943021535873412,77,1,0.212,phot,ACT-MCMF,0.21,0.1206368418523234,2.9610659664585537,0.2149,0.0392189664472118,0.999,0.969,4.829999923706055,PSZ2
ComPACT_G205.576-44.189,59.9,-13.65833,0.9420737624168396,42,1,0.253,spec,ACT-MCMF,0.24,0.1236278379313067,12.5644909659075,0.2558,0.0405392855909199,0.998,0.994,5.010000228881836,PSZ2
ComPACT_G278.637+57.103,179.925,-3.30833,0.966693103313446,27,2,,,,0.67,0.1664987817300663,0.9489669683356,,,,,,
ComPACT_G219.010-22.572,84.93333,-15.19167,0.9927088022232056,23,3,,,,,,,,,,,,
ComPACT_G32.773+39.917,246.14167,16.9,0.9520925879478456,25,3,,,,0.52,0.1515438013351501,0.7689370846478476,,,,,,
ComPACT_G27.187+50.561,234.28333,17.19167,0.9753434062004088,40,1,,,,0.55,0.1545347974141334,0.8852488773965523,,,,,,
ComPACT_G235.958+28.607,138.65833,-5.00833,0.9775057435035706,35,1,,,,0.81,0.180456763431988,1.766822824679569,,,,,,
ComPACT_G20.341+51.934,231.15833,13.85,0.8718106150627136,21,3,,,,0.6,0.1595197908791054,1.85203060134924,,,,,,
ComPACT_G301.404-62.656,14.06667,-54.45833,0.9171488881111144,21,3,,,,0.78,0.1774657673530048,1.4015191504260875,,,,,,
ComPACT_G212.981+17.696,118.73333,7.925,0.9389004707336426,22,3,,,,0.74,0.1734777725810271,1.439339869192462,,,,,,
ComPACT_G313.625-58.457,2.36667,-57.79167,0.9788347482681274,22,3,,,,0.2,0.119639843159329,0.4192908889086288,,,,,,
ComPACT_G76.223-47.267,343.15833,4.54167,0.998932421207428,53,1,0.666,spec,MaDCoWS_II,0.62,0.1615137882650942,12.532346942247282,0.6798,0.0542267016528327,1.0,0.999,6.329999923706055,PSZ2
ComPACT_G174.700-63.417,33.725,-9.28333,0.8695056438446045,44,1,0.7344,phot,zaznobin,0.64,0.1635077856510831,2.05850479360212,0.7344,0.0559892792872205,0.991,0.988,,
ComPACT_G352.705+71.165,207.59167,14.24167,0.9463826417922974,25,3,,,,0.5800000000000001,0.1575257934931166,1.344005219017622,,,,,,
ComPACT_G230.354-76.569,27.74167,-30.35833,0.9397008419036864,35,1,,,,0.15,0.114654849694357,0.2132878143235319,,,,,,
ComPACT_G24.412+22.793,258.8,3.15833,0.9972981810569764,56,1,0.165,spec,ACTDR6,,,,,,,,4.510000228881836,PSZ2
ComPACT_G222.123+19.112,123.975,0.85833,0.9350119233131408,21,3,0.464,phot,CODEX,0.51,0.1505468026421557,0.9972220068662752,,,,,,
ComPACT_G112.557-47.809,5.68333,14.48333,0.9322208762168884,46,1,0.363,phot,REDMAPPER-DES-SDSS,0.33,0.1326008261682564,2.779616090750546,,,,,,
ComPACT_G322.511+77.801,197.075,15.575,0.9863687753677368,41,1,,,,0.19,0.1186428444663346,0.4514540211394893,,,,,,
ComPACT_G50.637-35.410,321.85833,-2.5,0.936217486858368,23,3,1.01,phot,zCluster,1.01,0.2003967372918761,3.9231638586619377,,,,,,
ComPACT_G82.304-73.278,1.725,-14.025,0.8966203927993774,22,3,,,,0.37,0.136588820940234,1.0475861900486834,,,,,,
ComPACT_G28.923+38.764,246.05,13.70833,0.9584653973579408,47,1,,,,0.78,0.1774657673530048,1.439721610620102,,,,,,
ComPACT_G143.021-45.244,27.38333,15.35,0.9494501948356628,29,2,,,,0.63,0.1625107869580886,0.8639296113009007,,,,,,
ComPACT_G106.147-56.241,3.58333,5.41667,0.9635036587715148,25,3,0.593,phot,CODEX,0.17,0.1166488470803458,0.6164398542429301,,,,,4.562790222502118,yact
ComPACT_G349.339+48.882,221.35833,-3.44167,0.9980243444442748,34,1,0.555,phot,ACTDR6,0.53,0.1525408000281445,5.607746435679638,0.5362,0.0495910579111094,1.0,0.997,4.290058815933364,ACTDR6
ComPACT_G3.995-81.454,4.13333,-30.99167,0.9907522201538086,30,2,,,,0.7100000000000001,0.1704867765020439,2.1794527124343386,,,,,,
ComPACT_G355.828+62.514,214.74167,9.01667,0.998815894126892,42,1,0.467,spec,ACT-MCMF,0.44,0.1435678117911948,3.704434434261665,0.4572,0.0470408082203285,0.987,0.946,4.895183506376752,ACTDR6
ComPACT_G12.180+51.335,229.14167,9.15,0.9652369618415833,25,3,,,,0.16,0.1156518483873514,0.766296838668161,,,,,,
ComPACT_G241.477+67.317,172.34167,14.875,0.9864132404327391,38,1,,,,0.17,0.1166488470803458,0.194340372360845,,,,,,
ComPACT_G354.337+63.790,213.34167,9.43333,0.9397461414337158,25,3,0.365,spec,REDMAPPER-DES-SDSS,0.37,0.136588820940234,2.1093199947844394,,,,,3.799863406675272,yact
ComPACT_G249.890-21.647,97.20833,-41.725,0.9979992508888244,67,1,0.176,spec,ACT-MCMF,,,,,,,,3.839999914169312,PSZ2
ComPACT_G7.189+43.273,233.86667,1.78333,0.9989332556724548,56,1,0.465,spec,ACT-MCMF,0.46,0.1455618091771837,4.55780140155518,0.4615,0.0471796192794469,1.0,0.992,6.777711961798858,ACTDR6
ComPACT_G54.609-42.665,329.63333,-3.85833,0.9983518123626708,55,1,0.404,spec,ACTDR6,0.4,0.1395798170192172,20.137778420724025,0.3923,0.0449457296768895,1.0,0.985,8.941186207550416,ACTDR6
ComPACT_G274.125+65.923,181.46667,5.63333,0.973010003566742,35,1,,,,0.16,0.1156518483873514,0.2054744114806075,,,,,,
ComPACT_G120.849-58.446,11.76667,4.40833,0.9875844120979308,83,1,,,,0.3,0.1296098300892731,0.5469950040626079,,,,,,
ComPACT_G207.243+19.184,117.74167,13.48333,0.8807600736618042,22,3,,,,0.33,0.1326008261682564,1.6380891286415689,,,,,,
ComPACT_G36.709+35.633,251.50833,18.25833,0.9687563180923462,30,2,,,,0.26,0.1256218353172955,0.7539092896331114,,,,,,
ComPACT_G282.283+59.517,182.55,-1.69167,0.9709212183952332,27,2,,,,0.5700000000000001,0.1565287948001222,0.8533793279798176,,,,,,
ComPACT_G20.315+55.215,228.10833,15.28333,0.9885138869285583,33,1,0.185,spec,ACT-MCMF,0.16,0.1156518483873514,1.7941690977657083,0.1858,0.0382795706750381,0.992,0.99,1.26825,ACT-MCMF
ComPACT_G221.097+51.330,152.79167,16.08333,0.9865016341209412,36,1,0.143,spec,RASS-MCMF,0.15,0.114654849694357,2.734843210103149,0.1464,0.0370076739938132,0.988,0.946,3.180901749763798,ACTDR6
ComPACT_G129.284-43.414,17.74167,19.21667,0.9642675518989564,33,1,,,,0.33,0.1326008261682564,0.9548363115059664,,,,,,
ComPACT_G7.538+50.366,228.28333,6.18333,0.9976698756217957,58,1,0.174,spec,ACTDR6,0.16,0.1156518483873514,1.801409746068503,0.1767,0.0379858077359734,0.994,0.975,2.453824,ComPRASS
ComPACT_G44.404-73.355,355.14167,-22.71667,0.9755725860595704,23,3,,,,,,,,,,,,
ComPACT_G8.659-47.257,323.25,-35.675,0.9875918626785278,32,1,,,,,,,,,,,,
ComPACT_G333.594+66.342,204.74167,6.34167,0.9997517466545104,72,1,0.549,spec,ACTDR5,0.54,0.1535377987211389,3.229430980600159,0.5342,0.0495264946277985,1.0,0.991,5.230845071647436,ACTDR6
ComPACT_G356.385-38.760,311.73333,-44.325,0.9622756242752076,22,3,,,,0.56,0.1555317961071278,0.6469931365580532,,,,,,
ComPACT_G52.673-48.799,334.05833,-8.34167,0.9825308918952942,34,1,0.349,phot,CODEX,0.17,0.1166488470803458,0.5049450363463612,,,,,1.7440460822219517,yact
ComPACT_G335.990-24.040,284.41667,-60.10833,0.992833137512207,21,3,,,,,,,,,,,,
ComPACT_G188.354-34.982,61.08333,2.4,0.9983017444610596,54,1,0.272,spec,PSZ1_Barenna,,,,,,,,6.380000114440918,PSZ2
ComPACT_G98.420-63.082,2.025,-2.29167,0.8543558120727539,21,3,,,,0.65,0.1645047843440774,0.8596802448782581,,,,,,
ComPACT_G74.789-69.841,357.59167,-12.90833,0.990523874759674,34,1,,,,0.17,0.1166488470803458,0.2269785906146308,,,,,,
ComPACT_G162.277-31.627,48.0,20.3,0.9034768342971802,22,3,,,,,,,,,,,,
ComPACT_G352.487+60.755,214.84167,6.65,0.9927219748497008,47,1,0.574,spec,ACTDR6,0.54,0.1535377987211389,1.33971699284367,0.5424,0.0497912040893732,0.988,0.948,3.0814056524267524,ACTDR6
ComPACT_G236.246+41.128,149.05833,1.98333,0.9961920976638794,44,1,0.963,spec,ACT-MCMF,0.15,0.114654849694357,0.2774763228379178,,,,,3.7158400018911313,ACTDR6
ComPACT_G235.779+31.556,141.0,-3.2,0.9249979853630066,37,1,,,,0.44,0.1435678117911948,1.7230882012722135,,,,,,
ComPACT_G27.560+57.084,227.94167,19.725,0.832618236541748,23,3,,,,0.55,0.1545347974141334,1.7498559022801548,,,,,,
ComPACT_G239.237-46.838,63.05833,-37.04167,0.997385799884796,48,1,1.321,phot,ACT-MCMF,1.26,0.2253217046167364,5.736454452872433,,,,,2.623263304627603,ACTDR6
ComPACT_G121.611-66.583,12.33333,-3.71667,0.9515904784202576,75,1,0.52,phot,MaDCoWS_II,0.74,0.1734777725810271,1.0906393286090283,,,,,,
ComPACT_G221.365+45.027,146.93333,13.31667,0.9172323346138,27,2,0.45,phot,zCluster,0.45,0.1445648104841893,4.8402907024590425,,,,,9.166667974483362,yact
ComPACT_G86.842-65.382,358.55833,-6.6,0.9631915092468262,23,3,,,,0.38,0.1375858196332284,1.3187921500142488,,,,,,
ComPACT_G336.622-24.057,284.70833,-59.55,0.9773962497711182,22,3,,,,,,,,,,,,
ComPACT_G153.999-70.840,22.775,-10.4,0.9968568086624146,39,1,0.754,phot,ACTDR5,0.77,0.1764687686600104,4.1992069563771945,0.7271,0.0557536233031357,0.999,0.886,5.682971231414228,ACTDR6
ComPACT_G217.336-19.892,86.8,-12.675,0.9781689643859864,34,1,,,,,,,,,,,,
ComPACT_G200.544-31.359,69.61667,-4.25833,0.966939389705658,28,2,,,,0.15,0.114654849694357,0.1708396747483931,,,,,,
ComPACT_G314.801+80.432,194.91667,17.75,0.9934409260749816,29,2,0.649,spec,ACTDR6,0.5700000000000001,0.1565287948001222,5.257770695815093,0.6892,0.0545301490843939,0.997,0.987,2.4651263498864187,ACTDR6
ComPACT_G174.191-45.734,45.91667,3.56667,0.9722785353660583,31,1,,,,0.34,0.1335978248612508,2.089148923160536,,,,,,
ComPACT_G258.697+49.401,165.79167,-3.94167,0.9179263710975648,45,1,0.645,phot,MaDCoWS_II,0.6,0.1595197908791054,1.0054625162009545,,,,,,
ComPACT_G300.821+72.770,192.225,9.90833,0.9957179427146912,34,1,,,,0.53,0.1525408000281445,0.6814449132055496,,,,,,
ComPACT_G66.379-83.773,7.19167,-23.58333,0.9903970956802368,29,2,0.112,spec,MCXC2,0.15,0.114654849694357,0.3901890728351398,0.1101,0.0358358504017202,0.995,0.959,2.8299999237060547,PSZ2
ComPACT_G350.185-62.466,345.14167,-43.125,0.8243932127952576,43,1,,,,0.6,0.1595197908791054,1.6057758540901204,,,,,,
ComPACT_G171.621-35.516,51.6,12.31667,0.9802783131599426,29,2,,,,,,,,,,,,
ComPACT_G334.788-60.902,349.325,-50.0,0.9495192170143129,26,2,1.047,phot,SPTDEEP,0.16,0.1156518483873514,0.4517155769644339,,,,,3.1049113500505308,ACTDR6
ComPACT_G327.172+59.424,204.91667,-1.15833,0.962078869342804,27,2,0.47,phot,MaDCoWS_II,0.48,0.1475558065631725,0.4643398838201038,,,,,,
ComPACT_G260.426+60.273,173.23333,4.05,0.9521241784095764,21,3,,,,0.63,0.1625107869580886,1.042810176751222,,,,,,
ComPACT_G41.735-62.059,343.375,-19.81667,0.8291279077529907,43,1,,,,,,,,,,,,
ComPACT_G338.340+58.498,210.48333,0.55833,0.9433611631393432,25,3,0.806,phot,ACT-MCMF,0.77,0.1764687686600104,8.864489883796269,,,,,2.77232591353716,ACTDR6
ComPACT_G206.202+30.594,128.31667,18.775,0.99192613363266,46,1,,,,0.17,0.1166488470803458,0.2324006381081322,,,,,,
ComPACT_G262.338-42.355,67.3,-53.76667,0.8101844787597656,36,1,0.04,spec,MCXC2,0.16,0.1156518483873514,0.6453211273367783,0.0416,0.0336245579483215,0.99,0.997,0.6556000113487244,MCXC2
ComPACT_G144.047-43.634,28.65,16.63333,0.9912680387496948,27,2,,,,0.52,0.1515438013351501,2.318955545305128,,,,,,
ComPACT_G17.445-56.254,334.33333,-30.74167,0.9607341289520264,22,3,,,,,,,,,,,,
ComPACT_G234.322-34.446,77.35833,-31.70833,0.9856145977973938,32,1,,,,0.2,0.119639843159329,0.2131789677391706,,,,,,
ComPACT_G300.667-66.203,14.30833,-50.9,0.9660978317260742,28,2,0.548,phot,PSZ-MCMF,0.52,0.1515438013351501,2.9051903494275884,0.5299,0.04938768356868,1.0,0.95,5.183411807509202,PSZ-MCMF
ComPACT_G338.595-40.505,316.625,-57.775,0.9481438398361206,21,3,,,,0.16,0.1156518483873514,0.2514051382015423,,,,,,
ComPACT_G219.140+48.820,149.875,16.25,0.9383994340896606,28,2,,,,0.7100000000000001,0.1704867765020439,1.911716690714111,,,,,,
ComPACT_G253.165-28.688,88.70833,-46.31667,0.9280754923820496,28,2,,,,0.73,0.1724807738880327,0.9647691466391296,,,,,,
ComPACT_G9.866-19.704,291.51667,-28.81667,0.9964722394943236,44,1,,,,,,,,,,,,
ComPACT_G173.399-33.959,53.78333,12.425,0.8185641169548035,22,3,,,,,,,,,,,,
ComPACT_G111.621-47.572,5.0,14.60833,0.9965866804122924,49,1,0.306,spec,REDMAPPER-DES-SDSS,0.32,0.131603827475262,6.617845704477205,0.3149,0.0424471306127573,0.999,0.988,4.25464066119181,ACTDR6
ComPACT_G212.636+21.281,121.85833,9.775,0.9180002212524414,33,1,,,,0.9,0.1894297516689377,2.4924094210361067,,,,,,
ComPACT_G241.779-81.903,21.11667,-30.79167,0.93819659948349,21,3,1.18,phot,zCluster,1.18,0.2173457150727811,5.164115772582481,,,,,5.088295052565193,yact
ComPACT_G203.085-31.477,70.55833,-6.21667,0.9566382765769958,30,2,,,,0.18,0.1176458457733402,0.3513352343386946,,,,,,
ComPACT_G224.430-76.599,27.90833,-28.99167,0.9989224672317504,59,1,0.413,spec,PSZ2,0.4,0.1395798170192172,18.04264197894751,0.4176,0.0457624552107725,1.0,0.998,5.820000171661377,PSZ2
ComPACT_G215.983+31.234,132.31667,11.3,0.99179345369339,35,1,,,,0.62,0.1615137882650942,1.365839547346896,,,,,,
ComPACT_G252.160-44.494,65.75,-46.14167,0.997657060623169,40,1,0.629,phot,SPT-MCMF,0.5800000000000001,0.1575257934931166,2.191251578789404,0.6585,0.0535391026855715,0.999,0.993,4.689938164586282,ACTDR6
ComPACT_G151.445-68.884,22.86667,-8.25833,0.9919700026512146,47,1,,,,0.15,0.114654849694357,0.3461059342501251,,,,,,
ComPACT_G249.985-33.005,82.05,-44.275,0.9840618968009948,48,1,0.648,phot,ACTDR5,0.5800000000000001,0.1575257934931166,1.290498895739292,0.6442,0.0530774752098985,0.994,0.976,4.050986128619245,ACTDR6
ComPACT_G184.748-60.424,39.15833,-10.9,0.9894264936447144,29,2,,,,0.16,0.1156518483873514,0.2077451120930877,,,,,,
ComPACT_G312.833+72.296,195.9,9.65833,0.998815894126892,54,1,0.471,spec,ACT-MCMF,0.45,0.1445648104841893,7.632510599741998,0.45,0.0468083804004092,0.984,0.948,3.506343708433799,ACTDR6
ComPACT_G270.448-47.461,55.4,-57.51667,0.9960726499557496,36,1,0.701,phot,SPT-MCMF,0.62,0.1615137882650942,2.7669970542956754,0.6983,0.0548239120234586,1.0,0.998,2.868275,PSZSPT
ComPACT_G221.224-51.801,55.75,-25.95833,0.9788815975189208,27,2,,,,0.52,0.1515438013351501,1.8405650797365416,,,,,,
ComPACT_G297.941+69.161,191.075,6.35833,0.909018874168396,21,3,,,,0.21,0.1206368418523234,0.4985408575967405,,,,,,
ComPACT_G60.002-47.919,336.125,-3.84167,0.973145067691803,23,3,,,,0.48,0.1475558065631725,0.910109329614686,,,,,,
ComPACT_G95.147-53.877,356.83333,5.5,0.959257185459137,34,1,,,,0.62,0.1615137882650942,0.9222278505732672,,,,,,
ComPACT_G322.041-64.419,359.95,-50.75,0.9158725738525392,36,1,,,,,,,,,,,,
ComPACT_G215.373-42.752,64.05833,-19.71667,0.9555168151855468,36,1,,,,0.18,0.1176458457733402,0.2274658883474625,,,,,,
ComPACT_G84.973-41.753,344.8,12.7,0.9563441276550292,22,3,,,,0.55,0.1545347974141334,0.5934036745934816,,,,,,
ComPACT_G43.160-57.680,339.375,-17.50833,0.9748467803001404,24,3,,,,,,,,,,,,
ComPACT_G208.162+20.064,118.93333,13.05833,0.929796814918518,25,3,0.161,spec,REDMAPPER-DES-SDSS,0.16,0.1156518483873514,1.4379683687488818,0.1639,0.0375726027227836,0.982,0.969,,
ComPACT_G212.573+34.009,133.725,15.05,0.982328712940216,28,2,,,,0.49,0.1485528052561669,1.69089064820762,,,,,,
ComPACT_G14.132-73.893,354.98333,-31.175,0.9372262358665466,46,1,,,,,,,,,,,,
ComPACT_G221.002+25.607,129.21667,4.84167,0.8341914415359497,27,2,,,,0.28,0.1276158327032843,2.07166243456778,,,,,,
ComPACT_G255.868-52.148,54.11667,-47.05833,0.9874005913734436,39,1,0.858,phot,ACTDR5,0.8,0.1794597647389936,5.225676575330455,,,,,2.865121,PSZSPT
ComPACT_G24.873-44.821,322.50833,-24.2,0.985484778881073,26,2,,,,,,,,,,,,
ComPACT_G22.270+55.697,228.14167,16.49167,0.9995187520980836,66,1,0.187,spec,ACTDR5,0.17,0.1166488470803458,2.662675076406864,0.1877,0.0383409057941834,0.999,0.966,3.714173,ComPRASS
ComPACT_G107.290-67.075,6.80833,-4.94167,0.9992966651916504,51,1,0.697,phot,ACTDR6,0.68,0.1674957804230607,5.177304852549674,0.6813,0.0542751241153159,1.0,0.996,5.805991392406543,ACTDR6
ComPACT_G14.569-48.913,325.6,-31.86667,0.9805226922035216,26,2,,,,,,,,,,,,
ComPACT_G263.015+59.780,173.99167,2.89167,0.968122899532318,24,3,0.78,phot,zCluster,0.78,0.1774657673530048,3.654901651529661,,,,,,
ComPACT_G22.520+38.361,244.2,9.025,0.9983280301094056,51,1,0.416,spec,REDMAPPER-DES-SDSS,0.45,0.1445648104841893,6.450165490555463,0.4566,0.0470214392353352,0.997,0.991,4.292877699603051,yplanck
ComPACT_G189.977-32.185,64.15,2.91667,0.9831978678703308,22,3,,,,,,,,,,,,
ComPACT_G5.487+45.181,231.60833,1.96667,0.9976335763931274,51,1,0.306,spec,ACT-MCMF,0.31,0.1306068287822676,4.165837119288852,0.3069,0.0421888774795136,0.997,0.934,4.868203641414088,ACTDR6
ComPACT_G120.078-44.516,10.71667,18.30833,0.9053837060928344,26,2,,,,0.54,0.1535377987211389,1.8309886715922667,,,,,,
ComPACT_G213.083+46.975,146.53333,19.375,0.9056394696235656,33,1,,,,0.51,0.1505468026421557,2.9814923239825872,,,,,,
ComPACT_G178.201-45.272,48.21667,1.88333,0.9986164569854736,48,1,0.556,spec,ACTDR6,0.54,0.1535377987211389,9.56561600948332,0.5547,0.0501882682817353,1.0,0.997,6.238490354560318,ACTDR6
ComPACT_G217.410+19.740,122.45833,5.08333,0.9804291725158693,26,2,,,,1.3,0.229309699388714,2.1421592373546194,,,,,,
ComPACT_G357.853-22.323,290.05833,-40.26667,0.9857577085494996,24,3,,,,,,,,,,,,
ComPACT_G359.215-33.598,304.98333,-41.59167,0.9549605846405028,27,2,0.246,phot,ACTDR6,0.22,0.1216338405453179,3.678739155321298,,,,,3.7158400018911313,ACTDR6
ComPACT_G54.221-23.636,313.64167,6.5,0.9684810638427734,27,2,,,,0.65,0.1645047843440774,1.0514796174915824,,,,,,
ComPACT_G227.463-31.367,79.0,-25.34167,0.9722836017608644,26,2,0.281,phot,PSZ-MCMF,0.28,0.1276158327032843,3.747292791414793,,,,,4.695452529061253,PSZ-MCMF
ComPACT_G57.035-29.183,319.675,5.45,0.953292965888977,33,1,,,,0.66,0.1655017830370719,0.8703154625830465,,,,,,
ComPACT_G315.603-83.784,11.23333,-33.18333,0.9909020066261292,29,2,0.312,phot,PSZ-MCMF,0.31,0.1306068287822676,2.645980194088644,0.3285,0.0428861609392715,0.992,0.938,4.369999885559082,PSZ2
ComPACT_G143.119-42.141,28.49167,18.26667,0.959481418132782,22,3,,,,0.6900000000000001,0.1684927791160551,1.3552973452477195,,,,,,
ComPACT_G319.658-73.504,6.46667,-42.78333,0.9704407453536988,23,3,,,,0.67,0.1664987817300663,0.7035892783637825,,,,,,
ComPACT_G7.633+50.850,227.925,6.51667,0.8981074094772339,23,3,0.538,spec,NEURALENS,0.53,0.1525408000281445,2.305622790704114,,,,,,
ComPACT_G181.236-49.947,46.1,-2.75833,0.984480619430542,52,1,,,,0.47,0.1465588078701781,1.613333094895312,,,,,,
ComPACT_G252.858-56.098,49.48333,-44.19167,0.8211818933486938,68,1,0.075,spec,MCXC2,0.16,0.1156518483873514,0.2152661338691086,0.0975,0.0354291017168614,0.995,0.955,2.930000066757202,PSZ2
ComPACT_G2.210+68.630,211.78333,15.00833,0.8308981657028198,31,1,,,,0.59,0.158522792186111,1.0978919915605028,,,,,,
ComPACT_G15.306+52.329,229.3,11.31667,0.9338491559028624,23,3,,,,0.53,0.1525408000281445,0.6476800212148577,,,,,,
ComPACT_G80.418-59.685,352.875,-3.58333,0.9690333604812622,27,2,0.64,phot,MaDCoWS_II,0.63,0.1625107869580886,4.380300258607804,0.667,0.0538134966396429,0.994,0.988,5.619505564202011,yact
ComPACT_G207.559-20.320,82.35833,-4.6,0.9802504777908324,68,1,,,,,,,,,,,,
ComPACT_G223.903-43.657,65.025,-25.93333,0.9587236046791076,22,3,,,,0.5,0.1495498039491613,1.13534259440397,,,,,,
ComPACT_G168.959-77.044,22.61667,-17.80833,0.973326861858368,24,3,0.68,phot,zCluster,0.68,0.1674957804230607,3.721721945443062,,,,,4.589358075116542,yact
ComPACT_G35.651-83.267,5.33333,-26.60833,0.9560143351554872,45,1,1.187,phot,ACTDR6,0.16,0.1156518483873514,0.9625211898484896,,,,,2.976784356556119,ACTDR6
ComPACT_G22.863+41.232,241.73333,10.575,0.9495845437049866,23,3,0.778,spec,ACTDR6,0.73,0.1724807738880327,1.5718540339794087,,,,,2.15890445910062,ACTDR6
ComPACT_G80.721-68.962,358.64167,-10.89167,0.917435884475708,35,1,0.3,phot,REDMAPPER-DES-SDSS,0.16,0.1156518483873514,0.3128607409004045,,,,,,
ComPACT_G321.839-73.518,5.69167,-42.54167,0.9944111704826356,32,1,1.077,spec,ACTDR6,0.7000000000000001,0.1694897778090495,1.1819648135656111,,,,,2.383075017113359,ACTDR6
ComPACT_G194.110-26.128,71.2,3.26667,0.9337478876113892,24,3,,,,,,,,,,,,
ComPACT_G218.947+43.489,144.75,14.25,0.917051374912262,21,3,0.134,spec,RASS-MCMF,0.16,0.1156518483873514,0.6888465404440938,0.1555,0.0373014369328778,0.988,0.976,1.39484,RASS-MCMF
ComPACT_G66.345-22.157,319.175,16.375,0.9990662932395936,53,1,0.856,phot,ACTDR5,0.63,0.1625107869580886,4.612716306218904,,,,,4.8380289952679645,ACTDR6
ComPACT_G136.263-45.567,22.54167,16.3,0.9740323424339294,21,3,,,,0.27,0.1266188340102899,0.6512342217987672,,,,,,
ComPACT_G240.810+58.722,165.08333,10.0,0.9741409420967102,52,1,,,,0.28,0.1276158327032843,0.7161784645415332,,,,,,
ComPACT_G321.269+60.435,201.79167,-1.15833,0.9237483739852904,24,3,,,,0.56,0.1555317961071278,1.365925940301299,,,,,,
ComPACT_G113.278-54.608,7.23333,7.84167,0.9970098733901978,44,1,0.266,spec,ACT-MCMF,0.28,0.1276158327032843,8.640026613463384,0.2703,0.041007369394924,0.998,0.991,4.644796558143288,ACTDR6
ComPACT_G9.935+49.228,230.11667,6.79167,0.8806506395339966,39,1,,,,0.56,0.1555317961071278,0.7411685182683827,,,,,,
ComPACT_G174.689-25.004,61.25833,17.85,0.9927195310592652,42,1,,,,,,,,,,,,
ComPACT_G244.917+62.268,169.18333,10.61667,0.9690091013908386,32,1,,,,0.78,0.1774657673530048,1.9864477105802496,,,,,,
ComPACT_G67.562-55.747,345.14167,-5.29167,0.9754621982574464,22,3,,,,0.43,0.1425708130982004,1.826648564205179,,,,,,
ComPACT_G210.897-39.355,66.11667,-15.35,0.9514999389648438,23,3,,,,0.18,0.1176458457733402,0.2611358371565011,,,,,,
ComPACT_G155.988-60.546,28.425,-1.73333,0.999392867088318,71,1,0.866,spec,ACT-MCMF,0.78,0.1774657673530048,4.1296498342908725,,,,,4.130109785949339,ACTDR6
ComPACT_G139.899-44.304,25.46667,16.9,0.9002285003662109,25,3,,,,0.16,0.1156518483873514,0.4953408177833776,,,,,,
ComPACT_G25.557+43.326,240.7,13.28333,0.9937331080436708,40,1,0.4,spec,REDMAPPER-DES-SDSS,0.41,0.1405768157122116,8.777340407266465,0.405,0.0453557065259137,0.999,0.993,2.9891489374741607,ACTDR6
ComPACT_G247.960-33.001,81.74167,-42.59167,0.9829436540603638,70,1,,,,0.56,0.1555317961071278,0.5266349325523283,,,,,,
ComPACT_G347.783-81.345,5.58333,-33.075,0.9638490676879884,66,1,,,,0.6900000000000001,0.1684927791160551,0.7902384123607906,,,,,,
ComPACT_G7.468+73.032,209.03333,18.93333,0.919218122959137,30,2,,,,0.51,0.1505468026421557,0.926084283695194,,,,,,
ComPACT_G250.417-41.342,70.35833,-45.05833,0.9293593168258668,42,1,0.15,spec,PSZ2,0.15,0.114654849694357,1.0193000334270867,0.1668,0.0376662194835844,0.997,0.967,2.640000104904175,PSZ2
ComPACT_G202.926-72.246,31.86667,-22.775,0.952173352241516,46,1,,,,0.2,0.119639843159329,0.7089754904581438,,,,,,
ComPACT_G175.622-28.469,59.2,14.88333,0.9981094598770142,49,1,,,,,,,,,,,,
ComPACT_G205.930+36.306,133.94167,20.94167,0.8858698606491089,30,2,,,,0.14,0.1136578510013626,0.1719442410779699,,,,,,
ComPACT_G238.401+69.407,173.46667,16.99167,0.8890794515609741,25,3,,,,0.15,0.114654849694357,0.3062572565024333,,,,,,
ComPACT_G3.548-16.540,285.525,-33.25833,0.9791689515113832,22,3,,,,,,,,,,,,
ComPACT_G317.591+69.032,198.09167,6.75833,0.9565096497535706,30,2,0.453,spec,REDMAPPER-DES-SDSS,0.43,0.1425708130982004,11.731353851873092,0.4499,0.0468051522362436,1.0,0.999,3.725890764437517,yplanck
ComPACT_G262.912+72.571,181.44167,13.35,0.8323972225189209,32,1,,,,0.25,0.1246248366243011,1.0543607050267898,,,,,,
ComPACT_G15.344-61.474,340.41667,-31.94167,0.9928286671638488,31,1,1.277,phot,ACT-MCMF,,,,,,,,3.345433837248013,ACTDR6
ComPACT_G224.482+35.864,139.725,7.05,0.8940884470939636,23,3,,,,0.15,0.114654849694357,0.1932080497484454,,,,,,
ComPACT_G260.822-62.306,39.15,-45.28333,0.9616138935089112,26,2,0.725,phot,ACTDR5,0.63,0.1625107869580886,4.1330920014266646,,,,,3.6623207333636874,ACTDR6
ComPACT_G93.457-43.146,351.075,14.68333,0.8743473291397095,27,2,0.043,spec,MCXC2,0.22,0.1216338405453179,1.374493975912018,,,,,1.8200000524520876,PSZ2
ComPACT_G359.691-68.469,350.225,-37.1,0.94679594039917,24,3,,,,,,,,,,,,
ComPACT_G38.026-24.323,306.825,-6.65,0.987969160079956,29,2,,,,0.26,0.1256218353172955,-0.653225587978636,,,,,,
ComPACT_G100.802-50.317,358.71667,10.10833,0.8700817823410034,22,3,,,,0.6,0.1595197908791054,0.7757193189513669,,,,,,
ComPACT_G11.473+36.228,241.51667,0.39167,0.9737499952316284,22,3,,,,0.52,0.1515438013351501,1.2420348204772358,,,,,,
ComPACT_G129.585-57.997,16.39167,4.69167,0.9863234758377076,57,1,,,,0.18,0.1176458457733402,0.3856304314513497,,,,,,
ComPACT_G1.823-46.924,322.775,-40.325,0.9996135830879213,54,1,0.435,phot,MARD-Y3,0.42,0.141573814405206,22.04302379776336,0.4292,0.0461369222539757,0.999,0.992,6.282669848662681,PSZ-MCMF
ComPACT_G219.336-29.869,78.00833,-18.25,0.9115304946899414,23,3,1.21,phot,ACTDR6,0.16,0.1156518483873514,0.1640862043819948,,,,,2.8697613656589205,ACTDR6
ComPACT_G339.053+55.372,212.44167,-1.90833,0.8619476556777954,22,3,,,,0.55,0.1545347974141334,1.1671393605464626,,,,,,
ComPACT_G232.571+44.950,150.74167,6.34167,0.9689776301383972,27,2,0.221,spec,REDMAPPER-DES-SDSS,0.21,0.1206368418523234,2.088861364244801,0.2319,0.0397677543553545,0.986,0.985,,
ComPACT_G231.190-58.776,48.48333,-32.30833,0.9858705401420592,45,1,0.8,phot,zCluster,0.8,0.1794597647389936,6.702658586890315,,,,,,
ComPACT_G185.384-65.122,35.45833,-13.91667,0.9881231188774108,44,1,,,,0.53,0.1525408000281445,1.4024995241177738,,,,,,
ComPACT_G77.961-48.543,344.875,4.30833,0.8263819217681885,24,3,,,,0.22,0.1216338405453179,1.023953004352344,,,,,,
ComPACT_G76.941-80.256,5.40833,-20.16667,0.9702976942062378,35,1,1.2,phot,zCluster,1.2,0.21933971245877,3.279946924960493,,,,,7.10910344240342,yact
ComPACT_G308.550-76.427,11.125,-40.625,0.999456226825714,51,1,1.02,phot,SPT2500D,0.94,0.1934177464409153,14.63814215746056,,,,,4.199158969458743,ACTDR6
ComPACT_G74.037-54.666,347.00833,-1.925,0.9865146279335022,29,2,0.305,spec,ACTDR5,0.33,0.1326008261682564,13.219500443427492,0.3101,0.0422921787328111,0.999,0.998,5.400000095367432,PSZ2
ComPACT_G250.949+47.005,160.33333,-2.30833,0.9500539898872375,23,3,,,,0.16,0.1156518483873514,0.2146977971742192,,,,,,
ComPACT_G30.856-44.134,323.14167,-19.91667,0.9894569516181946,32,1,,,,,,,,,,,,
ComPACT_G135.851-52.303,20.83333,9.76667,0.966682493686676,34,1,0.7334,phot,zaznobin,0.66,0.1655017830370719,1.4160914973510987,0.7334,0.055956997645565,0.99,0.937,9.696030479437502,yact
ComPACT_G246.928+49.674,160.4,1.46667,0.9891266226768494,43,1,0.387,spec,ACTDR6,0.37,0.136588820940234,12.4942729244918,0.3902,0.044877938229413,0.999,0.997,3.05807790443133,ACTDR6
ComPACT_G353.965+64.081,213.01667,9.525,0.9107235074043274,29,2,0.6675,phot,zaznobin,0.6,0.1595197908791054,3.2642134979379263,0.6675,0.0538296374604706,0.991,0.987,2.726420497488337,yact
ComPACT_G29.352-54.478,333.53333,-23.79167,0.9640103578567504,59,1,,,,,,,,,,,,
ComPACT_G273.709-50.360,48.68333,-57.85,0.9689428210258484,21,3,0.333,phot,PSZ-MCMF,0.31,0.1306068287822676,4.684423235360884,0.3203,0.0426214514776967,0.991,0.975,4.13168991726133,PSZ-MCMF
ComPACT_G5.895+59.849,219.975,11.01667,0.9741047024726868,35,1,0.23,spec,REDMAPPER-DES-SDSS,0.22,0.1216338405453179,4.18624623073729,0.2337,0.0398258613103344,0.996,0.917,2.558207729716416,yact
ComPACT_G36.167-57.115,337.40833,-20.83333,0.8154674768447876,52,1,,,,,,,,,,,,
ComPACT_G355.804-33.173,303.89167,-44.35833,0.9522443413734436,40,1,,,,,,,,,,,,
ComPACT_G43.008-37.781,320.875,-8.99167,0.9880164265632628,30,2,,,,0.59,0.158522792186111,0.8086474218513302,,,,,,
ComPACT_G53.658-53.036,338.025,-10.075,0.9741476774215698,33,1,0.4309,phot,zaznobin,0.42,0.141573814405206,8.21491572663807,0.4309,0.04619180104479,0.995,0.979,4.500440867079711,yact
ComPACT_G41.328-20.992,305.275,-2.40833,0.8062797784805298,25,3,,,,0.19,0.1186428444663346,-0.6920236013121472,,,,,,
ComPACT_G173.015-49.650,42.64167,1.275,0.9043477177619934,25,3,,,,0.15,0.114654849694357,0.1847460791640005,,,,,,
ComPACT_G212.226-53.191,52.78333,-21.00833,0.9975534081459044,55,1,0.188,spec,ACT-MCMF,0.19,0.1186428444663346,1.772401184900961,0.2004,0.0387508826432077,0.986,0.903,4.340000152587891,PSZ2
ComPACT_G233.322+38.845,145.90833,2.55,0.9827589392662048,32,1,0.76,phot,zCluster,0.76,0.175471769967016,3.104154774857885,,,,,,
ComPACT_G359.976-30.361,300.9,-40.40833,0.8344913125038147,22,3,,,,,,,,,,,,
ComPACT_G221.505-66.568,39.33333,-28.10833,0.9977617263793944,35,1,0.5,phot,ACTDR5,0.48,0.1475558065631725,7.584109582673737,0.5071,0.0486516621389356,1.0,0.995,5.986955862222403,PSZ-MCMF
ComPACT_G225.176+31.787,136.41667,4.575,0.988247811794281,47,1,0.227,spec,REDMAPPER-DES-SDSS,0.23,0.1226308392383123,4.175688487902254,0.235,0.0398678274444864,0.996,0.963,2.795404400304635,ACTDR6
ComPACT_G38.555+34.110,253.575,19.14167,0.8452284932136536,23,3,1.09,phot,zCluster,1.09,0.2083727268358314,6.522494702995153,,,,,,
ComPACT_G257.164-27.287,91.725,-49.53333,0.9909014701843262,32,1,0.053,spec,RASS-MCMF,0.59,0.158522792186111,1.0161765987702809,,,,,0.874334,ComPRASS
ComPACT_G26.454+56.887,227.91667,19.09167,0.8308357000350952,23,3,,,,0.18,0.1176458457733402,0.6193450853987277,,,,,,
ComPACT_G210.647+32.721,131.85,16.04167,0.9842302203178406,30,2,0.396,phot,REDMAPPER-DES-SDSS,0.32,0.131603827475262,3.8435849377594815,0.3184,0.0425601163585514,0.99,0.945,2.615208951082366,yact
ComPACT_G60.686-30.148,322.35,7.43333,0.995499074459076,35,1,0.241,spec,ACTDR6,0.26,0.1256218353172955,8.75533511422963,0.2512,0.0403907900393048,0.999,0.986,3.107348,ComPRASS
ComPACT_G249.157+45.015,158.04167,-2.825,0.9990195035934448,65,1,0.468,spec,RASS-MCMF,0.46,0.1455618091771837,5.701630022069115,0.4607,0.0471537939661226,1.0,0.963,6.360340234416476,ACTDR6
ComPACT_G236.713+44.431,151.95833,3.60833,0.9465059638023376,30,2,,,,0.22,0.1216338405453179,0.601620194839686,,,,,,
ComPACT_G351.328+60.440,214.63333,6.03333,0.9808850288391112,23,3,,,,0.17,0.1166488470803458,0.2777714863696301,,,,,,
ComPACT_G197.278-61.273,41.725,-16.525,0.9767081141471864,27,2,,,,0.64,0.1635077856510831,1.1317958820788865,,,,,,
ComPACT_G151.549-37.664,36.63333,19.86667,0.962900161743164,26,2,,,,0.67,0.1664987817300663,2.279712283272223,,,,,,
ComPACT_G193.138-82.409,20.7,-24.34167,0.9970894455909728,36,1,0.486,phot,ACT-MCMF,0.49,0.1485528052561669,17.037911891171266,0.5057,0.048606467840618,1.0,0.992,5.762037197684085,ACTDR6
ComPACT_G86.399-36.981,342.99167,17.275,0.9752449989318848,21,3,0.084,spec,RASS-MCMF,0.13,0.1126608523083682,0.3966625729758573,,,,,3.1831000178434667,ACTDR6
ComPACT_G51.925-41.181,327.29167,-4.71667,0.9914060831069946,26,2,,,,0.59,0.158522792186111,0.6224205848806947,,,,,,
ComPACT_G202.243-55.304,48.50833,-16.31667,0.9574039578437804,39,1,,,,0.6,0.1595197908791054,0.6015020389242596,,,,,,
ComPACT_G221.003-54.662,52.59167,-26.375,0.9278756380081176,25,3,,,,0.56,0.1555317961071278,0.7163758685012755,,,,,,
ComPACT_G350.735+56.567,216.98333,2.93333,0.8739581108093262,33,1,,,,0.29,0.1286128313962787,1.1827055183158777,,,,,,
ComPACT_G310.701-60.093,5.825,-56.60833,0.9726282954216005,24,3,,,,0.16,0.1156518483873514,0.2334058990430645,,,,,,
ComPACT_G54.448-50.925,336.49167,-8.525,0.968913733959198,31,1,,,,0.15,0.114654849694357,0.2268028294332782,,,,,,
ComPACT_G276.294+57.107,178.75,-2.81667,0.968658983707428,24,3,0.444,spec,ACTDR6,0.44,0.1435678117911948,20.2101421775992,0.4482,0.0467502734454294,0.998,0.988,2.7513380503451645,ACTDR6
ComPACT_G37.332-21.471,303.975,-5.93333,0.9982833862304688,46,1,0.574,spec,PSZ2,,,,,,,,6.409999847412109,PSZ2
ComPACT_G326.626+62.218,203.65833,1.35,0.9720497727394104,31,1,,,,0.16,0.1156518483873514,0.2566308131091386,,,,,,
ComPACT_G262.093-56.470,46.09167,-48.76667,0.9807572364807128,24,3,0.77,phot,ACTDR6,0.62,0.1615137882650942,0.7212121050976443,,,,,2.7838412414827727,ACTDR6
ComPACT_G348.743-54.096,334.66667,-47.15,0.9705055952072144,22,3,,,,1.02,0.2013937359848706,1.8317302233060349,,,,,,
ComPACT_G242.070+43.357,153.43333,-0.11667,0.9893711805343628,27,2,0.095,spec,RASS-MCMF,0.14,0.1136578510013626,0.4365746952126821,0.0982,0.0354516988660202,0.993,0.918,1.940039,ComPRASS
ComPACT_G248.518-40.368,71.725,-43.625,0.8592948317527771,22,3,0.44,phot,zCluster,0.44,0.1435678117911948,3.149191740961479,,,,,,
ComPACT_G194.212-46.245,54.21667,-7.575,0.9861773252487184,52,1,0.472,spec,ACT-MCMF,0.45,0.1445648104841893,8.830779219605056,0.4658,0.0473184303385654,1.0,0.994,5.288985023238127,ACTDR6
ComPACT_G220.318+32.910,135.475,8.725,0.9467223882675172,27,2,1.564,phot,ACT-MCMF,0.21,0.1206368418523234,0.7948749971955029,,,,,2.2471660425418163,ACTDR6
ComPACT_G14.316+60.213,221.99167,14.75,0.9994910955429076,71,1,0.215,spec,ACTDR6,0.21,0.1206368418523234,7.1727055232446855,0.214,0.0391899129697219,0.999,0.993,4.239999771118164,PSZ2
ComPACT_G139.209-45.666,24.6,15.71667,0.9671693444252014,22,3,,,,0.5800000000000001,0.1575257934931166,2.080386449772354,,,,,,
ComPACT_G62.114-26.957,320.56667,10.375,0.9358941316604614,27,2,,,,0.67,0.1664987817300663,0.9460580318357492,,,,,,
ComPACT_G67.715-51.126,341.80833,-2.08333,0.9700528979301452,57,1,0.354,spec,NEURALENS,0.34,0.1335978248612508,18.39096281967428,0.328,0.0428700201184437,1.0,0.998,3.4582300909977683,ACTDR6
ComPACT_G227.594+31.014,136.775,2.4,0.883758544921875,31,1,0.47,phot,zCluster,0.47,0.1465588078701781,5.543096576351891,,,,,,
ComPACT_G5.289-22.019,292.36667,-33.625,0.9672008156776428,24,3,0.325,phot,ACT-MCMF,,,,,,,,5.399744830104672,ACTDR6
ComPACT_G347.641-15.838,277.05,-47.13333,0.9848293662071228,23,3,,,,,,,,,,,,
ComPACT_G65.251-44.500,335.78333,1.13333,0.8443513512611389,23,3,,,,0.2,0.119639843159329,0.2321675992331484,,,,,,
ComPACT_G173.528-47.556,44.325,2.56667,0.8328726887702942,36,1,,,,0.16,0.1156518483873514,0.8114005410330507,,,,,,
ComPACT_G121.127-51.030,11.7,11.825,0.938925564289093,21,3,,,,0.16,0.1156518483873514,0.3434121427142642,,,,,,
ComPACT_G232.434-28.219,83.81667,-28.51667,0.9929983615875244,32,1,,,,0.77,0.1764687686600104,1.0718274674849813,,,,,,
ComPACT_G18.160+64.418,218.94167,18.25833,0.9024751782417296,26,2,,,,0.5700000000000001,0.1565287948001222,1.152547772415149,,,,,,
ComPACT_G225.804+32.240,137.075,4.33333,0.9464414715766908,29,2,0.205,spec,REDMAPPER-DES-SDSS,0.67,0.1664987817300663,0.6730675865116498,,,,,,
ComPACT_G344.077-66.865,352.14167,-43.05,0.985458254814148,43,1,0.378,phot,ACTDR6,0.39,0.1385828183262228,25.70060975849465,0.3858,0.044735899006129,0.999,0.997,3.406067303515044,ACTDR6
ComPACT_G12.007+49.717,230.45833,8.18333,0.8288705348968506,21,3,,,,0.7100000000000001,0.1704867765020439,2.047016142998096,,,,,,
ComPACT_G187.555-32.624,62.6,4.325,0.951233446598053,23,3,,,,,,,,,,,,
ComPACT_G193.424-56.642,44.93333,-12.55833,0.9744827747344972,24,3,,,,0.35,0.1345948235542452,1.6682357889553143,,,,,,
ComPACT_G127.366-50.999,15.70833,11.775,0.9506176710128784,25,3,,,,0.62,0.1615137882650942,0.9275912065288874,,,,,,
ComPACT_G352.266-23.967,290.25833,-45.65833,0.9532537460327148,21,3,,,,,,,,,,,,
ComPACT_G275.882-69.435,25.88333,-44.85833,0.9963750243186952,55,1,0.498,phot,ACTDR6,0.48,0.1475558065631725,8.313909766488512,0.296,0.0418370075854692,0.996,0.964,2.68141,PSZSPT
ComPACT_G69.796-60.958,349.76667,-8.01667,0.8518714308738708,38,1,,,,0.16,0.1156518483873514,0.347839001766729,,,,,,
ComPACT_G174.089-56.320,38.51667,-4.00833,0.8875628113746643,22,3,0.447,spec,MCXC2,0.5700000000000001,0.1565287948001222,0.5706255515202716,,,,,1.187600016593933,MCXC2
ComPACT_G321.890+60.788,201.98333,-0.73333,0.9707204699516296,35,1,0.59,phot,MaDCoWS_II,0.16,0.1156518483873514,0.2655271810831339,,,,,,
ComPACT_G264.815-77.629,22.33333,-36.54167,0.9894191026687622,30,2,,,,0.15,0.114654849694357,0.1289435275286667,,,,,,
ComPACT_G274.932+56.811,177.95,-2.78333,0.9830066561698914,41,1,,,,0.21,0.1206368418523234,0.4027144946210514,,,,,,
ComPACT_G64.409-49.462,339.15833,-2.55,0.9736705422401428,23,3,0.706,spec,Wen&Han,0.18,0.1176458457733402,2.3453769143117675,0.194,0.0385442801366128,0.984,0.946,4.269999980926514,Wen&Han
ComPACT_G336.871-28.958,294.41667,-60.09167,0.977816104888916,27,2,,,,,,,,,,,,
ComPACT_G230.517-44.463,65.2,-30.75,0.9842635989189148,25,3,0.628,phot,ACTDR5,0.61,0.1605167895720998,3.6831560947477175,,,,,2.8653172691771025,ACTDR5
ComPACT_G278.706-58.522,34.43333,-54.35833,0.9408602118492126,24,3,,,,0.7100000000000001,0.1704867765020439,1.3734311965095314,,,,,,
ComPACT_G107.096-43.671,0.9,17.725,0.9933739900588988,28,2,,,,0.63,0.1625107869580886,1.1103666034385735,,,,,,
ComPACT_G145.570-52.605,26.50833,7.85,0.9769764542579652,23,3,,,,0.16,0.1156518483873514,0.3251223033422512,,,,,,
ComPACT_G82.775-75.065,2.93333,-15.38333,0.9996498823165894,64,1,0.378,spec,ACT-MCMF,,,,,,,,5.059999942779541,PSZ2
ComPACT_G359.480-42.723,317.225,-42.05,0.9836679100990297,25,3,,,,0.47,0.1465588078701781,1.5958496365122916,,,,,,
ComPACT_G246.648+56.312,165.21667,6.05,0.976961314678192,48,1,0.273,phot,ACTDR6,,,,,,,,2.523714389928634,ACTDR6
ComPACT_G83.685-50.791,349.2,4.725,0.9983744621276855,57,1,0.308,spec,MaDCoWS_II,0.33,0.1326008261682564,6.959984299589961,0.3178,0.0425407473735581,0.996,0.968,4.242899708697534,ACTDR6
ComPACT_G255.044+54.916,167.60833,1.725,0.999155044555664,52,1,0.622,spec,MaDCoWS_II,0.59,0.158522792186111,6.891663855438414,0.6529,0.0533583254923009,0.999,0.999,2.1600000858306885,PSZ2
ComPACT_G6.069-69.527,350.58333,-34.6,0.9653146862983704,38,1,,,,,,,,,,,,
ComPACT_G6.093+62.264,218.03333,12.50833,0.94182950258255,41,1,,,,0.15,0.114654849694357,0.6121388535560583,,,,,,
ComPACT_G268.591-42.704,64.6,-58.13333,0.9805387258529664,23,3,1.06,phot,zCluster,1.06,0.2053817307568482,7.204391586061076,,,,,4.689174951348223,yplanck
ComPACT_G38.105-62.507,343.23333,-21.55833,0.9966782331466676,49,1,0.157,phot,ACTDR5,,,,,,,,6.001748986257364,ACTDR6
ComPACT_G251.149+66.979,174.56667,11.79167,0.9960108995437622,57,1,0.499,spec,ACTDR5,0.5,0.1495498039491613,2.5586631992993025,0.4873,0.0480124856341577,0.998,0.951,2.985021714522508,ACTDR6
ComPACT_G245.239+72.551,177.49167,17.0,0.995210826396942,47,1,,,,0.79,0.1784627660459992,1.7780695754703406,,,,,,
ComPACT_G71.206-57.799,348.01667,-5.28333,0.9673540592193604,23,3,0.3825,phot,zaznobin,0.38,0.1375858196332284,8.254541207862024,0.3825,0.044629369588666,0.992,0.991,,
ComPACT_G265.638-21.551,103.925,-55.69167,0.9865643978118896,45,1,0.287,phot,ACT-MCMF,,,,,,,,6.316551596459225,ACTDR6
ComPACT_G208.402-28.432,75.40833,-8.93333,0.99616676568985,73,1,,,,0.56,0.1555317961071278,0.9547052335972608,,,,,,
ComPACT_G207.621+22.488,121.0,14.50833,0.9971895813941956,51,1,0.577,spec,ACTDR5,0.55,0.1545347974141334,3.411006183659344,0.5752,0.0508500419356721,1.0,0.991,5.89083715961843,ACTDR6
ComPACT_G264.897-74.759,24.825,-38.625,0.9840270280838012,23,3,,,,0.73,0.1724807738880327,1.2761632852633171,,,,,,
ComPACT_G228.642-34.678,75.775,-27.23333,0.9891001582145692,28,2,,,,0.53,0.1525408000281445,1.9429442299508024,,,,,,
ComPACT_G213.806-56.225,49.925,-22.74167,0.9965685606002808,54,1,0.452,phot,PSZ-MCMF,0.45,0.1445648104841893,16.450564763944037,0.4578,0.0470601772053217,1.0,0.995,6.199999809265137,PSZ2
ComPACT_G91.442-51.004,353.51667,7.075,0.8659293055534363,41,1,0.295,spec,MCXC2,0.3,0.1296098300892731,3.7795516379857528,0.3014,0.0420113284504086,1.0,0.997,5.03000020980835,PSZ2
ComPACT_G268.349+69.218,181.075,9.575,0.9755334258079528,26,2,,,,0.6,0.1595197908791054,1.076650082504885,,,,,,
ComPACT_G162.046-77.314,21.19167,-17.05,0.9767115116119384,37,1,,,,0.23,0.1226308392383123,0.3925126190323342,,,,,,
ComPACT_G91.897-55.258,355.74167,3.43333,0.9795354008674622,28,2,0.287,phot,REDMAPPER-DES-SDSS,0.3,0.1296098300892731,5.726442014608265,0.2823,0.0413947490947895,0.997,0.901,3.6512038302704712,yact
ComPACT_G352.425+58.589,216.3,5.04167,0.8017346858978271,26,2,0.98,phot,zCluster,0.98,0.1974057412128929,6.968033804612079,,,,,4.81858007842127,yact
ComPACT_G214.558-44.838,61.75833,-19.84167,0.9880183935165404,57,1,,,,0.5,0.1495498039491613,2.2479077662044107,,,,,,
ComPACT_G75.828-51.800,345.91667,0.93333,0.9009150862693788,45,1,1.73,phot,MaDCoWS_II,0.15,0.114654849694357,0.4699917361278809,,,,,5.735438085472103,yact
ComPACT_G11.139-50.409,327.18333,-34.19167,0.973925232887268,24,3,,,,,,,,,,,,
ComPACT_G204.707-27.676,74.6,-5.68333,0.930137813091278,25,3,,,,0.2,0.119639843159329,0.2404227266169956,,,,,,
ComPACT_G333.121+63.267,205.95833,3.50833,0.9932884573936462,34,1,0.74,phot,ACT-MCMF,0.61,0.1605167895720998,0.764622015685892,,,,,1.67376,ACT-MCMF
ComPACT_G243.063-68.548,35.875,-36.0,0.9948090314865112,53,1,1.36,phot,ACTDR6,1.27,0.2263187033097308,7.009341033267942,,,,,3.672455107659896,ACTDR6
ComPACT_G8.611-40.514,315.00833,-35.09167,0.9704598188400269,29,2,0.132,phot,ACT-MCMF,,,,,,,,3.0601912910025915,ACTDR6
ComPACT_G345.244-32.966,302.48333,-53.15833,0.8976067304611206,29,2,0.227,phot,PSZ-MCMF,0.21,0.1206368418523234,3.12406403641831,0.2586,0.0406296741875552,0.999,0.993,4.683892541388302,PSZ-MCMF
ComPACT_G100.906-69.703,5.30833,-8.13333,0.9807902574539183,69,1,,,,0.16,0.1156518483873514,0.2344982359763012,,,,,,
ComPACT_G218.194+46.256,147.15833,15.84167,0.988580048084259,38,1,0.335,spec,REDMAPPER-DES-SDSS,0.5700000000000001,0.1565287948001222,1.0589831066542907,,,,,,
ComPACT_G307.319-71.335,10.85,-45.725,0.972858190536499,49,1,,,,0.2,0.119639843159329,0.5140067802755441,,,,,,
ComPACT_G255.312-34.568,80.36667,-48.825,0.9754517674446106,31,1,,,,0.5,0.1495498039491613,1.6376392781726143,,,,,,
ComPACT_G10.624+29.606,246.59167,-3.925,0.9882544279098512,38,1,,,,,,,,,,,,
ComPACT_G168.963-71.848,26.21667,-13.93333,0.9581436514854432,31,1,,,,,,,,,,,,
ComPACT_G213.590+30.060,130.35,12.68333,0.929438292980194,23,3,,,,0.14,0.1136578510013626,0.1778546607933488,,,,,,
ComPACT_G58.592-22.302,314.825,10.575,0.9575430154800416,25,3,,,,0.65,0.1645047843440774,2.5731460664354096,,,,,,
ComPACT_G167.814-30.411,52.70833,18.24167,0.8597812652587891,23,3,,,,,,,,,,,,
ComPACT_G287.624+59.279,185.1,-2.66667,0.9799309968948364,26,2,0.437,spec,ACT-MCMF,0.43,0.1425708130982004,9.946134285263009,0.4346,0.0463112431189152,0.999,0.992,6.005876,ComPRASS
ComPACT_G298.317+57.900,190.4,-4.88333,0.9907426238059998,26,2,,,,0.16,0.1156518483873514,0.5256469416683014,,,,,,
ComPACT_G253.369+59.966,170.33333,6.075,0.98938250541687,30,2,,,,,,,,,,,,
ComPACT_G188.880-47.508,51.13333,-5.23333,0.9790307879447936,28,2,,,,0.36,0.1355918222472396,1.3823669868475128,,,,,,
ComPACT_G168.337-53.794,37.73333,0.06667,0.9015790820121764,24,3,,,,0.16,0.1156518483873514,0.1549284049122323,,,,,,
ComPACT_G276.819-59.810,34.30833,-52.75,0.9850152134895324,49,1,0.343,spec,ACTDR6,0.34,0.1335978248612508,5.217406043746705,0.3531,0.0436802893239956,1.0,0.999,4.480000019073486,PSZ2
ComPACT_G223.460+43.818,146.49167,11.44167,0.9329237937927246,53,1,,,,0.16,0.1156518483873514,0.4444876371101343,,,,,,
ComPACT_G269.772-45.356,59.34167,-57.99167,0.99174964427948,39,1,,,,0.15,0.114654849694357,0.2156220160790209,,,,,,
ComPACT_G20.111+29.599,250.96667,3.06667,0.9974827170372008,38,1,0.259,phot,ACT-MCMF,0.26,0.1256218353172955,5.93421001374668,0.2636,0.0407910823958325,0.983,0.835,3.09545,ACT-MCMF
ComPACT_G12.070-51.074,328.01667,-33.63333,0.9933538436889648,23,3,,,,,,,,,,,,
ComPACT_G218.769+27.367,129.86667,7.425,0.9668723940849304,26,2,,,,0.75,0.1744747712740215,0.8449232210544726,,,,,,
ComPACT_G348.990-42.481,317.55833,-49.76667,0.9836934208869934,42,1,,,,0.14,0.1136578510013626,0.1228931836540654,,,,,,
ComPACT_G155.880-63.214,27.08333,-4.04167,0.911891520023346,49,1,0.088,spec,MCXC2,0.13,0.1126608523083682,0.2038411949173182,0.0888,0.035148251434459,0.99,0.953,1.379093,ComPRASS
ComPACT_G241.780+69.290,174.06667,15.94167,0.8856485486030579,23,3,,,,0.17,0.1166488470803458,0.1895083201416632,,,,,,
ComPACT_G304.603+59.844,193.7,-3.01667,0.9438289999961852,32,1,0.752,spec,Wen&Han,0.16,0.1156518483873514,0.1684449336347311,,,,,6.21999979019165,Wen&Han
ComPACT_G230.050-29.980,81.21667,-27.05,0.9914215207099916,24,3,0.255,phot,ACT-MCMF,0.25,0.1246248366243011,7.71371929748814,0.2704,0.0410105975590895,0.998,0.996,2.6875895036791477,ACTDR5
ComPACT_G85.580-37.053,342.46667,16.85,0.953483521938324,23,3,,,,0.72,0.1714837751950383,1.330949595920495,,,,,,
ComPACT_G257.801+47.531,164.15,-5.025,0.9874382615089417,21,3,0.4425,phot,zaznobin,0.15,0.114654849694357,0.8629310996774469,0.4425,0.0465662680879933,0.992,0.997,4.546343724172361,yplanck
ComPACT_G206.357+27.528,125.36667,17.525,0.9806576371192932,36,1,,,,0.41,0.1405768157122116,1.214608824363054,,,,,,
ComPACT_G237.390+33.193,143.125,-3.36667,0.928022801876068,26,2,0.38,phot,MaDCoWS_II,0.15,0.114654849694357,0.3398042076109751,,,,,,
ComPACT_G225.885-18.256,91.75,-19.40833,0.959887444972992,25,3,,,,,,,,,,,,
ComPACT_G320.587-81.483,9.70833,-35.20833,0.9696688055992126,47,1,,,,0.6,0.1595197908791054,1.831486189535815,,,,,,
ComPACT_G198.743-76.406,27.2,-23.075,0.996008276939392,36,1,0.602,phot,ACT-MCMF,0.56,0.1555317961071278,2.6138914069011245,0.5738,0.0508048476373545,0.998,0.984,4.048188493154508,ACTDR6
ComPACT_G158.285-58.272,30.575,-0.35,0.8379647731781006,35,1,0.38,phot,MaDCoWS_II,0.6900000000000001,0.1684927791160551,0.7484417896709419,,,,,4.197339292093042,yact
ComPACT_G22.309-57.138,335.63333,-28.16667,0.990799069404602,32,1,0.379,phot,ACT-MCMF,,,,,,,,4.728979994171746,ACTDR6
ComPACT_G283.042-81.314,16.46667,-35.25,0.996593177318573,39,1,0.603,phot,ACT-MCMF,0.5800000000000001,0.1575257934931166,9.132344952610769,0.5839,0.0511308922180746,1.0,0.981,6.212642291161645,PSZ-MCMF
ComPACT_G272.389+59.841,178.06667,0.525,0.9983610510826112,55,1,0.463,spec,MaDCoWS_II,0.46,0.1455618091771837,14.067230558220876,0.4624,0.0472086727569368,1.0,0.991,5.403476503583507,ACTDR6
ComPACT_G133.647-46.129,20.56667,16.1,0.9987720847129822,59,1,0.599,spec,ACT-MCMF,0.5800000000000001,0.1575257934931166,10.306892545882976,0.5834,0.0511147513972468,1.0,0.991,6.6112263766753285,ACTDR6
ComPACT_G53.867-20.915,311.16667,7.71667,0.9769310355186462,21,3,,,,0.48,0.1475558065631725,0.7259406128308867,,,,,,
ComPACT_G91.735-61.775,358.66667,-2.39167,0.909646213054657,36,1,,,,0.18,0.1176458457733402,0.4356448494058036,,,,,,
ComPACT_G269.249-82.115,18.1,-33.59167,0.937548577785492,24,3,0.121,spec,RASS-MCMF,0.15,0.114654849694357,0.1664446486318163,,,,,0.973513,RASS-MCMF
ComPACT_G227.843+38.970,143.76667,6.24167,0.9999301433563232,68,1,0.366,spec,REDMAPPER-DES-SDSS,0.74,0.1734777725810271,4.48341010905305,0.7716,0.0571901563568034,1.0,0.993,3.970986,ComPRASS
ComPACT_G75.270-78.201,3.66667,-18.89167,0.994510531425476,25,3,,,,,,,,,,,,
ComPACT_G164.125-38.670,44.825,13.76667,0.8169733285903931,28,2,,,,,,,,,,,,
ComPACT_G159.411-40.622,40.60833,14.25833,0.9972366094589232,65,1,0.256,spec,ACTDR6,0.27,0.1266188340102899,8.938423784768826,0.2613,0.0407168346200249,1.0,0.994,5.260000228881836,PSZ2
ComPACT_G65.871-69.624,355.25,-15.00833,0.988386332988739,28,2,,,,,,,,,,,,
ComPACT_G315.600+68.013,197.59167,5.60833,0.98294198513031,35,1,,,,0.5700000000000001,0.1565287948001222,0.8257218513134272,,,,,,
ComPACT_G273.892+55.655,176.93333,-3.58333,0.9697002172470092,22,3,,,,0.67,0.1664987817300663,0.8493056656022029,,,,,,
ComPACT_G349.851+60.339,214.15,5.475,0.839492917060852,24,3,,,,0.47,0.1465588078701781,1.1462002810184289,,,,,,
ComPACT_G255.567-60.538,43.00833,-43.90833,0.9409127831459044,22,3,0.237,phot,PSZ-MCMF,0.23,0.1226308392383123,6.43181754449073,0.2385,0.0399808131902805,0.998,0.934,3.4019952189447973,PSZ-MCMF
ComPACT_G217.757-31.525,75.86667,-17.59167,0.9616014361381532,27,2,,,,0.49,0.1485528052561669,0.6097500274027086,,,,,,
ComPACT_G254.144-34.466,80.43333,-47.85833,0.937253475189209,33,1,,,,0.18,0.1176458457733402,0.277200537762978,,,,,,
ComPACT_G260.748+59.893,173.13333,3.65,0.927506685256958,40,1,0.319,phot,ACTDR6,0.6,0.1595197908791054,1.3149284460873836,,,,,2.578345627340413,ACTDR6
ComPACT_G219.574+45.189,146.54167,14.53333,0.9621539115905762,27,2,0.8,phot,zCluster,0.8,0.1794597647389936,3.780533333651806,,,,,,
ComPACT_G247.193-33.727,80.65,-42.05833,0.940994679927826,22,3,0.49,phot,ACTDR6,0.48,0.1475558065631725,2.094511946619982,0.4989,0.0483869526773609,0.994,0.967,2.964470921587804,ACTDR6
ComPACT_G148.550-86.982,14.29167,-24.4,0.9954829216003418,38,1,,,,0.2,0.119639843159329,0.2916350369119795,,,,,,
ComPACT_G108.218-60.036,5.56667,2.0,0.946964144706726,36,1,,,,0.21,0.1206368418523234,1.0444256956210074,,,,,,
ComPACT_G132.757-50.519,19.225,11.86667,0.9640413522720336,47,1,0.527,spec,REDMAPPER-DES-SDSS,0.49,0.1485528052561669,14.553255939789244,0.5304,0.0494038243895077,1.0,0.998,5.392289212715895,ACTDR6
ComPACT_G16.678-31.009,305.85,-26.64167,0.9805588126182556,25,3,,,,,,,,,,,,
ComPACT_G106.074-41.546,359.54167,19.575,0.9850654006004332,32,1,0.494,spec,ACT-MCMF,0.49,0.1485528052561669,5.397687599106158,0.5083,0.0486904001089222,0.988,0.968,4.023096556926822,ACTDR6
ComPACT_G190.550-22.454,72.50833,7.99167,0.9892902970314026,28,2,,,,,,,,,,,,
ComPACT_G337.250-17.724,273.575,-57.03333,0.9963462948799132,31,1,,,,,,,,,,,,
ComPACT_G210.440-55.022,50.575,-20.575,0.9794395565986632,24,3,,,,0.45,0.1445648104841893,1.2996264977355412,,,,,,
ComPACT_G207.360+28.517,126.675,17.075,0.945854425430298,21,3,,,,0.52,0.1515438013351501,0.8366582334497421,,,,,,
ComPACT_G85.065-48.211,348.5,7.36667,0.9570600986480712,25,3,,,,0.6,0.1595197908791054,2.058076195085969,,,,,,
ComPACT_G138.073-76.857,16.375,-14.4,0.9835931658744812,35,1,,,,0.5800000000000001,0.1575257934931166,0.8843466776614939,,,,,,
ComPACT_G67.356-60.026,348.25,-8.25833,0.961341142654419,23,3,0.493,phot,REDMAPPER-DES-SDSS,0.49,0.1485528052561669,10.37944932264983,0.5175,0.0489873912121524,0.998,0.976,4.01665951600844,yact
ComPACT_G216.258-36.976,70.05,-18.39167,0.9998098015785216,59,1,0.928,phot,RASS-MCMF,0.79,0.1784627660459992,9.787893616812555,,,,,6.727148678396036,PSZ-MCMF
ComPACT_G29.724-47.566,326.375,-21.725,0.9210714101791382,22,3,0.31,phot,RASS-MCMF,,,,,,,,5.449999809265137,PSZ2
ComPACT_G44.075-47.930,330.45,-12.9,0.8204593658447266,24,3,,,,0.52,0.1515438013351501,1.342058765311409,,,,,,
ComPACT_G215.625-34.668,72.11667,-17.08333,0.9749497175216676,27,2,0.96,phot,ACTDR5,,,,,,,,6.303473886221564,ACTDR6
ComPACT_G279.485+81.407,189.25,19.2,0.9891118407249452,42,1,0.21,spec,REDMAPPER-DES-SDSS,0.21,0.1206368418523234,4.254361963687914,0.2309,0.0397354727136991,0.994,0.978,2.634159475634401,ACTDR6
ComPACT_G61.545-48.265,337.03333,-3.24167,0.9936524629592896,39,1,,,,0.15,0.114654849694357,0.7529806923668028,,,,,,
ComPACT_G220.012+50.926,152.125,16.55,0.8306623101234436,22,3,,,,0.78,0.1774657673530048,1.681250337655392,,,,,,
ComPACT_G328.068+70.185,201.24167,8.96667,0.8335073590278625,26,2,0.65,phot,zCluster,0.65,0.1645047843440774,3.1969272834059312,,,,,,
ComPACT_G15.042-66.057,345.81667,-31.85,0.9654216766357422,25,3,,,,,,,,,,,,
ComPACT_G233.701-40.284,70.49167,-32.38333,0.9926726222038268,25,3,,,,0.16,0.1156518483873514,0.3356139902225823,,,,,,
ComPACT_G173.168-75.116,24.78333,-17.125,0.9671698212623596,27,2,,,,0.15,0.114654849694357,0.2562051647818639,,,,,,
ComPACT_G190.423-20.800,73.83333,9.00833,0.9382883310317992,30,2,,,,,,,,,,,,
ComPACT_G46.268-31.116,316.29167,-3.43333,0.9976346492767334,34,1,0.867,phot,ACT-MCMF,0.34,0.1335978248612508,1.646287759996695,,,,,5.801981739716647,ACTDR6
ComPACT_G245.225-45.243,65.13333,-41.19167,0.8484857082366943,22,3,,,,0.16,0.1156518483873514,0.6887791160046999,,,,,,
ComPACT_G249.391+52.695,163.65833,2.41667,0.9421198964118958,61,1,,,,0.43,0.1425708130982004,0.8857694464086487,,,,,,
ComPACT_G153.580-39.703,37.11667,17.325,0.9968928098678588,81,1,0.1985,phot,zaznobin,0.21,0.1206368418523234,5.464967793947978,0.1985,0.0386895475240624,0.999,0.986,5.090366107390233,yact
ComPACT_G89.513-47.945,350.91667,9.15,0.9975200295448304,45,1,0.199,spec,MCXC2,0.2,0.119639843159329,2.9932358700924864,0.2036,0.0388541838965052,0.999,0.966,3.538279,ComPRASS
ComPACT_G9.856+77.510,205.225,21.7,0.990210771560669,25,3,,,,0.3,0.1296098300892731,0.512212044481454,,,,,,
ComPACT_G270.732+73.429,183.89167,12.84167,0.9514811635017396,40,1,0.6813,phot,zaznobin,0.62,0.1615137882650942,5.645717675565388,0.6813,0.0542751241153159,0.995,0.992,5.778321801531646,yact
ComPACT_G214.862-51.598,54.925,-22.08333,0.9794675707817078,32,1,0.266,phot,ACTDR6,0.24,0.1236278379313067,6.380825721289307,0.2602,0.0406813248142039,0.995,0.969,3.75653008159921,PSZ-MCMF
ComPACT_G232.411+47.691,153.01667,7.9,0.948137104511261,23,3,,,,0.64,0.1635077856510831,0.8486713447341787,,,,,,
ComPACT_G348.527+77.411,202.28333,18.01667,0.8887709975242615,36,1,,,,0.49,0.1485528052561669,1.3116279834400228,,,,,,
ComPACT_G127.508-43.279,16.39167,19.46667,0.9537495970726012,49,1,,,,,,,,,,,,
ComPACT_G45.194+15.649,273.99167,17.75833,0.9280530214309692,42,1,0.126,spec,PSZ2,,,,,,,,2.740000009536743,PSZ2
ComPACT_G24.801+20.211,261.25,2.25833,0.9637494087219238,25,3,0.385,phot,ACTDR6,,,,,,,,3.1941141670457798,ACTDR6
ComPACT_G337.344-61.332,348.55833,-48.79167,0.9986833930015564,73,1,0.364,phot,ACT-MCMF,0.36,0.1355918222472396,12.05257416251964,0.3689,0.0441903392621518,0.999,0.994,4.325062316459728,PSZ-MCMF
ComPACT_G229.786+40.174,145.575,5.56667,0.9833569526672364,26,2,0.384,spec,ACTDR6,0.4,0.1395798170192172,7.865754419081444,,,,,3.3109452188119763,ACTDR6
ComPACT_G150.702-56.301,27.86667,3.3,0.9459719657897948,24,3,,,,0.25,0.1246248366243011,0.8367456277935219,,,,,,
ComPACT_G314.840-69.745,6.86667,-46.825,0.9846923351287842,25,3,0.346,spec,ACTDR6,0.35,0.1345948235542452,5.990141077968638,0.3545,0.0437254836223133,1.0,0.998,3.4797989715046445,ACTDR6
ComPACT_G217.461-64.876,41.025,-26.275,0.8139416575431824,24,3,0.134,phot,PSZ-MCMF,0.15,0.114654849694357,1.2925267051421336,0.1365,0.0366880857414242,0.996,0.98,2.902938504934856,PSZ-MCMF
ComPACT_G216.896+18.953,121.53333,5.15833,0.9735089540481568,25,3,,,,0.55,0.1545347974141334,0.7273789369639001,,,,,,
ComPACT_G340.850-33.390,303.125,-56.84167,0.9824349284172058,38,1,0.056,spec,MCXC2,0.21,0.1206368418523234,0.3389993872500894,0.0599,0.0342153119906163,0.998,0.961,7.039999961853027,PSZ2
ComPACT_G128.221-51.074,16.25,11.65833,0.9933776259422302,37,1,0.504,spec,ACTDR6,0.52,0.1515438013351501,3.907695000050979,0.5097,0.0487355944072398,1.0,0.984,6.429999828338623,PSZ2
ComPACT_G350.587-40.178,313.875,-48.78333,0.9956300258636476,37,1,,,,0.73,0.1724807738880327,1.870027304467781,,,,,,
ComPACT_G233.367+38.413,145.56667,2.28333,0.8692220449447632,27,2,,,,0.7100000000000001,0.1704867765020439,1.2268901131768697,,,,,,
ComPACT_G123.562-66.812,13.10833,-3.94167,0.9392150640487672,69,1,,,,0.2,0.119639843159329,0.474839363487644,,,,,,
ComPACT_G184.233-23.742,68.025,11.98333,0.9314626455307008,21,3,,,,,,,,,,,,
ComPACT_G5.298-74.718,356.64167,-33.275,0.9995802044868468,57,1,0.667,phot,ACTDR5,,,,,,,,7.133215236203737,ACTDR6
ComPACT_G282.623-54.856,35.39167,-58.575,0.9704588055610656,38,1,0.226,phot,RASS-MCMF,0.19,0.1186428444663346,1.4935366272059103,0.2408,0.0400550609660881,0.996,0.982,2.5096,RASS-MCMF
ComPACT_G4.630-34.932,307.58333,-37.375,0.9386866688728333,25,3,,,,,,,,,,,,
ComPACT_G218.424-61.608,44.7,-26.20833,0.9823130965232848,32,1,0.742,phot,MARD-Y3,0.7100000000000001,0.1704867765020439,2.220185672945084,0.728,0.0557826767806256,0.999,0.989,3.051746497791549,ACTDR6
ComPACT_G89.653-74.573,4.20833,-13.98333,0.993803858757019,42,1,,,,0.65,0.1645047843440774,0.7382798788795384,,,,,,
ComPACT_G209.738-20.010,83.56667,-6.28333,0.9445424675941468,22,3,,,,,,,,,,,,
ComPACT_G233.133-54.770,53.25833,-33.35,0.9926316738128662,34,1,0.4309,phot,zaznobin,0.16,0.1156518483873514,0.435739627879667,0.4309,0.04619180104479,0.984,0.996,,
ComPACT_G231.778-77.377,26.75,-30.51667,0.9961965084075928,33,1,0.83,phot,ACTDR6,0.85,0.1844447582039656,7.126860594501439,,,,,2.7646755032107637,ACTDR6
ComPACT_G214.474+25.669,126.61667,10.13333,0.9533482789993286,21,3,,,,0.33,0.1326008261682564,1.12837368187492,,,,,,
ComPACT_G15.987+30.682,248.21667,0.55,0.9832949042320251,22,3,0.394,spec,ACT-MCMF,0.41,0.1405768157122116,4.9174411362790735,0.4158,0.0457043482557926,0.992,0.942,3.2296162017081755,ACTDR6
ComPACT_G229.001+38.516,143.83333,5.23333,0.9917398691177368,33,1,,,,0.85,0.1844447582039656,2.3832877161974,,,,,,
ComPACT_G257.630-44.522,64.9,-50.0,0.9886866807937622,24,3,,,,0.92,0.1914237490549265,1.6153229125189057,,,,,,
ComPACT_G67.957-52.616,343.0,-2.99167,0.8208926320075989,21,3,0.93,phot,MaDCoWS_II,0.47,0.1465588078701781,3.0357004808925927,,,,,5.395607257453048,yplanck
ComPACT_G309.153+62.441,195.73333,-0.29167,0.9947047829627992,29,2,,,,0.56,0.1555317961071278,0.6021609394119432,,,,,,
ComPACT_G85.303-53.775,351.68333,2.79167,0.959730863571167,38,1,0.58,phot,MaDCoWS_II,0.51,0.1505468026421557,0.9551433937945606,,,,,,
ComPACT_G79.325-35.201,337.10833,15.29167,0.922993004322052,23,3,,,,0.56,0.1555317961071278,0.7995648102594575,,,,,,
ComPACT_G252.788-27.598,90.15833,-45.78333,0.9083541631698608,21,3,,,,0.2,0.119639843159329,0.7657608019869915,,,,,,
ComPACT_G210.058+24.347,123.68333,13.21667,0.9414725303649902,28,2,,,,0.22,0.1216338405453179,0.6160063548364336,,,,,,
ComPACT_G245.049-54.750,52.65,-40.2,0.9308148622512816,34,1,,,,0.18,0.1176458457733402,0.2560683130088266,,,,,,
ComPACT_G143.988-52.153,25.74167,8.6,0.9802408218383788,21,3,,,,0.34,0.1335978248612508,0.8496695606707052,,,,,,
ComPACT_G279.679+70.223,185.09167,8.76667,0.9968991279602052,38,1,0.253,spec,ACTDR5,0.24,0.1236278379313067,6.79798173764422,,,,,4.190465082706478,ACTDR6
ComPACT_G53.926-45.110,331.4,-5.625,0.9340193271636964,48,1,0.058,spec,MCXC2,0.6,0.1595197908791054,4.179028906293843,,,,,1.7799999713897705,PSZ2
ComPACT_G40.794-29.586,312.675,-6.85,0.9778438210487366,21,3,,,,0.54,0.1535377987211389,0.6482852225228708,,,,,,
ComPACT_G317.610-83.892,11.01667,-33.025,0.9371362328529358,22,3,0.32,phot,zaznobin,0.31,0.1306068287822676,1.7715503891677034,0.32,0.0426117669852001,0.986,0.984,,
ComPACT_G254.187+73.529,180.06667,15.71667,0.910526692867279,38,1,,,,0.18,0.1176458457733402,0.3149881340776246,,,,,,
ComPACT_G30.884-43.680,322.69167,-19.75,0.9647262096405028,28,2,,,,,,,,,,,,
ComPACT_G47.404-43.535,327.6,-8.79167,0.9901306629180908,28,2,0.395,spec,ACTDR5,0.39,0.1385828183262228,28.47739646240141,0.4026,0.0452782305859406,1.0,0.998,7.217484146096122,ACTDR6
ComPACT_G176.949-31.497,57.71667,11.98333,0.9881417155265808,25,3,,,,,,,,,,,,
ComPACT_G195.026-41.811,58.325,-5.74167,0.9683890342712402,37,1,0.5688,phot,zaznobin,0.15,0.114654849694357,0.4269509392584574,0.5688,0.0506434394290772,0.981,0.942,,
ComPACT_G182.097-60.102,38.59167,-9.66667,0.9996283054351808,61,1,0.873,phot,ACTDR6,0.79,0.1784627660459992,6.271338246078355,0.7678,0.0570674861185127,1.0,0.855,7.292665413176151,ACTDR6
ComPACT_G248.377+49.218,160.70833,0.46667,0.8892132043838501,21,3,0.307,spec,MaDCoWS_II,0.16,0.1156518483873514,0.1835361633009995,,,,,4.211439907956192,yplanck
ComPACT_G200.363-26.210,74.025,-1.58333,0.9826646447181702,24,3,0.235,phot,ACT-MCMF,0.21,0.1206368418523234,3.715406548099552,0.2369,0.0399291625636318,0.997,0.949,5.690828758609345,ACTDR6
ComPACT_G354.514-32.298,302.475,-45.325,0.9747843146324158,31,1,0.101,spec,ACTDR6,0.68,0.1674957804230607,1.9178333011540645,,,,,3.7545462261036135,ACTDR6
ComPACT_G248.638-15.829,103.83333,-38.61667,0.992660105228424,26,2,,,,,,,,,,,,
ComPACT_G7.007+57.729,222.06667,10.24167,0.9664987325668336,122,1,,,,0.53,0.1525408000281445,1.139472207997723,,,,,,
ComPACT_G185.203-60.010,39.63333,-10.83333,0.8513405323028564,25,3,,,,0.22,0.1216338405453179,0.4004257348297773,,,,,,
ComPACT_G187.238-50.360,48.175,-6.025,0.997453510761261,46,1,0.457,spec,ACTDR6,0.47,0.1465588078701781,11.7490978103805,0.4581,0.0470698616978184,1.0,0.988,7.192596354648156,ACTDR6
ComPACT_G154.324-38.788,38.10833,17.85,0.9010770916938782,32,1,,,,0.22,0.1216338405453179,0.3720020758933346,,,,,,
ComPACT_G354.203+56.027,218.76667,3.84167,0.9472824931144714,26,2,,,,0.5,0.1495498039491613,1.4588178657214883,,,,,,
ComPACT_G352.676-28.174,296.275,-46.24167,0.9959383010864258,51,1,0.22,spec,ACTDR6,,,,,,,,6.191261931146332,ACTDR6
ComPACT_G226.311+48.752,151.89167,11.95,0.9057769775390624,22,3,,,,,,,,,,,,
ComPACT_G214.598+46.919,146.85,18.38333,0.9733988046646118,22,3,,,,0.16,0.1156518483873514,0.416662352268303,,,,,,
ComPACT_G33.554-48.412,328.08333,-19.55,0.962590217590332,23,3,0.094,spec,MCXC2,,,,,,,,4.079999923706055,PSZ2
ComPACT_G5.795+45.884,231.18333,2.56667,0.9872213006019592,27,2,0.3074,phot,zaznobin,0.32,0.131603827475262,3.795733797636992,0.3074,0.0422050183003414,0.983,0.976,,
ComPACT_G241.582-44.577,65.98333,-38.60833,0.9631500244140624,23,3,,,,0.16,0.1156518483873514,0.5035746092764857,,,,,,
ComPACT_G185.542-25.349,67.44167,10.06667,0.9758367538452148,33,1,,,,,,,,,,,,
ComPACT_G12.249-24.678,297.7,-28.425,0.9893386960029602,55,1,0.669,phot,ACT-MCMF,,,,,,,,2.88794,ACT-MCMF
ComPACT_G350.800+57.702,216.25833,3.80833,0.9539154171943665,48,1,0.46,phot,MaDCoWS_II,0.47,0.1465588078701781,1.2986084892914618,,,,,2.7154736638903656,yact
ComPACT_G347.936-57.903,340.04167,-46.10833,0.972701370716095,30,2,0.932,phot,SPT-MCMF,0.19,0.1186428444663346,0.2021250728264445,,,,,2.5585049719921,SPT-MCMF
ComPACT_G43.374-64.277,345.85833,-19.925,0.9932193160057068,73,1,,,,,,,,,,,,
ComPACT_G207.218-23.507,79.36667,-5.775,0.975526750087738,23,3,,,,,,,,,,,,
ComPACT_G237.892+63.426,168.16667,13.875,0.8441008925437927,23,3,,,,0.35,0.1345948235542452,1.4187695127381197,,,,,,
ComPACT_G66.381-28.507,324.225,12.325,0.9158858060836792,61,1,,,,0.36,0.1355918222472396,0.9148854003908162,,,,,,
ComPACT_G132.141-47.394,19.3,15.01667,0.99273681640625,24,3,0.267,spec,REDMAPPER-DES-SDSS,0.28,0.1276158327032843,3.4353201589152444,0.272,0.0410622481857383,0.997,0.947,4.751904311947496,ACTDR6
ComPACT_G213.390-20.710,84.45,-9.66667,0.9905941486358644,34,1,,,,,,,,,,,,
ComPACT_G58.805-46.719,334.675,-3.76667,0.9896931052207948,34,1,0.09,spec,ACT-MCMF,0.12,0.1116638536153738,0.5257984162044058,0.0961,0.0353839074185438,0.999,0.978,5.3960157337420585,ACTDR6
ComPACT_G270.717+54.986,175.01667,-3.35833,0.8104603290557861,33,1,0.27,phot,MaDCoWS_II,0.15,0.114654849694357,0.2656369673140248,,,,,,
ComPACT_G353.362-20.780,286.36667,-43.775,0.956880748271942,21,3,,,,,,,,,,,,
ComPACT_G41.694+22.069,266.43333,17.275,0.8738122582435608,61,1,0.4864,phot,zaznobin,0.48,0.1475558065631725,1.883392572889964,0.4864,0.0479834321566677,1.0,0.993,5.041193878547788,yact
ComPACT_G81.942-68.731,358.85833,-10.44167,0.9626451134681702,30,2,0.289,spec,ACTDR6,0.29,0.1286128313962787,7.937937503648376,0.2898,0.0416368614072054,0.998,0.975,4.5937379437111145,ACTDR6
ComPACT_G174.306-66.928,31.075,-11.64167,0.9850165843963624,30,2,,,,0.77,0.1764687686600104,1.9635041458509093,,,,,,
ComPACT_G148.506-42.587,32.20833,16.40833,0.9626103043556212,26,2,0.42,phot,zCluster,0.42,0.141573814405206,9.835929709531674,,,,,1.8339179673528547,yact
ComPACT_G18.577+51.490,231.05,12.675,0.9242485165596008,21,3,,,,0.36,0.1355918222472396,2.7030303257755413,,,,,,
ComPACT_G15.810+62.102,220.625,16.28333,0.9448291659355164,35,1,0.328,phot,CODEX,0.5800000000000001,0.1575257934931166,0.816737975731054,0.7013,0.0549207569484249,0.997,0.994,,
ComPACT_G197.912-31.058,68.75,-2.15833,0.9960728883743286,45,1,0.396,spec,ACTDR6,0.4,0.1395798170192172,18.82898271906747,0.4126,0.0456010470024952,1.0,0.994,5.746136488224569,ACTDR6
ComPACT_G236.260-83.697,19.50833,-29.46667,0.9642950296401978,21,3,,,,0.76,0.175471769967016,1.1884718487876254,,,,,,
ComPACT_G184.458-47.853,49.06667,-3.05833,0.8958474397659302,24,3,,,,0.68,0.1674957804230607,1.1757140568202482,,,,,,
ComPACT_G28.528-23.682,302.475,-14.225,0.95575213432312,21,3,,,,,,,,,,,,
ComPACT_G64.441-25.712,320.89167,12.78333,0.8549535870552063,22,3,,,,0.67,0.1664987817300663,2.88617306774046,,,,,,
ComPACT_G85.607-33.583,340.40833,19.71667,0.9861243963241576,35,1,,,,0.17,0.1166488470803458,0.4726285405715396,,,,,,
ComPACT_G210.851+32.069,131.29167,15.63333,0.9260123372077942,21,3,,,,0.17,0.1166488470803458,0.4526930904131443,,,,,,
ComPACT_G215.787-42.484,64.43333,-19.91667,0.9790109395980836,31,1,,,,0.7100000000000001,0.1704867765020439,0.9200083077341972,,,,,,
ComPACT_G300.909+68.302,192.10833,5.44167,0.985965609550476,26,2,0.395,spec,ACT-MCMF,0.39,0.1385828183262228,8.20752024422035,0.3961,0.0450683999151802,0.995,0.975,3.6095723032206464,ACTDR6
ComPACT_G45.914-29.239,314.50833,-2.76667,0.965762495994568,23,3,,,,0.16,0.1156518483873514,0.2494341770897965,,,,,,
ComPACT_G267.346-56.871,43.23333,-51.025,0.997290015220642,63,1,0.466,phot,SPT-MCMF,0.38,0.1375858196332284,15.274908086762627,0.4081,0.0454557796150457,0.999,0.994,4.495876412321375,PSZ-MCMF
ComPACT_G307.319-72.992,11.075,-44.075,0.9400246739387512,88,1,,,,0.19,0.1186428444663346,0.1858700006310836,,,,,,
ComPACT_G301.136-86.593,12.98333,-30.53333,0.9303879141807556,34,1,,,,0.12,0.1116638536153738,0.17744281468581,,,,,,
ComPACT_G328.545-88.792,12.26667,-28.21667,0.9962627291679382,37,1,,,,0.16,0.1156518483873514,0.3469931178000502,,,,,,
ComPACT_G276.496+56.183,178.48333,-3.70833,0.9606674909591676,75,1,,,,0.32,0.131603827475262,0.9868208765116028,,,,,,
ComPACT_G219.477+21.978,125.34167,4.39167,0.9787843823432922,27,2,,,,0.27,0.1266188340102899,1.2830409436201498,,,,,,
ComPACT_G46.118-24.034,310.08333,-0.01667,0.9840875267982484,33,1,0.452,spec,ACTDR6,0.45,0.1445648104841893,7.305972178172366,,,,,3.700469471568628,ACTDR6
ComPACT_G348.343-64.820,348.5,-42.725,0.9962252378463744,73,1,0.056,spec,SPT2500D,0.17,0.1166488470803458,0.3443192571194351,,,,,1.4600000381469729,PSZ2
ComPACT_G128.017-55.633,15.75,7.125,0.9778698682785034,44,1,,,,0.66,0.1655017830370719,1.1164465044865124,,,,,,
ComPACT_G197.262-79.992,23.41667,-24.03333,0.9049159288406372,30,2,0.53,phot,zCluster,0.53,0.1525408000281445,3.315481738232908,,,,,5.502844897578544,yplanck
ComPACT_G349.978+63.365,212.2,7.8,0.98605078458786,55,1,0.115,phot,GALWEIGHT,0.14,0.1136578510013626,0.2748383134205108,,,,,0.3388199,GALWEIGHT
ComPACT_G305.487-58.678,10.325,-58.4,0.9938459992408752,24,3,,,,0.62,0.1615137882650942,2.326051897501093,,,,,,
ComPACT_G214.053+23.624,124.575,9.6,0.9932448267936708,54,1,,,,0.16,0.1156518483873514,0.6144315352011849,,,,,,
ComPACT_G189.331-78.188,24.525,-21.925,0.9989816546440125,61,1,0.338,spec,ACTDR5,0.36,0.1355918222472396,7.238544478180495,0.353,0.0436770611598301,1.0,0.987,8.321316089074978,ACTDR6
ComPACT_G194.206-16.065,79.825,8.53333,0.9677717685699464,21,3,,,,,,,,,,,,
ComPACT_G342.783-79.175,4.39167,-35.18333,0.9430280327796936,25,3,0.095,spec,ACTDR6,0.15,0.114654849694357,0.5358925371566214,0.1071,0.0357390054767538,1.0,0.998,1.6789639861943089,PSZ-MCMF
ComPACT_G291.184+73.768,189.53333,11.2,0.9533719420433044,22,3,,,,0.39,0.1385828183262228,2.813014672951549,,,,,,
ComPACT_G273.615-68.427,27.65833,-45.18333,0.9881718754768372,70,1,0.289,phot,ACTDR5,0.27,0.1266188340102899,10.910347964980424,0.3054,0.0421404550170305,0.999,0.997,3.609999895095825,PSZ2
ComPACT_G277.694-60.843,32.68333,-52.225,0.959560215473175,21,3,0.702,phot,MARD-Y3,0.61,0.1605167895720998,1.7076160583111353,0.6986,0.0548335965159552,1.0,0.989,2.964470921587804,ACTDR6
ComPACT_G134.362-44.310,21.425,17.8,0.9526195526123048,21,3,,,,0.52,0.1515438013351501,1.199574231537139,,,,,,
ComPACT_G339.738-65.862,352.575,-45.03333,0.9907808899879456,45,1,0.318,phot,SPT2500D,0.31,0.1306068287822676,15.666259143339197,0.3292,0.0429087580884303,0.999,0.992,2.868468,PSZSPT
ComPACT_G203.769-39.404,63.70833,-10.36667,0.994596302509308,30,2,1.22,phot,ACTDR6,0.14,0.1136578510013626,0.2101967784883707,,,,,4.284135381009435,ACTDR6
ComPACT_G302.202+61.261,192.50833,-1.60833,0.9342427849769592,48,1,0.086,phot,REDMAPPER-DES-SDSS,0.16,0.1156518483873514,0.6070212376539934,,,,,,
ComPACT_G253.597+72.047,178.86667,14.775,0.9869556427001952,53,1,0.219,spec,REDMAPPER-DES-SDSS,0.21,0.1206368418523234,4.744142274302704,0.2333,0.0398129486536722,0.996,0.994,,
ComPACT_G252.531+52.296,164.74167,0.79167,0.979434072971344,38,1,,,,0.22,0.1216338405453179,0.4879654009681053,,,,,,
ComPACT_G156.431-59.763,29.0,-1.15833,0.97934490442276,69,1,,,,0.17,0.1166488470803458,0.1505080897198418,,,,,,
ComPACT_G311.987-57.908,3.63333,-58.56667,0.9529892802238464,21,3,,,,0.17,0.1166488470803458,0.1751649037846387,,,,,,
ComPACT_G204.191-26.051,75.825,-4.51667,0.8169452548027039,21,3,,,,,,,,,,,,
ComPACT_G0.282-36.945,309.55,-41.13333,0.9807464480400084,23,3,,,,0.12,0.1116638536153738,0.2860183419208706,,,,,,
ComPACT_G342.909+66.674,207.76667,8.55,0.918688178062439,32,1,,,,0.62,0.1615137882650942,0.7999919202565635,,,,,,
ComPACT_G232.852+29.650,138.00833,-2.175,0.9858208894729614,26,2,,,,0.15,0.114654849694357,0.2335123826775078,,,,,,
ComPACT_G68.085-67.104,353.825,-12.75,0.9784997701644896,29,2,,,,0.21,0.1206368418523234,0.6742050819452026,,,,,,
ComPACT_G346.167+53.433,216.95,-1.15,0.8959433436393738,21,3,,,,0.17,0.1166488470803458,0.3139190914578487,,,,,,
ComPACT_G348.238-37.104,309.23333,-50.74167,0.9460970163345336,31,1,,,,0.54,0.1535377987211389,0.9240406259903547,,,,,,
ComPACT_G13.522+51.712,229.26667,10.05833,0.9994939565658568,55,1,0.564,spec,NEURALENS,0.6,0.1595197908791054,7.61906138877108,0.6677,0.0538360937888017,1.0,0.998,4.310855408791511,ACTDR6
ComPACT_G103.630-69.353,6.10833,-7.5,0.9889323711395264,37,1,,,,0.56,0.1555317961071278,1.5760689122352405,,,,,,
ComPACT_G238.780-70.478,34.13333,-34.01667,0.9822472929954528,29,2,,,,0.16,0.1156518483873514,0.2623614854372094,,,,,,
ComPACT_G191.159-67.825,34.4,-17.31667,0.9075973033905028,34,1,,,,0.12,0.1116638536153738,0.1411932576907313,,,,,,
ComPACT_G8.518-52.080,329.19167,-35.85833,0.9773255586624146,22,3,,,,,,,,,,,,
ComPACT_G153.174-67.147,24.225,-6.98333,0.9325252175331116,24,3,,,,0.22,0.1216338405453179,0.2905581178705734,,,,,,
ComPACT_G260.336-24.814,96.46667,-51.81667,0.9097145795822144,25,3,,,,0.6900000000000001,0.1684927791160551,1.0437114238827858,,,,,,
ComPACT_G206.812-26.537,76.48333,-6.825,0.9956207871437072,31,1,,,,,,,,,,,,
ComPACT_G33.455+48.243,238.06667,20.21667,0.9139263033866882,26,2,0.135,spec,RASS-MCMF,0.15,0.114654849694357,1.422636764076374,0.1332,0.0365815563239612,0.994,0.991,1.013700008392334,MCXC2
ComPACT_G2.293-18.093,286.74167,-34.94167,0.8664308786392212,27,2,,,,,,,,,,,,
ComPACT_G122.592-66.763,12.725,-3.89167,0.9518495202064514,46,1,,,,0.79,0.1784627660459992,1.2986039816669224,,,,,,
ComPACT_G283.669+63.393,184.35833,1.8,0.9363074898719788,60,1,,,,0.5800000000000001,0.1575257934931166,1.202498820184012,,,,,,
ComPACT_G334.858-48.218,331.89167,-57.49167,0.9590144753456116,31,1,0.597,phot,ACTDR6,0.56,0.1555317961071278,2.346271725611399,,,,,3.187501112611768,ACTDR6
ComPACT_G114.759-42.860,6.50833,19.60833,0.9032415747642516,21,3,,,,0.55,0.1545347974141334,2.0100345689741315,,,,,,
ComPACT_G68.690-52.228,343.025,-2.4,0.9875312447547911,27,2,,,,0.73,0.1724807738880327,0.9131132387824676,,,,,,
ComPACT_G38.899+28.771,258.93333,17.49167,0.967738926410675,27,2,,,,0.32,0.131603827475262,0.6307209100892934,,,,,,
ComPACT_G110.920-71.539,9.03333,-9.025,0.9674709439277648,21,3,,,,0.14,0.1136578510013626,0.20278706080625,,,,,,
ComPACT_G255.335-45.146,64.375,-48.29167,0.9874929189682008,50,1,,,,0.2,0.119639843159329,0.2468923618255083,,,,,,
ComPACT_G233.267-23.356,89.31667,-27.69167,0.9688335061073304,21,3,,,,0.62,0.1615137882650942,2.773484372455234,,,,,,
ComPACT_G272.803+58.604,177.7,-0.675,0.9838966131210328,28,2,0.136,spec,RASS-MCMF,0.13,0.1126608523083682,0.9169042167706736,,,,,1.22011,RASS-MCMF
ComPACT_G350.070-72.441,356.53333,-38.125,0.9601309299468994,25,3,0.53,phot,zCluster,0.53,0.1525408000281445,3.503547134935732,,,,,,
ComPACT_G249.299-44.477,66.00833,-44.10833,0.9941745400428772,44,1,0.38,phot,ACT-MCMF,0.37,0.136588820940234,34.304502089110514,0.3873,0.0447843214686122,1.0,0.99,3.094308,PSZSPT
ComPACT_G349.881-55.728,336.55833,-45.96667,0.9348452687263488,30,2,,,,0.16,0.1156518483873514,0.3076659816376605,,,,,,
ComPACT_G220.830+42.263,144.2,12.48333,0.9997184872627258,76,1,0.334,spec,ACTDR5,0.35,0.1345948235542452,16.294612358530657,0.3241,0.0427441217159875,1.0,0.982,5.75,PSZ2
ComPACT_G346.833+52.212,218.01667,-1.86667,0.9844106435775756,23,3,,,,0.18,0.1176458457733402,0.3520833499986535,,,,,,
ComPACT_G179.608-83.455,18.81667,-23.40833,0.9256333708763124,25,3,0.277,phot,RASS-MCMF,0.16,0.1156518483873514,0.4361625596466725,0.2775,0.0412397972148433,0.987,0.959,2.29146,RASS-MCMF
ComPACT_G102.205-61.514,3.14167,-0.21667,0.9412644505500792,21,3,0.405,spec,REDMAPPER-DES-SDSS,0.39,0.1385828183262228,4.359488717303522,,,,,,
ComPACT_G229.693-19.980,91.51667,-23.39167,0.8824925422668457,21,3,,,,,,,,,,,,
ComPACT_G89.286-42.525,348.0,13.75833,0.941169798374176,22,3,0.55,phot,zCluster,0.55,0.1545347974141334,5.607400759262185,,,,,,
ComPACT_G230.296-35.488,75.28333,-28.75,0.9847608208656312,40,1,,,,0.81,0.180456763431988,1.8060609409810688,,,,,,
ComPACT_G202.795-68.511,35.66667,-21.525,0.976721167564392,24,3,,,,0.61,0.1605167895720998,0.8925843255854147,,,,,,
ComPACT_G179.482-23.511,65.43333,15.54167,0.9798250794410706,41,1,,,,,,,,,,,,
ComPACT_G113.486-64.120,8.75,-1.55,0.9653186798095704,39,1,,,,0.15,0.114654849694357,0.3699914382785931,,,,,,
ComPACT_G153.815-53.916,30.51667,4.66667,0.9983310103416444,64,1,0.453,spec,ACTDR5,0.45,0.1445648104841893,22.96768176717412,0.4595,0.047115055996136,0.999,0.983,6.1579730766266,PSZ-MCMF
ComPACT_G320.277-78.001,8.31667,-38.50833,0.9601517915725708,34,1,,,,0.46,0.1455618091771837,1.1802447283298023,,,,,,
ComPACT_G353.518-66.882,349.575,-39.88333,0.9619863033294678,22,3,,,,0.61,0.1605167895720998,1.0281731987953897,,,,,,
ComPACT_G28.783-36.158,314.61667,-18.725,0.9867779016494752,29,2,,,,,,,,,,,,
ComPACT_G44.136-26.998,311.78333,-3.03333,0.9864193797111512,27,2,1.19,phot,zCluster,1.19,0.2183427137657755,3.425749511105849,,,,,,
ComPACT_G274.575+54.227,176.675,-5.04167,0.9908387064933776,27,2,,,,0.52,0.1515438013351501,1.1365339267270311,,,,,,
ComPACT_G339.174-16.953,273.59167,-55.04167,0.9763609170913696,24,3,,,,,,,,,,,,
ComPACT_G205.458+37.270,134.79167,21.60833,0.984863817691803,22,3,0.444,spec,REDMAPPER-DES-SDSS,0.16,0.1156518483873514,0.419706792501388,,,,,,
ComPACT_G246.980-32.174,82.675,-41.65,0.9982423782348632,52,1,0.775,phot,SPT2500D,0.77,0.1764687686600104,2.53422288801994,0.7863,0.0576646964891386,1.0,0.988,3.762006,PSZSPT
ComPACT_G281.475-61.614,29.51667,-52.65,0.9676189422607422,24,3,,,,0.18,0.1176458457733402,0.1809652469159111,,,,,,
ComPACT_G225.870-45.985,62.81667,-27.8,0.927626371383667,23,3,0.328,phot,RASS-MCMF,0.33,0.1326008261682564,2.2843074528971945,,,,,3.13839,RASS-MCMF
ComPACT_G234.897+46.772,153.16667,5.98333,0.9743928909301758,24,3,0.408,spec,ACTDR6,0.41,0.1405768157122116,6.164557189067115,0.4145,0.0456623821216405,0.995,0.99,3.2340816118081657,ACTDR6
ComPACT_G22.346+49.842,233.66667,14.06667,0.970613658428192,31,1,0.875,phot,ACTDR6,0.75,0.1744747712740215,1.3625723417512452,,,,,2.310129700083158,ACTDR6
ComPACT_G76.337-34.724,334.86667,14.05833,0.92118638753891,21,3,,,,,,,,,,,,
ComPACT_G222.779+35.880,139.08333,8.275,0.9518230557441713,23,3,,,,0.93,0.1924207477479209,1.744995683448184,,,,,,
ComPACT_G214.514+37.013,137.225,14.76667,0.9986554384231568,48,1,0.453,spec,ACT-MCMF,0.45,0.1445648104841893,4.293717915864856,0.4568,0.0470278955636663,1.0,0.99,5.577950391413079,ACTDR6
ComPACT_G311.435-74.297,9.74167,-42.625,0.9384973049163818,24,3,,,,0.62,0.1615137882650942,2.246355491645016,,,,,,
ComPACT_G312.583+63.053,197.21667,0.50833,0.9574517011642456,53,1,,,,0.53,0.1525408000281445,2.886868907568808,,,,,,
ComPACT_G247.787-25.146,92.01667,-40.85833,0.9418787956237792,21,3,0.345,phot,MARD-Y3,0.34,0.1335978248612508,11.518841756939606,0.341,0.0432896814599646,0.999,0.995,2.7979,RASS-MCMF
ComPACT_G226.240-35.735,74.04167,-25.63333,0.9430572390556335,21,3,,,,0.53,0.1525408000281445,2.591249649698788,,,,,,
ComPACT_G353.799-39.224,312.35,-46.34167,0.9386740326881408,36,1,1.332,phot,ACT-MCMF,0.24,0.1236278379313067,3.9005161402525648,,,,,3.9651518701716433,ACTDR6
ComPACT_G7.581-77.256,359.275,-31.925,0.9542614221572876,21,3,,,,,,,,,,,,
ComPACT_G112.464-60.715,7.75833,1.74167,0.9943596720695496,31,1,0.911,spec,Wen&Han,0.8300000000000001,0.1824507608179768,1.3841342401386885,,,,,3.109999895095825,Wen&Han
ComPACT_G243.141+42.812,153.50833,-1.06667,0.963901937007904,31,1,,,,0.6,0.1595197908791054,0.9644888201335904,,,,,,
ComPACT_G34.025-54.917,334.775,-21.30833,0.9803296327590942,21,3,,,,,,,,,,,,
ComPACT_G222.527+65.343,166.78333,20.64167,0.94146990776062,27,2,,,,0.56,0.1555317961071278,0.6839785597511021,,,,,,
ComPACT_G308.852+77.059,194.225,14.25,0.8651995658874512,26,2,,,,0.19,0.1186428444663346,0.7748809803665622,,,,,,
ComPACT_G220.008+18.107,122.14167,2.15,0.9736562967300416,22,3,,,,0.2,0.119639843159329,0.2890959212867146,,,,,,
ComPACT_G337.160-33.308,303.13333,-59.925,0.9522056579589844,27,2,0.3981,phot,zaznobin,1.46,0.2452616784766246,7.68012593513359,0.3981,0.0451329631984911,0.997,1.0,4.550464672152656,yplanck
ComPACT_G244.363-75.424,27.85833,-33.925,0.9669576287269592,35,1,0.289,phot,PSZ-MCMF,0.19,0.1186428444663346,0.272948626551331,,,,,3.708653526103368,PSZ-MCMF
ComPACT_G74.359-46.527,341.70833,4.25833,0.9963018894195556,32,1,0.526,phot,ACTDR6,0.51,0.1505468026421557,2.2679845526130302,,,,,3.347745810705731,ACTDR6
ComPACT_G179.732-26.441,63.25833,13.49167,0.9887368083000184,25,3,,,,,,,,,,,,
ComPACT_G235.651+39.301,147.3,1.30833,0.8789929747581482,30,2,,,,0.75,0.1744747712740215,1.1111624582506008,,,,,,
ComPACT_G348.894+56.287,216.39167,2.05833,0.9856157302856444,29,2,,,,0.52,0.1515438013351501,0.9489977016111092,,,,,,
ComPACT_G77.949-38.056,338.11667,12.39167,0.9313917756080629,24,3,,,,0.17,0.1166488470803458,0.2709906154353536,,,,,,
ComPACT_G299.734+74.100,191.96667,11.25,0.8651832938194275,38,1,,,,0.17,0.1166488470803458,1.1360986455292426,,,,,,
ComPACT_G82.246-41.890,343.18333,11.41667,0.8450809121131897,30,2,,,,0.17,0.1166488470803458,0.2645008390142203,,,,,,
ComPACT_G214.401+52.135,152.01667,20.24167,0.9294549822807312,34,1,,,,0.25,0.1246248366243011,0.5687038588490703,,,,,,
ComPACT_G347.845-70.311,354.79167,-39.91667,0.9144253730773926,21,3,,,,0.63,0.1625107869580886,1.1907523486496534,,,,,,
ComPACT_G222.686+55.215,156.9,16.76667,0.9837127923965454,29,2,0.37,spec,REDMAPPER-DES-SDSS,0.38,0.1375858196332284,2.357998918377488,0.3761,0.0444227670820711,0.997,0.98,5.3235884499623385,yact
ComPACT_G252.720-45.539,64.18333,-46.41667,0.9808361530303956,27,2,1.15,phot,ACTDR6,1.0,0.1993997385988818,1.650096692629007,,,,,2.927835381106802,ACTDR6
ComPACT_G9.029-75.585,357.275,-32.1,0.9871888756752014,25,3,0.71,phot,ACTDR6,,,,,,,,3.5209079043299205,ACTDR6
ComPACT_G49.695-78.661,1.025,-23.36667,0.9822984933853148,25,3,,,,,,,,,,,,
ComPACT_G128.713-69.539,14.89167,-6.75833,0.9875410199165344,38,1,,,,0.62,0.1615137882650942,1.6830939853163969,,,,,,
ComPACT_G264.879-43.407,64.79167,-55.33333,0.9849451184272766,26,2,,,,0.56,0.1555317961071278,1.2964916104593676,,,,,,
ComPACT_G90.383-48.186,351.55,9.225,0.9702504873275756,26,2,0.472,phot,REDMAPPER-DES-SDSS,0.33,0.1326008261682564,1.357057785992962,,,,,,
ComPACT_G218.008-75.027,29.71667,-27.44167,0.97162127494812,24,3,,,,0.17,0.1166488470803458,0.506544400156222,,,,,,
ComPACT_G165.749-59.286,33.20833,-3.35833,0.9022998809814452,21,3,0.47,phot,MaDCoWS_II,0.21,0.1206368418523234,0.2431154920202805,,,,,,
ComPACT_G194.568-84.492,18.64167,-25.275,0.8203158974647522,21,3,0.787,phot,NEURALENS,0.67,0.1664987817300663,4.4387528519663295,0.7753,0.0573095984309286,1.0,0.991,,
ComPACT_G65.520-17.376,314.74167,18.74167,0.9862505197525024,36,1,,,,,,,,,,,,
ComPACT_G347.230+61.175,212.625,5.3,0.9983945488929749,60,1,0.542,spec,ACTDR5,0.51,0.1505468026421557,9.260970794855872,0.5428,0.0498041167460354,1.0,0.984,4.284135381009435,ACTDR6
ComPACT_G357.601+60.714,216.65,8.39167,0.9760345220565796,23,3,0.61,phot,zCluster,0.61,0.1605167895720998,3.746242909944028,,,,,,
ComPACT_G351.394-80.521,4.39167,-33.15833,0.9982932209968568,44,1,0.998,phot,ACTDR6,0.87,0.1864387555899544,4.327985986037152,0.7246,0.055672919198997,0.999,0.945,4.093183418410047,ACTDR6
ComPACT_G14.661-76.450,357.88333,-30.575,0.9051094651222228,36,1,,,,,,,,,,,,
ComPACT_G222.792+24.748,129.225,3.00833,0.9906722903251648,41,1,0.192,spec,ACTDR6,0.2,0.119639843159329,2.421969881839995,0.1944,0.038557192793275,1.0,0.972,3.3224017374372963,ACTDR6
ComPACT_G350.972-42.703,317.64167,-48.29167,0.8989251852035522,23,3,,,,0.56,0.1555317961071278,0.7402294822110411,,,,,,
ComPACT_G28.260-51.828,330.55,-23.78333,0.9340359568595886,21,3,,,,,,,,,,,,
ComPACT_G204.218+17.785,115.20833,15.525,0.9728769063949584,26,2,,,,0.17,0.1166488470803458,0.5649098679718303,,,,,,
ComPACT_G251.636+59.501,169.375,6.34167,0.9950656294822692,34,1,,,,0.13,0.1126608523083682,0.3161140375250262,,,,,,
ComPACT_G267.714+61.539,176.88333,3.11667,0.9756025075912476,26,2,,,,0.2,0.119639843159329,0.2814543216906813,,,,,,
ComPACT_G173.260-58.110,36.95,-4.99167,0.9770402908325196,28,2,,,,0.18,0.1176458457733402,0.2709146353101865,,,,,,
ComPACT_G81.150-53.583,349.55,1.55,0.9417266249656676,29,2,,,,0.54,0.1535377987211389,1.5890599029119623,,,,,,
ComPACT_G6.469+50.544,227.73333,5.74167,0.9997428059577942,89,1,0.077,spec,ACTDR6,,,,0.0789,0.03482866318207,0.999,0.937,7.039999961853027,PSZ2
ComPACT_G220.902+41.506,143.525,12.10833,0.8706743717193604,22,3,,,,0.19,0.1186428444663346,0.4338935850305743,,,,,,
ComPACT_G181.555-22.149,67.775,14.90833,0.8289996981620789,22,3,,,,,,,,,,,,
ComPACT_G23.502-17.501,294.65,-16.03333,0.9282289147377014,21,3,,,,,,,,,,,,
ComPACT_G267.442-66.342,32.13333,-45.10833,0.9958564639091492,37,1,1.166,phot,ACT-MCMF,0.6900000000000001,0.1684927791160551,1.20538707035861,,,,,2.196515000045739,ACTDR6
ComPACT_G234.085+52.726,157.9,9.69167,0.9929445385932922,26,2,0.347,spec,ACT-MCMF,0.35,0.1345948235542452,8.025432993660429,0.3475,0.0434995121307251,0.991,0.974,1.99607,ACT-MCMF
ComPACT_G9.849+44.256,234.19167,3.91667,0.998729169368744,47,1,0.809,spec,ACTDR6,0.77,0.1764687686600104,16.162567188699757,0.797,0.058010110054852,1.0,0.933,4.641588833612772,ACTDR6
ComPACT_G66.844-54.122,343.65833,-4.5,0.97589510679245,21,3,,,,0.51,0.1505468026421557,0.7215304057332723,,,,,,
ComPACT_G357.701+75.006,205.69167,17.91667,0.9866062998771667,40,1,,,,0.73,0.1724807738880327,1.235171876446639,,,,,,
ComPACT_G256.623+51.878,166.34167,-1.19167,0.9875182509422302,27,2,,,,0.22,0.1216338405453179,0.4247917264402041,,,,,,
ComPACT_G205.725-21.517,80.5,-3.63333,0.8812199831008911,59,1,,,,,,,,,,,,
ComPACT_G239.070+50.798,158.06667,6.05833,0.970358669757843,25,3,,,,0.16,0.1156518483873514,0.19233823786838,,,,,,
ComPACT_G147.660-66.250,22.6,-5.26667,0.9574751257896424,27,2,0.92,phot,MaDCoWS_II,0.95,0.1944147451339097,2.865375982046279,,,,,,
ComPACT_G111.042-54.904,6.0,7.33333,0.9323462247848512,26,2,0.251,spec,REDMAPPER-DES-SDSS,0.24,0.1236278379313067,1.3320960530235069,,,,,3.2655128354359806,ACTDR6
ComPACT_G249.167-24.134,93.75833,-41.8,0.856617271900177,23,3,0.2222,phot,zaznobin,0.21,0.1206368418523234,1.293914530430745,0.2222,0.0394546224312966,0.986,0.965,,
ComPACT_G12.266-69.984,350.56667,-32.40833,0.9579494595527648,32,1,,,,,,,,,,,,
ComPACT_G346.816-57.894,340.4,-46.65,0.9456620812416076,61,1,,,,0.16,0.1156518483873514,0.3741514498798373,,,,,,
ComPACT_G329.820+54.825,208.01667,-4.85,0.9455001950263976,27,2,,,,0.61,0.1605167895720998,0.8462704870265048,,,,,,
ComPACT_G216.040+40.235,140.775,14.93333,0.9553239345550536,31,1,,,,0.48,0.1475558065631725,0.6421775741001969,,,,,,
ComPACT_G202.182-47.791,55.51667,-13.075,0.9797829985618592,39,1,,,,0.77,0.1764687686600104,1.0666066474450009,,,,,,
ComPACT_G11.854+59.632,221.86667,13.39167,0.8935643434524536,24,3,0.193,spec,REDMAPPER-DES-SDSS,0.16,0.1156518483873514,2.041976031247712,0.192,0.0384797168533019,0.988,0.99,2.203935629812096,yplanck
ComPACT_G354.878+51.178,222.44167,0.65,0.867731511592865,21,3,,,,0.73,0.1724807738880327,1.27199411363832,,,,,,
ComPACT_G328.075-66.579,358.35,-47.61667,0.9979113936424256,52,1,0.819,phot,ACTDR5,0.81,0.180456763431988,12.263779328655453,,,,,3.718407956863623,ACTDR6
ComPACT_G168.722-28.096,54.96667,19.43333,0.8709221482276917,21,3,,,,,,,,,,,,
ComPACT_G62.845-16.039,312.0,17.49167,0.9709914922714232,25,3,,,,,,,,,,,,
ComPACT_G268.793-51.109,50.56667,-54.825,0.9590545892715454,25,3,,,,0.77,0.1764687686600104,1.3240263691226133,,,,,,
ComPACT_G176.645-21.321,65.41667,18.95833,0.9003467559814453,22,3,,,,,,,,,,,,
ComPACT_G80.658-64.146,355.66667,-7.075,0.9421845078468324,32,1,,,,0.64,0.1635077856510831,1.9410937975472509,,,,,,
ComPACT_G235.535-17.403,96.45,-27.56667,0.9956027269363404,41,1,,,,,,,,,,,,
ComPACT_G208.664-16.242,86.475,-3.66667,0.9804020524024964,34,1,,,,,,,,,,,,
ComPACT_G335.866-41.373,319.28333,-59.53333,0.9531010985374452,27,2,0.058,spec,RASS-MCMF,0.18,0.1176458457733402,0.2463713630770296,,,,,2.1199918845062444,PSZ-MCMF
ComPACT_G14.126-44.616,320.54167,-31.63333,0.9664425253868104,22,3,,,,,,,,,,,,
ComPACT_G347.186+73.913,204.41667,15.15833,0.8670439124107361,27,2,,,,0.22,0.1216338405453179,0.67826689915253,,,,,,
ComPACT_G331.629+66.027,204.16667,5.70833,0.9816272854804992,40,1,,,,0.19,0.1186428444663346,0.5947583108819663,,,,,,
ComPACT_G338.853-45.034,324.50833,-56.3,0.988195538520813,27,2,,,,0.6900000000000001,0.1684927791160551,0.9717793841323588,,,,,,
ComPACT_G322.292-58.493,354.88333,-55.85,0.9357876181602478,21,3,0.384,spec,XXL365,0.38,0.1375858196332284,6.38242287442498,0.3835,0.0446616512303215,0.991,0.978,2.432509010977775,SPTDEEP
ComPACT_G41.050-74.310,355.83333,-23.89167,0.979066014289856,28,2,,,,,,,,,,,,
ComPACT_G110.176-69.129,8.31667,-6.70833,0.9901174902915956,25,3,,,,0.16,0.1156518483873514,0.3032382577188037,,,,,,
ComPACT_G65.479-51.128,340.86667,-3.125,0.9240955114364624,25,3,,,,0.6,0.1595197908791054,0.7696255930834,,,,,,
ComPACT_G337.835-22.279,281.925,-58.025,0.9740996360778807,23,3,,,,,,,,,,,,
ComPACT_G323.138-63.963,358.94167,-50.925,0.9978349804878236,41,1,0.32,spec,SPTDEEP,0.32,0.131603827475262,11.135199570905392,0.3327,0.0430217438342244,0.997,0.997,4.570000171661377,PSZ2
ComPACT_G227.291-34.898,75.2,-26.225,0.9863069653511048,25,3,,,,0.15,0.114654849694357,0.1501089048942845,,,,,,
ComPACT_G305.012+76.280,193.36667,13.41667,0.8602862358093262,23,3,0.73,phot,zCluster,0.73,0.1724807738880327,5.11510971193793,,,,,,
ComPACT_G342.926-58.541,342.68333,-48.14167,0.9994613528251648,39,1,0.98,phot,SPT2500D,0.63,0.1625107869580886,1.2791979961219209,,,,,2.866618,PSZSPT
ComPACT_G248.098-20.003,98.56667,-39.61667,0.9606781601905824,26,2,,,,,,,,,,,,
ComPACT_G219.716-34.668,73.36667,-20.23333,0.9003419876098633,24,3,,,,0.52,0.1515438013351501,1.4206067422292277,,,,,,
ComPACT_G348.163+52.534,218.45,-1.10833,0.9796594381332396,27,2,,,,0.14,0.1136578510013626,0.1965912364765409,,,,,,
ComPACT_G139.868-64.261,20.13333,-2.35,0.9503589272499084,25,3,0.217,spec,REDMAPPER-DES-SDSS,0.16,0.1156518483873514,0.6649143420004615,,,,,2.5163396582926643,yplanck
ComPACT_G25.513-72.311,352.90833,-27.99167,0.9889544248580932,33,1,,,,,,,,,,,,
ComPACT_G246.019+72.763,177.81667,16.95,0.9802651405334472,28,2,1.03,phot,MaDCoWS,0.15,0.114654849694357,0.3973832504989865,,,,,,
ComPACT_G176.367-37.631,52.84167,8.13333,0.9709773063659668,23,3,,,,,,,,,,,,
ComPACT_G181.768-68.648,31.66667,-14.89167,0.9984638690948486,95,1,0.153,spec,PSZ1,0.28,0.1276158327032843,7.96978493531269,0.3001,0.0419693623162565,1.0,0.995,5.880000114440918,PSZ2
ComPACT_G27.807-48.347,326.8,-23.175,0.9931172132492064,28,2,,,,,,,,,,,,
ComPACT_G245.043-30.817,84.05,-39.78333,0.9836300015449524,48,1,0.264,phot,RASS-MCMF,0.26,0.1256218353172955,17.009227003832752,0.2852,0.0414883658555903,0.999,0.993,3.926447109779225,PSZ-MCMF
ComPACT_G35.074-23.951,305.28333,-8.9,0.8616638779640198,23,3,,,,,,,,,,,,
ComPACT_G10.049+35.872,241.15833,-0.75833,0.9918190240859984,45,1,0.496,phot,ACTDR5,0.48,0.1475558065631725,6.358809831322621,0.4938,0.0482223163049181,1.0,0.993,4.935933920036521,ACTDR6
ComPACT_G233.826+61.027,165.03333,14.19167,0.9949532151222228,67,1,,,,0.18,0.1176458457733402,0.2829448718521155,,,,,,
ComPACT_G122.344-58.320,12.55,4.55,0.9916364550590516,35,1,1.19,phot,MaDCoWS_II,1.2,0.21933971245877,4.071663396417892,,,,,7.026040511119861,yact
ComPACT_G165.537-51.639,37.73333,2.80833,0.9939886331558228,49,1,0.248,spec,ACT-MCMF,0.22,0.1216338405453179,9.802708774792144,0.2441,0.0401615903835511,0.999,0.994,4.397561477725763,PSZ-MCMF
ComPACT_G215.670-47.438,59.375,-21.38333,0.9589146971702576,42,1,,,,0.76,0.175471769967016,1.0067468984250474,,,,,,
ComPACT_G227.455-32.225,78.09167,-25.59167,0.9727250933647156,30,2,,,,0.5700000000000001,0.1565287948001222,0.7061478333054834,,,,,,
ComPACT_G228.802+22.554,130.05833,-2.85833,0.946724534034729,32,1,0.99,phot,MaDCoWS_II,0.62,0.1615137882650942,2.3843891891374214,,,,,4.134772849590633,yact
ComPACT_G273.663+64.869,180.83333,4.76667,0.9707924723625184,22,3,0.165,spec,REDMAPPER-DES-SDSS,0.16,0.1156518483873514,0.338467098945328,0.1691,0.037740467259392,0.995,0.964,2.594097015421135,yact
ComPACT_G248.598-44.935,65.41667,-43.58333,0.9912741780281068,26,2,,,,0.54,0.1535377987211389,0.5926638356596625,,,,,,
ComPACT_G4.276+65.405,214.94167,13.70833,0.983235239982605,34,1,0.641,spec,ACTDR6,0.64,0.1635077856510831,1.509911874489363,0.6757,0.0540943469220453,0.99,0.985,2.8031398436381147,ACTDR6
ComPACT_G103.238-57.401,2.375,3.85833,0.935436487197876,37,1,,,,0.16,0.1156518483873514,0.3295374849086507,,,,,,
ComPACT_G145.785-71.395,20.08333,-9.81667,0.9625205397605896,23,3,,,,1.03,0.202390734677865,1.365102222520247,,,,,,
ComPACT_G130.267-51.759,17.475,10.85,0.9789503812789916,32,1,,,,0.5700000000000001,0.1565287948001222,0.9130359534678184,,,,,,
ComPACT_G358.919+43.277,230.03333,-2.85833,0.9562599658966064,21,3,,,,0.5,0.1495498039491613,1.545115200458333,,,,,,
ComPACT_G170.130-32.807,52.56667,15.14167,0.905835747718811,26,2,,,,,,,,,,,,
ComPACT_G7.650+43.128,234.18333,1.96667,0.9433060884475708,22,3,,,,0.5,0.1495498039491613,1.013308629012172,,,,,,
ComPACT_G254.696-34.400,80.575,-48.30833,0.9259655475616456,23,3,0.296,spec,ACTDR5,0.27,0.1266188340102899,3.102971040163484,0.3148,0.0424439024485917,0.998,0.992,3.7200000286102295,PSZ2
ComPACT_G171.703-61.614,33.975,-7.025,0.9711921215057372,27,2,0.42,phot,MaDCoWS_II,1.0,0.1993997385988818,2.799121499786993,,,,,4.156227953097269,yplanck
ComPACT_G163.463-69.925,26.00833,-11.30833,0.961894154548645,35,1,,,,0.5700000000000001,0.1565287948001222,2.66453550806942,,,,,,
ComPACT_G209.730-29.339,75.09167,-10.375,0.8789094686508179,23,3,,,,,,,,,,,,
ComPACT_G222.994-29.087,79.98333,-20.95,0.9383199214935304,30,2,0.304,phot,PSZ-MCMF,0.3,0.1296098300892731,7.3670569694575025,0.3056,0.0421469113453615,0.996,0.97,4.963290094117137,PSZ-MCMF
ComPACT_G207.647-23.066,79.94167,-5.925,0.9218157529830932,62,1,,,,,,,,,,,,
ComPACT_G35.939+37.463,249.475,18.325,0.9845048189163208,38,1,0.377,spec,ACT-MCMF,0.41,0.1405768157122116,7.174572732403863,0.3902,0.044877938229413,0.999,0.997,3.3431234604531146,ACTDR6
ComPACT_G134.668-59.641,18.76667,2.69167,0.969509482383728,46,1,0.53,phot,MaDCoWS_II,0.77,0.1764687686600104,1.439943824216932,,,,,5.374222313222169,yact
ComPACT_G186.207-56.582,42.75,-9.21667,0.9649459719657898,22,3,,,,0.49,0.1485528052561669,2.9595706020728296,,,,,,
ComPACT_G223.021-54.388,53.11667,-27.48333,0.9742635488510132,24,3,0.1479,phot,zaznobin,0.15,0.114654849694357,0.7675046935973007,0.1479,0.0370560964562963,0.993,0.971,,
ComPACT_G262.379+63.648,175.98333,6.225,0.9092219471931458,28,2,,,,0.16,0.1156518483873514,0.5306505197439431,,,,,,
ComPACT_G137.507-51.524,22.01667,10.30833,0.978383481502533,28,2,,,,0.33,0.1326008261682564,1.143416244809095,,,,,,
ComPACT_G304.223-76.383,12.45833,-40.74167,0.9876898527145386,22,3,0.223,phot,RASS-MCMF,0.2,0.119639843159329,0.9546900773181428,,,,,2.07608,RASS-MCMF
ComPACT_G221.247+36.964,139.49167,9.86667,0.8840479254722595,27,2,0.188,spec,ACTDR6,0.19,0.1186428444663346,4.606145951141436,0.1932,0.0385184548232884,0.994,0.931,3.016115335265768,ACTDR6
ComPACT_G259.776-60.579,41.63333,-45.73333,0.9799063801765442,35,1,0.62,phot,ACTDR6,0.5800000000000001,0.1575257934931166,4.5817134833597,0.639,0.0529096106732901,0.999,0.988,5.774577217590887,PSZ-MCMF
ComPACT_G228.233-40.766,69.00833,-28.4,0.9641249179840088,25,3,,,,0.26,0.1256218353172955,1.6096265412865258,,,,,,
ComPACT_G318.764+58.543,201.05833,-3.31667,0.9810225367546082,49,1,0.24,spec,ACT-MCMF,0.23,0.1226308392383123,7.587545355688931,0.2415,0.0400776581152469,0.999,0.988,4.619999885559082,PSZ2
ComPACT_G209.577+32.921,131.69167,16.95,0.8106196522712708,29,2,,,,0.24,0.1236278379313067,0.6188744931162644,,,,,,
ComPACT_G28.680+50.194,235.00833,17.94167,0.9976285099983216,59,1,0.386,spec,ACTDR5,0.39,0.1385828183262228,11.846695820509977,0.0919,0.0352483245235909,0.995,0.926,3.25,PSZ2
ComPACT_G306.913+63.926,194.60833,1.10833,0.9900810122489928,33,1,0.88,phot,zCluster,0.88,0.1874357542829488,8.976695989966274,,,,,,
ComPACT_G250.025-31.119,84.65833,-44.04167,0.8526138067245483,25,3,,,,0.17,0.1166488470803458,0.4370109944316609,,,,,,
ComPACT_G219.137+40.121,141.65833,12.725,0.9560303688049316,28,2,0.492,spec,ACTDR5,0.5,0.1495498039491613,5.026497633062181,0.4837,0.047896271724198,0.998,0.987,4.1702492814449466,ACTDR6
ComPACT_G212.234+39.121,138.55,17.225,0.9006182551383972,27,2,,,,0.64,0.1635077856510831,0.901755469115152,,,,,,
ComPACT_G19.908+60.674,222.86667,17.41667,0.8615395426750183,44,1,,,,0.38,0.1375858196332284,2.167970867762446,,,,,,
ComPACT_G55.811-52.083,337.94167,-8.45833,0.983824610710144,25,3,0.082,phot,GALWEIGHT,0.56,0.1555317961071278,1.423845913049646,,,,,0.83433147,GALWEIGHT
ComPACT_G346.220+61.566,212.0,5.30833,0.8283190131187439,44,1,1.002,phot,ACTDR6,0.48,0.1475558065631725,1.9527592430983465,,,,,2.219395103073475,ACTDR6
ComPACT_G351.379+49.602,221.89167,-2.025,0.9241192936897278,23,3,0.51,phot,MaDCoWS_II,0.21,0.1206368418523234,0.3972311961906796,,,,,5.146672247914016,yact
ComPACT_G351.347+72.444,206.35833,14.86667,0.9854373335838318,30,2,,,,0.68,0.1674957804230607,1.151709972437022,,,,,,
ComPACT_G125.435-64.176,13.95,-1.325,0.9699035882949828,34,1,0.032,phot,MARD-Y3,0.55,0.1545347974141334,0.6032728230545674,,,,,1.417395924585763,yact
ComPACT_G317.740+75.469,196.63333,13.03333,0.94535493850708,35,1,0.27,phot,zCluster,0.27,0.1266188340102899,3.880546357108472,,,,,3.160694429229595,yact
ComPACT_G79.765-66.403,356.75833,-9.09167,0.9838392734527588,26,2,,,,0.19,0.1186428444663346,0.3027592734711108,,,,,,
ComPACT_G354.466-62.874,344.55,-41.16667,0.967067003250122,27,2,,,,0.15,0.114654849694357,0.2165899684692693,,,,,,
ComPACT_G171.389-41.940,47.04167,7.71667,0.9717355370521544,27,2,,,,,,,,,,,,
ComPACT_G19.180-46.048,322.85,-28.36667,0.970326006412506,21,3,,,,,,,,,,,,
ComPACT_G223.111+51.265,153.26667,14.90833,0.9808937311172484,84,1,,,,0.5,0.1495498039491613,0.8484481270608999,,,,,,
ComPACT_G325.151-67.133,0.23333,-47.75833,0.9477612376213074,50,1,,,,0.22,0.1216338405453179,0.4545772375936032,,,,,,
ComPACT_G193.415-46.887,53.375,-7.45,0.9452219009399414,31,1,,,,0.53,0.1525408000281445,1.368267484403125,,,,,,
ComPACT_G248.476+69.483,175.75,14.225,0.9655132293701172,30,2,,,,0.62,0.1615137882650942,1.292146875726111,,,,,,
ComPACT_G68.533-28.417,325.43333,13.80833,0.9678358435630798,23,3,,,,0.52,0.1515438013351501,0.7077738280941592,,,,,,
ComPACT_G341.411-37.258,310.075,-56.15833,0.989462673664093,23,3,,,,0.73,0.1724807738880327,0.7357000302067758,,,,,,
ComPACT_G261.149+57.784,172.04167,1.83333,0.8531392812728882,31,1,,,,0.14,0.1136578510013626,0.1704270960879574,,,,,,
ComPACT_G83.203-61.438,355.01667,-4.2,0.9861682057380676,27,2,,,,0.15,0.114654849694357,0.2156678705296602,,,,,,
ComPACT_G174.264-53.766,40.36667,-2.24167,0.937201738357544,24,3,,,,0.51,0.1505468026421557,0.6869127095740908,,,,,,
ComPACT_G231.095+52.789,156.99167,11.26667,0.9057218432426452,45,1,,,,0.21,0.1206368418523234,0.6947486293487437,,,,,,
ComPACT_G355.928+45.659,226.83333,-2.76667,0.90685772895813,21,3,,,,0.19,0.1186428444663346,0.5875450782150315,,,,,,
ComPACT_G121.610-56.889,12.13333,5.975,0.9751662015914916,28,2,,,,0.38,0.1375858196332284,1.478939043088984,,,,,,
ComPACT_G25.489+43.097,240.89167,13.14167,0.8956685066223145,26,2,,,,0.29,0.1286128313962787,0.4065485033169493,,,,,,
ComPACT_G232.443+50.387,155.34167,9.30833,0.9403073787689208,30,2,,,,0.62,0.1615137882650942,0.8772308958428852,,,,,,
ComPACT_G210.307+38.243,137.125,18.31667,0.8350812196731567,25,3,0.607,phot,CODEX,0.49,0.1485528052561669,3.319403937252736,,,,,3.657207269914056,yact
ComPACT_G15.888+36.878,242.89167,3.725,0.975179135799408,31,1,,,,0.32,0.131603827475262,0.8301294771900076,,,,,,
ComPACT_G258.840-55.993,47.91667,-47.35,0.9899746775627136,32,1,0.321,phot,MARD-Y3,0.34,0.1335978248612508,7.336028138723021,,,,,5.100713818528177,yplanck
ComPACT_G310.563+70.142,195.46667,7.425,0.9879388809204102,40,1,,,,0.16,0.1156518483873514,0.2616622297001909,,,,,,
ComPACT_G349.810-76.329,0.55833,-35.93333,0.9785787463188172,29,2,0.736,phot,zaznobin,0.72,0.1714837751950383,5.095519041305831,0.736,0.0560409299138692,0.997,0.996,2.6920869993383536,yact
ComPACT_G234.142+42.076,148.95,3.81667,0.9734242558479308,38,1,,,,0.62,0.1615137882650942,1.1933101540694464,,,,,,
ComPACT_G341.162+51.183,215.76667,-4.75833,0.9075719714164734,23,3,,,,0.6900000000000001,0.1684927791160551,2.754346654360936,,,,,,
ComPACT_G119.240-71.354,11.66667,-8.51667,0.8510183691978455,26,2,,,,0.23,0.1226308392383123,1.651573878269315,,,,,,
ComPACT_G251.914-49.014,59.36667,-45.35,0.9955573678016664,39,1,0.92,phot,SPT2500D,0.94,0.1934177464409153,9.575478794002183,,,,,2.931883535706407,ACTDR6
ComPACT_G131.175-75.579,14.95833,-12.84167,0.9595922827720642,31,1,,,,0.18,0.1176458457733402,0.6027540431182306,,,,,,
